state,year,month,period,indicator,data_value,percent_complete,percent_pending_investigation,state_name,footnote,footnote_symbol,predicted_value
AK,2015,April,12 month-ending,Number of Drug Overdose Deaths,126,100,0,Alaska,Numbers may differ from published reports using final data. See Technical Notes.,**,126
AK,2015,August,12 month-ending,Number of Drug Overdose Deaths,124,100,0,Alaska,Numbers may differ from published reports using final data. See Technical Notes.,**,124
AK,2015,December,12 month-ending,Number of Drug Overdose Deaths,121,100,0,Alaska,Numbers may differ from published reports using final data. See Technical Notes.,**,121
AK,2015,February,12 month-ending,Number of Drug Overdose Deaths,127,100,0,Alaska,Numbers may differ from published reports using final data. See Technical Notes.,**,127
AK,2015,January,12 month-ending,Number of Drug Overdose Deaths,126,100,0,Alaska,Numbers may differ from published reports using final data. See Technical Notes.,**,126
AK,2015,July,12 month-ending,Number of Drug Overdose Deaths,117,100,0,Alaska,Numbers may differ from published reports using final data. See Technical Notes.,**,117
AK,2015,June,12 month-ending,Number of Drug Overdose Deaths,121,100,0,Alaska,Numbers may differ from published reports using final data. See Technical Notes.,**,121
AK,2015,March,12 month-ending,Number of Drug Overdose Deaths,125,100,0,Alaska,Numbers may differ from published reports using final data. See Technical Notes.,**,125
AK,2015,May,12 month-ending,Number of Drug Overdose Deaths,125,100,0,Alaska,Numbers may differ from published reports using final data. See Technical Notes.,**,125
AK,2015,November,12 month-ending,Number of Drug Overdose Deaths,115,100,0,Alaska,Numbers may differ from published reports using final data. See Technical Notes.,**,115
AK,2015,October,12 month-ending,Number of Drug Overdose Deaths,120,100,0,Alaska,Numbers may differ from published reports using final data. See Technical Notes.,**,120
AK,2015,September,12 month-ending,Number of Drug Overdose Deaths,125,100,0,Alaska,Numbers may differ from published reports using final data. See Technical Notes.,**,125
AK,2016,April,12 month-ending,Number of Drug Overdose Deaths,132,100,0,Alaska,Numbers may differ from published reports using final data. See Technical Notes.,**,132
AK,2016,August,12 month-ending,Number of Drug Overdose Deaths,138,100,0.023386342,Alaska,Numbers may differ from published reports using final data. See Technical Notes.,**,138
AK,2016,December,12 month-ending,Number of Drug Overdose Deaths,129,100,0.068886338,Alaska,Numbers may differ from published reports using final data. See Technical Notes.,**,130
AK,2016,February,12 month-ending,Number of Drug Overdose Deaths,128,100,0,Alaska,Numbers may differ from published reports using final data. See Technical Notes.,**,128
AK,2016,January,12 month-ending,Number of Drug Overdose Deaths,126,100,0,Alaska,Numbers may differ from published reports using final data. See Technical Notes.,**,126
AK,2016,July,12 month-ending,Number of Drug Overdose Deaths,143,100,0,Alaska,Numbers may differ from published reports using final data. See Technical Notes.,**,143
AK,2016,June,12 month-ending,Number of Drug Overdose Deaths,138,100,0,Alaska,Numbers may differ from published reports using final data. See Technical Notes.,**,138
AK,2016,March,12 month-ending,Number of Drug Overdose Deaths,125,100,0,Alaska,Numbers may differ from published reports using final data. See Technical Notes.,**,125
AK,2016,May,12 month-ending,Number of Drug Overdose Deaths,140,100,0,Alaska,Numbers may differ from published reports using final data. See Technical Notes.,**,140
AK,2016,November,12 month-ending,Number of Drug Overdose Deaths,133,100,0.069946374,Alaska,Numbers may differ from published reports using final data. See Technical Notes.,**,134
AK,2016,October,12 month-ending,Number of Drug Overdose Deaths,131,100,0.069913773,Alaska,Numbers may differ from published reports using final data. See Technical Notes.,**,132
AK,2016,September,12 month-ending,Number of Drug Overdose Deaths,131,100,0.046992481,Alaska,Numbers may differ from published reports using final data. See Technical Notes.,**,132
AK,2017,April,12 month-ending,Number of Drug Overdose Deaths,117,100,0.069364162,Alaska,Numbers may differ from published reports using final data. See Technical Notes.,**,118
AK,2017,August,12 month-ending,Number of Drug Overdose Deaths,137,100,0.047236656,Alaska,Numbers may differ from published reports using final data. See Technical Notes.,**,138
AK,2017,December,12 month-ending,Number of Drug Overdose Deaths,141,100,0,Alaska,Numbers may differ from published reports using final data. See Technical Notes.,**,141
AK,2017,February,12 month-ending,Number of Drug Overdose Deaths,124,100,0.069013112,Alaska,Numbers may differ from published reports using final data. See Technical Notes.,**,125
AK,2017,January,12 month-ending,Number of Drug Overdose Deaths,126,100,0.068587106,Alaska,Numbers may differ from published reports using final data. See Technical Notes.,**,127
AK,2017,July,12 month-ending,Number of Drug Overdose Deaths,128,100,0.07082153,Alaska,Numbers may differ from published reports using final data. See Technical Notes.,**,129
AK,2017,June,12 month-ending,Number of Drug Overdose Deaths,122,100,0.070159027,Alaska,Numbers may differ from published reports using final data. See Technical Notes.,**,123
AK,2017,March,12 month-ending,Number of Drug Overdose Deaths,126,100,0.068823125,Alaska,Numbers may differ from published reports using final data. See Technical Notes.,**,127
AK,2017,May,12 month-ending,Number of Drug Overdose Deaths,120,100,0.070142623,Alaska,Numbers may differ from published reports using final data. See Technical Notes.,**,121
AK,2017,November,12 month-ending,Number of Drug Overdose Deaths,138,100,0,Alaska,Numbers may differ from published reports using final data. See Technical Notes.,**,138
AK,2017,October,12 month-ending,Number of Drug Overdose Deaths,144,100,0,Alaska,Numbers may differ from published reports using final data. See Technical Notes.,**,144
AK,2017,September,12 month-ending,Number of Drug Overdose Deaths,148,100,0.023261224,Alaska,Numbers may differ from published reports using final data. See Technical Notes.,**,148
AK,2018,April,12 month-ending,Number of Drug Overdose Deaths,142,100,0,Alaska,Numbers may differ from published reports using final data. See Technical Notes.,**,142
AK,2018,August,12 month-ending,Number of Drug Overdose Deaths,110,100,0,Alaska,Numbers may differ from published reports using final data. See Technical Notes.,**,110
AK,2018,December,12 month-ending,Number of Drug Overdose Deaths,105,100,0,Alaska,Numbers may differ from published reports using final data. See Technical Notes.,**,105
AK,2018,February,12 month-ending,Number of Drug Overdose Deaths,139,100,0,Alaska,Numbers may differ from published reports using final data. See Technical Notes.,**,139
AK,2018,January,12 month-ending,Number of Drug Overdose Deaths,138,100,0,Alaska,Numbers may differ from published reports using final data. See Technical Notes.,**,138
AK,2018,July,12 month-ending,Number of Drug Overdose Deaths,116,100,0,Alaska,Numbers may differ from published reports using final data. See Technical Notes.,**,116
AK,2018,June,12 month-ending,Number of Drug Overdose Deaths,125,100,0,Alaska,Numbers may differ from published reports using final data. See Technical Notes.,**,125
AK,2018,March,12 month-ending,Number of Drug Overdose Deaths,136,100,0,Alaska,Numbers may differ from published reports using final data. See Technical Notes.,**,136
AK,2018,May,12 month-ending,Number of Drug Overdose Deaths,126,100,0,Alaska,Numbers may differ from published reports using final data. See Technical Notes.,**,126
AK,2018,November,12 month-ending,Number of Drug Overdose Deaths,106,100,0,Alaska,Numbers may differ from published reports using final data. See Technical Notes.,**,106
AK,2018,October,12 month-ending,Number of Drug Overdose Deaths,99,100,0,Alaska,Numbers may differ from published reports using final data. See Technical Notes.,**,99
AK,2018,September,12 month-ending,Number of Drug Overdose Deaths,100,100,0,Alaska,Numbers may differ from published reports using final data. See Technical Notes.,**,100
AK,2019,April,12 month-ending,Number of Drug Overdose Deaths,119,100,0,Alaska,Numbers may differ from published reports using final data. See Technical Notes.,**,119
AK,2019,August,12 month-ending,Number of Drug Overdose Deaths,130,100,0,Alaska,Numbers may differ from published reports using final data. See Technical Notes.,**,130
AK,2019,December,12 month-ending,Number of Drug Overdose Deaths,133,100,0,Alaska,Numbers may differ from published reports using final data. See Technical Notes.,**,133
AK,2019,February,12 month-ending,Number of Drug Overdose Deaths,115,100,0,Alaska,Numbers may differ from published reports using final data. See Technical Notes.,**,115
AK,2019,January,12 month-ending,Number of Drug Overdose Deaths,107,100,0,Alaska,Numbers may differ from published reports using final data. See Technical Notes.,**,107
AK,2019,July,12 month-ending,Number of Drug Overdose Deaths,135,100,0,Alaska,Numbers may differ from published reports using final data. See Technical Notes.,**,135
AK,2019,June,12 month-ending,Number of Drug Overdose Deaths,132,100,0,Alaska,Numbers may differ from published reports using final data. See Technical Notes.,**,132
AK,2019,March,12 month-ending,Number of Drug Overdose Deaths,124,100,0,Alaska,Numbers may differ from published reports using final data. See Technical Notes.,**,124
AK,2019,May,12 month-ending,Number of Drug Overdose Deaths,128,100,0,Alaska,Numbers may differ from published reports using final data. See Technical Notes.,**,128
AK,2019,November,12 month-ending,Number of Drug Overdose Deaths,139,100,0,Alaska,Numbers may differ from published reports using final data. See Technical Notes.,**,139
AK,2019,October,12 month-ending,Number of Drug Overdose Deaths,146,100,0,Alaska,Numbers may differ from published reports using final data. See Technical Notes.,**,146
AK,2019,September,12 month-ending,Number of Drug Overdose Deaths,136,100,0,Alaska,Numbers may differ from published reports using final data. See Technical Notes.,**,136
AK,2020,April,12 month-ending,Number of Drug Overdose Deaths,120,100,0,Alaska,Numbers may differ from published reports using final data. See Technical Notes.,**,120
AK,2020,August,12 month-ending,Number of Drug Overdose Deaths,139,100,0,Alaska,Numbers may differ from published reports using final data. See Technical Notes.,**,139
AK,2020,December,12 month-ending,Number of Drug Overdose Deaths,146,100,0,Alaska,Numbers may differ from published reports using final data. See Technical Notes.,**,146
AK,2020,February,12 month-ending,Number of Drug Overdose Deaths,125,100,0,Alaska,Numbers may differ from published reports using final data. See Technical Notes.,**,125
AK,2020,January,12 month-ending,Number of Drug Overdose Deaths,134,100,0,Alaska,Numbers may differ from published reports using final data. See Technical Notes.,**,134
AK,2020,July,12 month-ending,Number of Drug Overdose Deaths,135,100,0,Alaska,Numbers may differ from published reports using final data. See Technical Notes.,**,135
AK,2020,June,12 month-ending,Number of Drug Overdose Deaths,132,100,0,Alaska,Numbers may differ from published reports using final data. See Technical Notes.,**,132
AK,2020,March,12 month-ending,Number of Drug Overdose Deaths,117,100,0,Alaska,Numbers may differ from published reports using final data. See Technical Notes.,**,117
AK,2020,May,12 month-ending,Number of Drug Overdose Deaths,128,100,0,Alaska,Numbers may differ from published reports using final data. See Technical Notes.,**,128
AK,2020,November,12 month-ending,Number of Drug Overdose Deaths,141,100,0,Alaska,Numbers may differ from published reports using final data. See Technical Notes.,**,141
AK,2020,October,12 month-ending,Number of Drug Overdose Deaths,134,100,0,Alaska,Numbers may differ from published reports using final data. See Technical Notes.,**,134
AK,2020,September,12 month-ending,Number of Drug Overdose Deaths,140,100,0,Alaska,Numbers may differ from published reports using final data. See Technical Notes.,**,140
AK,2021,April,12 month-ending,Number of Drug Overdose Deaths,178,100,0,Alaska,Numbers may differ from published reports using final data. See Technical Notes.,**,178
AK,2021,August,12 month-ending,Number of Drug Overdose Deaths,218,100,0,Alaska,Numbers may differ from published reports using final data. See Technical Notes.,**,218
AK,2021,December,12 month-ending,Number of Drug Overdose Deaths,255,100,0,Alaska,Numbers may differ from published reports using final data. See Technical Notes.,**,255
AK,2021,February,12 month-ending,Number of Drug Overdose Deaths,152,100,0,Alaska,Numbers may differ from published reports using final data. See Technical Notes.,**,152
AK,2021,January,12 month-ending,Number of Drug Overdose Deaths,145,100,0,Alaska,Numbers may differ from published reports using final data. See Technical Notes.,**,145
AK,2021,July,12 month-ending,Number of Drug Overdose Deaths,202,100,0,Alaska,Numbers may differ from published reports using final data. See Technical Notes.,**,202
AK,2021,June,12 month-ending,Number of Drug Overdose Deaths,193,100,0,Alaska,Numbers may differ from published reports using final data. See Technical Notes.,**,193
AK,2021,March,12 month-ending,Number of Drug Overdose Deaths,171,100,0,Alaska,Numbers may differ from published reports using final data. See Technical Notes.,**,171
AK,2021,May,12 month-ending,Number of Drug Overdose Deaths,188,100,0,Alaska,Numbers may differ from published reports using final data. See Technical Notes.,**,188
AK,2021,November,12 month-ending,Number of Drug Overdose Deaths,253,100,0,Alaska,Numbers may differ from published reports using final data. See Technical Notes.,**,253
AK,2021,October,12 month-ending,Number of Drug Overdose Deaths,238,100,0,Alaska,Numbers may differ from published reports using final data. See Technical Notes.,**,238
AK,2021,September,12 month-ending,Number of Drug Overdose Deaths,223,100,0,Alaska,Numbers may differ from published reports using final data. See Technical Notes.,**,223
AK,2022,April,12 month-ending,Number of Drug Overdose Deaths,257,100,0,Alaska,Numbers may differ from published reports using final data. See Technical Notes.,**,257
AK,2022,August,12 month-ending,Number of Drug Overdose Deaths,249,100,0,Alaska,Numbers may differ from published reports using final data. See Technical Notes.,**,249
AK,2022,December,12 month-ending,Number of Drug Overdose Deaths,247,100,0,Alaska,Numbers may differ from published reports using final data. See Technical Notes.,**,247
AK,2022,February,12 month-ending,Number of Drug Overdose Deaths,257,100,0,Alaska,Numbers may differ from published reports using final data. See Technical Notes.,**,257
AK,2022,January,12 month-ending,Number of Drug Overdose Deaths,253,100,0,Alaska,Numbers may differ from published reports using final data. See Technical Notes.,**,253
AK,2022,July,12 month-ending,Number of Drug Overdose Deaths,255,100,0,Alaska,Numbers may differ from published reports using final data. See Technical Notes.,**,255
AK,2022,June,12 month-ending,Number of Drug Overdose Deaths,256,100,0,Alaska,Numbers may differ from published reports using final data. See Technical Notes.,**,256
AK,2022,March,12 month-ending,Number of Drug Overdose Deaths,257,100,0,Alaska,Numbers may differ from published reports using final data. See Technical Notes.,**,257
AK,2022,May,12 month-ending,Number of Drug Overdose Deaths,246,100,0,Alaska,Numbers may differ from published reports using final data. See Technical Notes.,**,246
AK,2022,November,12 month-ending,Number of Drug Overdose Deaths,231,100,0,Alaska,Numbers may differ from published reports using final data. See Technical Notes.,**,231
AK,2022,October,12 month-ending,Number of Drug Overdose Deaths,240,100,0,Alaska,Numbers may differ from published reports using final data. See Technical Notes.,**,240
AK,2022,September,12 month-ending,Number of Drug Overdose Deaths,245,100,0,Alaska,Numbers may differ from published reports using final data. See Technical Notes.,**,245
AK,2023,April,12 month-ending,Number of Drug Overdose Deaths,275,100,0,Alaska,Underreported due to incomplete data.,*,275
AK,2023,August,12 month-ending,Number of Drug Overdose Deaths,298,100,0,Alaska,Underreported due to incomplete data.,*,298
AK,2023,February,12 month-ending,Number of Drug Overdose Deaths,275,100,0,Alaska,Underreported due to incomplete data.,*,275
AK,2023,January,12 month-ending,Number of Drug Overdose Deaths,269,100,0,Alaska,Underreported due to incomplete data.,*,269
AK,2023,July,12 month-ending,Number of Drug Overdose Deaths,289,100,0,Alaska,Underreported due to incomplete data.,*,289
AK,2023,June,12 month-ending,Number of Drug Overdose Deaths,287,100,0,Alaska,Underreported due to incomplete data.,*,287
AK,2023,March,12 month-ending,Number of Drug Overdose Deaths,264,100,0,Alaska,Underreported due to incomplete data.,*,264
AK,2023,May,12 month-ending,Number of Drug Overdose Deaths,288,100,0,Alaska,Underreported due to incomplete data.,*,288
AK,2023,October,12 month-ending,Number of Drug Overdose Deaths,324,100,0,Alaska,Underreported due to incomplete data.,*,324
AK,2023,September,12 month-ending,Number of Drug Overdose Deaths,319,100,0,Alaska,Underreported due to incomplete data.,*,319
AL,2015,April,12 month-ending,Number of Drug Overdose Deaths,738,100,0.316424404,Alabama,Numbers may differ from published reports using final data. See Technical Notes.,**,764
AL,2015,August,12 month-ending,Number of Drug Overdose Deaths,736,100,0.331827999,Alabama,Numbers may differ from published reports using final data. See Technical Notes.,**,763
AL,2015,December,12 month-ending,Number of Drug Overdose Deaths,720,100,0.310595636,Alabama,Numbers may differ from published reports using final data. See Technical Notes.,**,745
AL,2015,February,12 month-ending,Number of Drug Overdose Deaths,723,100,0.323974082,Alabama,Numbers may differ from published reports using final data. See Technical Notes.,**,749
AL,2015,January,12 month-ending,Number of Drug Overdose Deaths,715,100,0.33708092,Alabama,Numbers may differ from published reports using final data. See Technical Notes.,**,742
AL,2015,July,12 month-ending,Number of Drug Overdose Deaths,743,100,0.330441966,Alabama,Numbers may differ from published reports using final data. See Technical Notes.,**,770
AL,2015,June,12 month-ending,Number of Drug Overdose Deaths,756,100,0.341505784,Alabama,Numbers may differ from published reports using final data. See Technical Notes.,**,785
AL,2015,March,12 month-ending,Number of Drug Overdose Deaths,733,100,0.308996553,Alabama,Numbers may differ from published reports using final data. See Technical Notes.,**,758
AL,2015,May,12 month-ending,Number of Drug Overdose Deaths,755,100,0.318710903,Alabama,Numbers may differ from published reports using final data. See Technical Notes.,**,782
AL,2015,November,12 month-ending,Number of Drug Overdose Deaths,725,100,0.293582291,Alabama,Numbers may differ from published reports using final data. See Technical Notes.,**,748
AL,2015,October,12 month-ending,Number of Drug Overdose Deaths,730,100,0.309252119,Alabama,Numbers may differ from published reports using final data. See Technical Notes.,**,755
AL,2015,September,12 month-ending,Number of Drug Overdose Deaths,744,100,0.323250529,Alabama,Numbers may differ from published reports using final data. See Technical Notes.,**,771
AL,2016,April,12 month-ending,Number of Drug Overdose Deaths,676,100,0.279811871,Alabama,Numbers may differ from published reports using final data. See Technical Notes.,**,697
AL,2016,August,12 month-ending,Number of Drug Overdose Deaths,685,100,0.264008196,Alabama,Numbers may differ from published reports using final data. See Technical Notes.,**,705
AL,2016,December,12 month-ending,Number of Drug Overdose Deaths,740,100,0.270265015,Alabama,Numbers may differ from published reports using final data. See Technical Notes.,**,762
AL,2016,February,12 month-ending,Number of Drug Overdose Deaths,710,100,0.282860251,Alabama,Numbers may differ from published reports using final data. See Technical Notes.,**,732
AL,2016,January,12 month-ending,Number of Drug Overdose Deaths,706,100,0.302766454,Alabama,Numbers may differ from published reports using final data. See Technical Notes.,**,730
AL,2016,July,12 month-ending,Number of Drug Overdose Deaths,681,100,0.278199791,Alabama,Numbers may differ from published reports using final data. See Technical Notes.,**,702
AL,2016,June,12 month-ending,Number of Drug Overdose Deaths,674,100,0.264754115,Alabama,Numbers may differ from published reports using final data. See Technical Notes.,**,693
AL,2016,March,12 month-ending,Number of Drug Overdose Deaths,681,100,0.282037022,Alabama,Numbers may differ from published reports using final data. See Technical Notes.,**,702
AL,2016,May,12 month-ending,Number of Drug Overdose Deaths,654,100,0.28310665,Alabama,Numbers may differ from published reports using final data. See Technical Notes.,**,674
AL,2016,November,12 month-ending,Number of Drug Overdose Deaths,718,100,0.275875563,Alabama,Numbers may differ from published reports using final data. See Technical Notes.,**,740
AL,2016,October,12 month-ending,Number of Drug Overdose Deaths,704,100,0.287011736,Alabama,Numbers may differ from published reports using final data. See Technical Notes.,**,726
AL,2016,September,12 month-ending,Number of Drug Overdose Deaths,695,100,0.265695729,Alabama,Numbers may differ from published reports using final data. See Technical Notes.,**,715
AL,2017,April,12 month-ending,Number of Drug Overdose Deaths,795,100,0.231687068,Alabama,Numbers may differ from published reports using final data. See Technical Notes.,**,814
AL,2017,August,12 month-ending,Number of Drug Overdose Deaths,808,100,0.184349496,Alabama,Numbers may differ from published reports using final data. See Technical Notes.,**,823
AL,2017,December,12 month-ending,Number of Drug Overdose Deaths,807,100,0.141472461,Alabama,Numbers may differ from published reports using final data. See Technical Notes.,**,818
AL,2017,February,12 month-ending,Number of Drug Overdose Deaths,759,100,0.25610182,Alabama,Numbers may differ from published reports using final data. See Technical Notes.,**,780
AL,2017,January,12 month-ending,Number of Drug Overdose Deaths,763,100,0.259428483,Alabama,Numbers may differ from published reports using final data. See Technical Notes.,**,784
AL,2017,July,12 month-ending,Number of Drug Overdose Deaths,809,100,0.188334775,Alabama,Numbers may differ from published reports using final data. See Technical Notes.,**,824
AL,2017,June,12 month-ending,Number of Drug Overdose Deaths,804,100,0.205769231,Alabama,Numbers may differ from published reports using final data. See Technical Notes.,**,821
AL,2017,March,12 month-ending,Number of Drug Overdose Deaths,794,100,0.25160641,Alabama,Numbers may differ from published reports using final data. See Technical Notes.,**,815
AL,2017,May,12 month-ending,Number of Drug Overdose Deaths,812,100,0.213695782,Alabama,Numbers may differ from published reports using final data. See Technical Notes.,**,830
AL,2017,November,12 month-ending,Number of Drug Overdose Deaths,799,100,0.162666973,Alabama,Numbers may differ from published reports using final data. See Technical Notes.,**,812
AL,2017,October,12 month-ending,Number of Drug Overdose Deaths,801,100,0.158800008,Alabama,Numbers may differ from published reports using final data. See Technical Notes.,**,813
AL,2017,September,12 month-ending,Number of Drug Overdose Deaths,800,100,0.174222699,Alabama,Numbers may differ from published reports using final data. See Technical Notes.,**,814
AL,2018,April,12 month-ending,Number of Drug Overdose Deaths,785,100,0.161496282,Alabama,Numbers may differ from published reports using final data. See Technical Notes.,**,797
AL,2018,August,12 month-ending,Number of Drug Overdose Deaths,745,100,0.207476636,Alabama,Numbers may differ from published reports using final data. See Technical Notes.,**,761
AL,2018,December,12 month-ending,Number of Drug Overdose Deaths,740,100,0.174497148,Alabama,Numbers may differ from published reports using final data. See Technical Notes.,**,753
AL,2018,February,12 month-ending,Number of Drug Overdose Deaths,799,100,0.152024174,Alabama,Numbers may differ from published reports using final data. See Technical Notes.,**,811
AL,2018,January,12 month-ending,Number of Drug Overdose Deaths,785,100,0.150636439,Alabama,Numbers may differ from published reports using final data. See Technical Notes.,**,796
AL,2018,July,12 month-ending,Number of Drug Overdose Deaths,759,100,0.207561988,Alabama,Numbers may differ from published reports using final data. See Technical Notes.,**,775
AL,2018,June,12 month-ending,Number of Drug Overdose Deaths,764,100,0.191100703,Alabama,Numbers may differ from published reports using final data. See Technical Notes.,**,779
AL,2018,March,12 month-ending,Number of Drug Overdose Deaths,785,100,0.154048469,Alabama,Numbers may differ from published reports using final data. See Technical Notes.,**,797
AL,2018,May,12 month-ending,Number of Drug Overdose Deaths,787,100,0.180146369,Alabama,Numbers may differ from published reports using final data. See Technical Notes.,**,801
AL,2018,November,12 month-ending,Number of Drug Overdose Deaths,744,100,0.17047264,Alabama,Numbers may differ from published reports using final data. See Technical Notes.,**,756
AL,2018,October,12 month-ending,Number of Drug Overdose Deaths,751,100,0.192862225,Alabama,Numbers may differ from published reports using final data. See Technical Notes.,**,766
AL,2018,September,12 month-ending,Number of Drug Overdose Deaths,754,100,0.206054248,Alabama,Numbers may differ from published reports using final data. See Technical Notes.,**,770
AL,2019,April,12 month-ending,Number of Drug Overdose Deaths,699,100,0.184494827,Alabama,Numbers may differ from published reports using final data. See Technical Notes.,**,712
AL,2019,August,12 month-ending,Number of Drug Overdose Deaths,731,100,0.17727487,Alabama,Numbers may differ from published reports using final data. See Technical Notes.,**,744
AL,2019,December,12 month-ending,Number of Drug Overdose Deaths,739,100,0.219883481,Alabama,Numbers may differ from published reports using final data. See Technical Notes.,**,756
AL,2019,February,12 month-ending,Number of Drug Overdose Deaths,703,100,0.169743668,Alabama,Numbers may differ from published reports using final data. See Technical Notes.,**,715
AL,2019,January,12 month-ending,Number of Drug Overdose Deaths,724,100,0.169414094,Alabama,Numbers may differ from published reports using final data. See Technical Notes.,**,736
AL,2019,July,12 month-ending,Number of Drug Overdose Deaths,715,100,0.164464357,Alabama,Numbers may differ from published reports using final data. See Technical Notes.,**,726
AL,2019,June,12 month-ending,Number of Drug Overdose Deaths,720,100,0.179975372,Alabama,Numbers may differ from published reports using final data. See Technical Notes.,**,733
AL,2019,March,12 month-ending,Number of Drug Overdose Deaths,701,100,0.175134682,Alabama,Numbers may differ from published reports using final data. See Technical Notes.,**,713
AL,2019,May,12 month-ending,Number of Drug Overdose Deaths,699,100,0.184067707,Alabama,Numbers may differ from published reports using final data. See Technical Notes.,**,712
AL,2019,November,12 month-ending,Number of Drug Overdose Deaths,750,100,0.214257523,Alabama,Numbers may differ from published reports using final data. See Technical Notes.,**,767
AL,2019,October,12 month-ending,Number of Drug Overdose Deaths,743,100,0.203497136,Alabama,Numbers may differ from published reports using final data. See Technical Notes.,**,758
AL,2019,September,12 month-ending,Number of Drug Overdose Deaths,719,100,0.192231583,Alabama,Numbers may differ from published reports using final data. See Technical Notes.,**,733
AL,2020,April,12 month-ending,Number of Drug Overdose Deaths,826,100,0.211095474,Alabama,Numbers may differ from published reports using final data. See Technical Notes.,**,844
AL,2020,August,12 month-ending,Number of Drug Overdose Deaths,934,100,0.203140063,Alabama,Numbers may differ from published reports using final data. See Technical Notes.,**,953
AL,2020,December,12 month-ending,Number of Drug Overdose Deaths,989,100,0.217796155,Alabama,Numbers may differ from published reports using final data. See Technical Notes.,**,1011
AL,2020,February,12 month-ending,Number of Drug Overdose Deaths,772,100,0.224626558,Alabama,Numbers may differ from published reports using final data. See Technical Notes.,**,790
AL,2020,January,12 month-ending,Number of Drug Overdose Deaths,754,100,0.216458365,Alabama,Numbers may differ from published reports using final data. See Technical Notes.,**,771
AL,2020,July,12 month-ending,Number of Drug Overdose Deaths,919,100,0.213637487,Alabama,Numbers may differ from published reports using final data. See Technical Notes.,**,939
AL,2020,June,12 month-ending,Number of Drug Overdose Deaths,902,100,0.204343659,Alabama,Numbers may differ from published reports using final data. See Technical Notes.,**,921
AL,2020,March,12 month-ending,Number of Drug Overdose Deaths,791,100,0.216810272,Alabama,Numbers may differ from published reports using final data. See Technical Notes.,**,809
AL,2020,May,12 month-ending,Number of Drug Overdose Deaths,879,100,0.2013214,Alabama,Numbers may differ from published reports using final data. See Technical Notes.,**,897
AL,2020,November,12 month-ending,Number of Drug Overdose Deaths,960,100,0.221021611,Alabama,Numbers may differ from published reports using final data. See Technical Notes.,**,982
AL,2020,October,12 month-ending,Number of Drug Overdose Deaths,946,100,0.198402774,Alabama,Numbers may differ from published reports using final data. See Technical Notes.,**,965
AL,2020,September,12 month-ending,Number of Drug Overdose Deaths,952,100,0.19806338,Alabama,Numbers may differ from published reports using final data. See Technical Notes.,**,971
AL,2021,April,12 month-ending,Number of Drug Overdose Deaths,1124,100,0.184376659,Alabama,Numbers may differ from published reports using final data. See Technical Notes.,**,1144
AL,2021,August,12 month-ending,Number of Drug Overdose Deaths,1193,100,0.145217456,Alabama,Numbers may differ from published reports using final data. See Technical Notes.,**,1209
AL,2021,December,12 month-ending,Number of Drug Overdose Deaths,1333,100,0.098034847,Alabama,Numbers may differ from published reports using final data. See Technical Notes.,**,1343
AL,2021,February,12 month-ending,Number of Drug Overdose Deaths,1047,100,0.195900922,Alabama,Numbers may differ from published reports using final data. See Technical Notes.,**,1068
AL,2021,January,12 month-ending,Number of Drug Overdose Deaths,1032,100,0.210672044,Alabama,Numbers may differ from published reports using final data. See Technical Notes.,**,1054
AL,2021,July,12 month-ending,Number of Drug Overdose Deaths,1165,100,0.151663038,Alabama,Numbers may differ from published reports using final data. See Technical Notes.,**,1181
AL,2021,June,12 month-ending,Number of Drug Overdose Deaths,1138,100,0.164703089,Alabama,Numbers may differ from published reports using final data. See Technical Notes.,**,1156
AL,2021,March,12 month-ending,Number of Drug Overdose Deaths,1091,100,0.19349788,Alabama,Numbers may differ from published reports using final data. See Technical Notes.,**,1112
AL,2021,May,12 month-ending,Number of Drug Overdose Deaths,1123,100,0.180478712,Alabama,Numbers may differ from published reports using final data. See Technical Notes.,**,1143
AL,2021,November,12 month-ending,Number of Drug Overdose Deaths,1308,100,0.108656284,Alabama,Numbers may differ from published reports using final data. See Technical Notes.,**,1320
AL,2021,October,12 month-ending,Number of Drug Overdose Deaths,1295,100,0.133732133,Alabama,Numbers may differ from published reports using final data. See Technical Notes.,**,1310
AL,2021,September,12 month-ending,Number of Drug Overdose Deaths,1247,100,0.140293024,Alabama,Numbers may differ from published reports using final data. See Technical Notes.,**,1263
AL,2022,April,12 month-ending,Number of Drug Overdose Deaths,1345,100,0.134597644,Alabama,Numbers may differ from published reports using final data. See Technical Notes.,**,1361
AL,2022,August,12 month-ending,Number of Drug Overdose Deaths,1412,100,0.187905171,Alabama,Numbers may differ from published reports using final data. See Technical Notes.,**,1438
AL,2022,December,12 month-ending,Number of Drug Overdose Deaths,1452,100,0.237211052,Alabama,Numbers may differ from published reports using final data. See Technical Notes.,**,1488
AL,2022,February,12 month-ending,Number of Drug Overdose Deaths,1369,100,0.114102121,Alabama,Numbers may differ from published reports using final data. See Technical Notes.,**,1382
AL,2022,January,12 month-ending,Number of Drug Overdose Deaths,1331,100,0.101213046,Alabama,Numbers may differ from published reports using final data. See Technical Notes.,**,1342
AL,2022,July,12 month-ending,Number of Drug Overdose Deaths,1394,100,0.17200962,Alabama,Numbers may differ from published reports using final data. See Technical Notes.,**,1417
AL,2022,June,12 month-ending,Number of Drug Overdose Deaths,1355,100,0.155140158,Alabama,Numbers may differ from published reports using final data. See Technical Notes.,**,1375
AL,2022,March,12 month-ending,Number of Drug Overdose Deaths,1352,100,0.118723794,Alabama,Numbers may differ from published reports using final data. See Technical Notes.,**,1366
AL,2022,May,12 month-ending,Number of Drug Overdose Deaths,1356,100,0.14128156,Alabama,Numbers may differ from published reports using final data. See Technical Notes.,**,1373
AL,2022,November,12 month-ending,Number of Drug Overdose Deaths,1454,100,0.233950658,Alabama,Numbers may differ from published reports using final data. See Technical Notes.,**,1489
AL,2022,October,12 month-ending,Number of Drug Overdose Deaths,1435,100,0.207309708,Alabama,Numbers may differ from published reports using final data. See Technical Notes.,**,1465
AL,2022,September,12 month-ending,Number of Drug Overdose Deaths,1410,100,0.192590914,Alabama,Numbers may differ from published reports using final data. See Technical Notes.,**,1437
AL,2023,April,12 month-ending,Number of Drug Overdose Deaths,1529,100,0.255680365,Alabama,Underreported due to incomplete data.,*,1571
AL,2023,August,12 month-ending,Number of Drug Overdose Deaths,1569,100,0.289622979,Alabama,Underreported due to incomplete data.,*,1622
AL,2023,February,12 month-ending,Number of Drug Overdose Deaths,1503,100,0.247385392,Alabama,Underreported due to incomplete data.,*,1539
AL,2023,January,12 month-ending,Number of Drug Overdose Deaths,1494,100,0.24917638,Alabama,Underreported due to incomplete data.,*,1525
AL,2023,July,12 month-ending,Number of Drug Overdose Deaths,1586,100,0.284541071,Alabama,Underreported due to incomplete data.,*,1638
AL,2023,June,12 month-ending,Number of Drug Overdose Deaths,1578,100,0.27553832,Alabama,Underreported due to incomplete data.,*,1625
AL,2023,March,12 month-ending,Number of Drug Overdose Deaths,1533,100,0.254396449,Alabama,Underreported due to incomplete data.,*,1576
AL,2023,May,12 month-ending,Number of Drug Overdose Deaths,1556,100,0.267896504,Alabama,Underreported due to incomplete data.,*,1603
AL,2023,October,12 month-ending,Number of Drug Overdose Deaths,1532,100,0.309485738,Alabama,Underreported due to incomplete data.,*,1586
AL,2023,September,12 month-ending,Number of Drug Overdose Deaths,1552,100,0.300510526,Alabama,Underreported due to incomplete data.,*,1604
AR,2015,April,12 month-ending,Number of Drug Overdose Deaths,373,100,0.039416634,Arkansas,Numbers may differ from published reports using final data. See Technical Notes.,**,374
AR,2015,August,12 month-ending,Number of Drug Overdose Deaths,398,100,0.048568838,Arkansas,Numbers may differ from published reports using final data. See Technical Notes.,**,399
AR,2015,December,12 month-ending,Number of Drug Overdose Deaths,381,100,0.070999806,Arkansas,Numbers may differ from published reports using final data. See Technical Notes.,**,383
AR,2015,February,12 month-ending,Number of Drug Overdose Deaths,366,100,0.046155875,Arkansas,Numbers may differ from published reports using final data. See Technical Notes.,**,367
AR,2015,January,12 month-ending,Number of Drug Overdose Deaths,366,100,0.04979749,Arkansas,Numbers may differ from published reports using final data. See Technical Notes.,**,367
AR,2015,July,12 month-ending,Number of Drug Overdose Deaths,395,100,0.048883819,Arkansas,Numbers may differ from published reports using final data. See Technical Notes.,**,396
AR,2015,June,12 month-ending,Number of Drug Overdose Deaths,391,100,0.042314953,Arkansas,Numbers may differ from published reports using final data. See Technical Notes.,**,392
AR,2015,March,12 month-ending,Number of Drug Overdose Deaths,385,100,0.046072334,Arkansas,Numbers may differ from published reports using final data. See Technical Notes.,**,386
AR,2015,May,12 month-ending,Number of Drug Overdose Deaths,383,100,0.042480884,Arkansas,Numbers may differ from published reports using final data. See Technical Notes.,**,384
AR,2015,November,12 month-ending,Number of Drug Overdose Deaths,389,100,0.061276486,Arkansas,Numbers may differ from published reports using final data. See Technical Notes.,**,391
AR,2015,October,12 month-ending,Number of Drug Overdose Deaths,397,100,0.058036434,Arkansas,Numbers may differ from published reports using final data. See Technical Notes.,**,398
AR,2015,September,12 month-ending,Number of Drug Overdose Deaths,392,100,0.061427047,Arkansas,Numbers may differ from published reports using final data. See Technical Notes.,**,394
AR,2016,April,12 month-ending,Number of Drug Overdose Deaths,372,100,0.078716914,Arkansas,Numbers may differ from published reports using final data. See Technical Notes.,**,374
AR,2016,August,12 month-ending,Number of Drug Overdose Deaths,383,100,0.078719496,Arkansas,Numbers may differ from published reports using final data. See Technical Notes.,**,385
AR,2016,December,12 month-ending,Number of Drug Overdose Deaths,386,100,0.0709037,Arkansas,Numbers may differ from published reports using final data. See Technical Notes.,**,388
AR,2016,February,12 month-ending,Number of Drug Overdose Deaths,379,100,0.072337487,Arkansas,Numbers may differ from published reports using final data. See Technical Notes.,**,381
AR,2016,January,12 month-ending,Number of Drug Overdose Deaths,378,100,0.07183908,Arkansas,Numbers may differ from published reports using final data. See Technical Notes.,**,380
AR,2016,July,12 month-ending,Number of Drug Overdose Deaths,378,100,0.07518797,Arkansas,Numbers may differ from published reports using final data. See Technical Notes.,**,380
AR,2016,June,12 month-ending,Number of Drug Overdose Deaths,369,100,0.078859171,Arkansas,Numbers may differ from published reports using final data. See Technical Notes.,**,371
AR,2016,March,12 month-ending,Number of Drug Overdose Deaths,363,100,0.075605667,Arkansas,Numbers may differ from published reports using final data. See Technical Notes.,**,365
AR,2016,May,12 month-ending,Number of Drug Overdose Deaths,376,100,0.07904878,Arkansas,Numbers may differ from published reports using final data. See Technical Notes.,**,378
AR,2016,November,12 month-ending,Number of Drug Overdose Deaths,378,100,0.074925889,Arkansas,Numbers may differ from published reports using final data. See Technical Notes.,**,380
AR,2016,October,12 month-ending,Number of Drug Overdose Deaths,372,100,0.075437043,Arkansas,Numbers may differ from published reports using final data. See Technical Notes.,**,374
AR,2016,September,12 month-ending,Number of Drug Overdose Deaths,379,100,0.068762279,Arkansas,Numbers may differ from published reports using final data. See Technical Notes.,**,381
AR,2017,April,12 month-ending,Number of Drug Overdose Deaths,386,100,0.076476961,Arkansas,Numbers may differ from published reports using final data. See Technical Notes.,**,388
AR,2017,August,12 month-ending,Number of Drug Overdose Deaths,406,100,0.069629067,Arkansas,Numbers may differ from published reports using final data. See Technical Notes.,**,408
AR,2017,December,12 month-ending,Number of Drug Overdose Deaths,425,100,0.056562863,Arkansas,Numbers may differ from published reports using final data. See Technical Notes.,**,426
AR,2017,February,12 month-ending,Number of Drug Overdose Deaths,380,100,0.083451021,Arkansas,Numbers may differ from published reports using final data. See Technical Notes.,**,383
AR,2017,January,12 month-ending,Number of Drug Overdose Deaths,384,100,0.073924083,Arkansas,Numbers may differ from published reports using final data. See Technical Notes.,**,386
AR,2017,July,12 month-ending,Number of Drug Overdose Deaths,395,100,0.076069731,Arkansas,Numbers may differ from published reports using final data. See Technical Notes.,**,397
AR,2017,June,12 month-ending,Number of Drug Overdose Deaths,398,100,0.076057677,Arkansas,Numbers may differ from published reports using final data. See Technical Notes.,**,400
AR,2017,March,12 month-ending,Number of Drug Overdose Deaths,384,100,0.076655275,Arkansas,Numbers may differ from published reports using final data. See Technical Notes.,**,386
AR,2017,May,12 month-ending,Number of Drug Overdose Deaths,383,100,0.079375159,Arkansas,Numbers may differ from published reports using final data. See Technical Notes.,**,385
AR,2017,November,12 month-ending,Number of Drug Overdose Deaths,411,100,0.075819802,Arkansas,Numbers may differ from published reports using final data. See Technical Notes.,**,413
AR,2017,October,12 month-ending,Number of Drug Overdose Deaths,410,100,0.069348128,Arkansas,Numbers may differ from published reports using final data. See Technical Notes.,**,412
AR,2017,September,12 month-ending,Number of Drug Overdose Deaths,413,100,0.07251403,Arkansas,Numbers may differ from published reports using final data. See Technical Notes.,**,415
AR,2018,April,12 month-ending,Number of Drug Overdose Deaths,425,100,0.046791652,Arkansas,Numbers may differ from published reports using final data. See Technical Notes.,**,426
AR,2018,August,12 month-ending,Number of Drug Overdose Deaths,455,100,0.049982818,Arkansas,Numbers may differ from published reports using final data. See Technical Notes.,**,456
AR,2018,December,12 month-ending,Number of Drug Overdose Deaths,433,100,0.065992081,Arkansas,Numbers may differ from published reports using final data. See Technical Notes.,**,435
AR,2018,February,12 month-ending,Number of Drug Overdose Deaths,424,100,0.043212544,Arkansas,Numbers may differ from published reports using final data. See Technical Notes.,**,425
AR,2018,January,12 month-ending,Number of Drug Overdose Deaths,427,100,0.052644618,Arkansas,Numbers may differ from published reports using final data. See Technical Notes.,**,428
AR,2018,July,12 month-ending,Number of Drug Overdose Deaths,451,100,0.0436872,Arkansas,Numbers may differ from published reports using final data. See Technical Notes.,**,452
AR,2018,June,12 month-ending,Number of Drug Overdose Deaths,447,100,0.043635457,Arkansas,Numbers may differ from published reports using final data. See Technical Notes.,**,448
AR,2018,March,12 month-ending,Number of Drug Overdose Deaths,430,100,0.046586745,Arkansas,Numbers may differ from published reports using final data. See Technical Notes.,**,431
AR,2018,May,12 month-ending,Number of Drug Overdose Deaths,443,100,0.04358655,Arkansas,Numbers may differ from published reports using final data. See Technical Notes.,**,444
AR,2018,November,12 month-ending,Number of Drug Overdose Deaths,446,100,0.043577054,Arkansas,Numbers may differ from published reports using final data. See Technical Notes.,**,447
AR,2018,October,12 month-ending,Number of Drug Overdose Deaths,457,100,0.046807714,Arkansas,Numbers may differ from published reports using final data. See Technical Notes.,**,458
AR,2018,September,12 month-ending,Number of Drug Overdose Deaths,448,100,0.046933667,Arkansas,Numbers may differ from published reports using final data. See Technical Notes.,**,449
AR,2019,April,12 month-ending,Number of Drug Overdose Deaths,434,100,0.068685607,Arkansas,Numbers may differ from published reports using final data. See Technical Notes.,**,436
AR,2019,August,12 month-ending,Number of Drug Overdose Deaths,355,100,0.059219549,Arkansas,Numbers may differ from published reports using final data. See Technical Notes.,**,356
AR,2019,December,12 month-ending,Number of Drug Overdose Deaths,362,100,0.043318172,Arkansas,Numbers may differ from published reports using final data. See Technical Notes.,**,363
AR,2019,February,12 month-ending,Number of Drug Overdose Deaths,451,100,0.069765967,Arkansas,Numbers may differ from published reports using final data. See Technical Notes.,**,453
AR,2019,January,12 month-ending,Number of Drug Overdose Deaths,439,100,0.066764164,Arkansas,Numbers may differ from published reports using final data. See Technical Notes.,**,441
AR,2019,July,12 month-ending,Number of Drug Overdose Deaths,381,100,0.062492188,Arkansas,Numbers may differ from published reports using final data. See Technical Notes.,**,383
AR,2019,June,12 month-ending,Number of Drug Overdose Deaths,395,100,0.068762893,Arkansas,Numbers may differ from published reports using final data. See Technical Notes.,**,397
AR,2019,March,12 month-ending,Number of Drug Overdose Deaths,437,100,0.065911302,Arkansas,Numbers may differ from published reports using final data. See Technical Notes.,**,439
AR,2019,May,12 month-ending,Number of Drug Overdose Deaths,411,100,0.065639359,Arkansas,Numbers may differ from published reports using final data. See Technical Notes.,**,413
AR,2019,November,12 month-ending,Number of Drug Overdose Deaths,363,100,0.052687039,Arkansas,Numbers may differ from published reports using final data. See Technical Notes.,**,364
AR,2019,October,12 month-ending,Number of Drug Overdose Deaths,357,100,0.056004978,Arkansas,Numbers may differ from published reports using final data. See Technical Notes.,**,358
AR,2019,September,12 month-ending,Number of Drug Overdose Deaths,354,100,0.059143969,Arkansas,Numbers may differ from published reports using final data. See Technical Notes.,**,355
AR,2020,April,12 month-ending,Number of Drug Overdose Deaths,402,100,0.034062055,Arkansas,Numbers may differ from published reports using final data. See Technical Notes.,**,402
AR,2020,August,12 month-ending,Number of Drug Overdose Deaths,481,100,0.026348147,Arkansas,Numbers may differ from published reports using final data. See Technical Notes.,**,481
AR,2020,December,12 month-ending,Number of Drug Overdose Deaths,514,100,0.002644104,Arkansas,Numbers may differ from published reports using final data. See Technical Notes.,**,514
AR,2020,February,12 month-ending,Number of Drug Overdose Deaths,370,100,0.040107364,Arkansas,Numbers may differ from published reports using final data. See Technical Notes.,**,371
AR,2020,January,12 month-ending,Number of Drug Overdose Deaths,367,100,0.043299415,Arkansas,Numbers may differ from published reports using final data. See Technical Notes.,**,368
AR,2020,July,12 month-ending,Number of Drug Overdose Deaths,460,100,0.029933846,Arkansas,Numbers may differ from published reports using final data. See Technical Notes.,**,460
AR,2020,June,12 month-ending,Number of Drug Overdose Deaths,435,100,0.030427506,Arkansas,Numbers may differ from published reports using final data. See Technical Notes.,**,435
AR,2020,March,12 month-ending,Number of Drug Overdose Deaths,384,100,0.040290089,Arkansas,Numbers may differ from published reports using final data. See Technical Notes.,**,385
AR,2020,May,12 month-ending,Number of Drug Overdose Deaths,416,100,0.033920257,Arkansas,Numbers may differ from published reports using final data. See Technical Notes.,**,416
AR,2020,November,12 month-ending,Number of Drug Overdose Deaths,506,100,0.013667924,Arkansas,Numbers may differ from published reports using final data. See Technical Notes.,**,506
AR,2020,October,12 month-ending,Number of Drug Overdose Deaths,498,100,0.019628186,Arkansas,Numbers may differ from published reports using final data. See Technical Notes.,**,498
AR,2020,September,12 month-ending,Number of Drug Overdose Deaths,492,100,0.022966727,Arkansas,Numbers may differ from published reports using final data. See Technical Notes.,**,492
AR,2021,April,12 month-ending,Number of Drug Overdose Deaths,542,100,0.002514016,Arkansas,Numbers may differ from published reports using final data. See Technical Notes.,**,542
AR,2021,August,12 month-ending,Number of Drug Overdose Deaths,570,100,0,Arkansas,Numbers may differ from published reports using final data. See Technical Notes.,**,570
AR,2021,December,12 month-ending,Number of Drug Overdose Deaths,627,100,0,Arkansas,Numbers may differ from published reports using final data. See Technical Notes.,**,627
AR,2021,February,12 month-ending,Number of Drug Overdose Deaths,525,100,0.002532158,Arkansas,Numbers may differ from published reports using final data. See Technical Notes.,**,525
AR,2021,January,12 month-ending,Number of Drug Overdose Deaths,513,100,0.002558985,Arkansas,Numbers may differ from published reports using final data. See Technical Notes.,**,513
AR,2021,July,12 month-ending,Number of Drug Overdose Deaths,553,100,0,Arkansas,Numbers may differ from published reports using final data. See Technical Notes.,**,553
AR,2021,June,12 month-ending,Number of Drug Overdose Deaths,564,100,0,Arkansas,Numbers may differ from published reports using final data. See Technical Notes.,**,564
AR,2021,March,12 month-ending,Number of Drug Overdose Deaths,536,100,0.00251959,Arkansas,Numbers may differ from published reports using final data. See Technical Notes.,**,536
AR,2021,May,12 month-ending,Number of Drug Overdose Deaths,560,100,0.002500313,Arkansas,Numbers may differ from published reports using final data. See Technical Notes.,**,560
AR,2021,November,12 month-ending,Number of Drug Overdose Deaths,607,100,0,Arkansas,Numbers may differ from published reports using final data. See Technical Notes.,**,607
AR,2021,October,12 month-ending,Number of Drug Overdose Deaths,593,100,0,Arkansas,Numbers may differ from published reports using final data. See Technical Notes.,**,593
AR,2021,September,12 month-ending,Number of Drug Overdose Deaths,585,100,0,Arkansas,Numbers may differ from published reports using final data. See Technical Notes.,**,585
AR,2022,April,12 month-ending,Number of Drug Overdose Deaths,636,100,0,Arkansas,Numbers may differ from published reports using final data. See Technical Notes.,**,636
AR,2022,August,12 month-ending,Number of Drug Overdose Deaths,628,100,0,Arkansas,Numbers may differ from published reports using final data. See Technical Notes.,**,628
AR,2022,December,12 month-ending,Number of Drug Overdose Deaths,591,100,0.007972362,Arkansas,Numbers may differ from published reports using final data. See Technical Notes.,**,591
AR,2022,February,12 month-ending,Number of Drug Overdose Deaths,634,100,0,Arkansas,Numbers may differ from published reports using final data. See Technical Notes.,**,634
AR,2022,January,12 month-ending,Number of Drug Overdose Deaths,634,100,0,Arkansas,Numbers may differ from published reports using final data. See Technical Notes.,**,634
AR,2022,July,12 month-ending,Number of Drug Overdose Deaths,634,100,0,Arkansas,Numbers may differ from published reports using final data. See Technical Notes.,**,634
AR,2022,June,12 month-ending,Number of Drug Overdose Deaths,621,100,0,Arkansas,Numbers may differ from published reports using final data. See Technical Notes.,**,621
AR,2022,March,12 month-ending,Number of Drug Overdose Deaths,645,100,0,Arkansas,Numbers may differ from published reports using final data. See Technical Notes.,**,645
AR,2022,May,12 month-ending,Number of Drug Overdose Deaths,628,100,0,Arkansas,Numbers may differ from published reports using final data. See Technical Notes.,**,628
AR,2022,November,12 month-ending,Number of Drug Overdose Deaths,608,100,0.005298715,Arkansas,Numbers may differ from published reports using final data. See Technical Notes.,**,608
AR,2022,October,12 month-ending,Number of Drug Overdose Deaths,615,100,0,Arkansas,Numbers may differ from published reports using final data. See Technical Notes.,**,615
AR,2022,September,12 month-ending,Number of Drug Overdose Deaths,608,100,0,Arkansas,Numbers may differ from published reports using final data. See Technical Notes.,**,608
AR,2023,April,12 month-ending,Number of Drug Overdose Deaths,561,100,0.008289125,Arkansas,Underreported due to incomplete data.,*,561
AR,2023,August,12 month-ending,Number of Drug Overdose Deaths,542,100,0.044596817,Arkansas,Underreported due to incomplete data.,*,544
AR,2023,February,12 month-ending,Number of Drug Overdose Deaths,572,100,0.008275862,Arkansas,Underreported due to incomplete data.,*,572
AR,2023,January,12 month-ending,Number of Drug Overdose Deaths,574,100,0.008117762,Arkansas,Underreported due to incomplete data.,*,574
AR,2023,July,12 month-ending,Number of Drug Overdose Deaths,543,100,0.03337598,Arkansas,Underreported due to incomplete data.,*,544
AR,2023,June,12 month-ending,Number of Drug Overdose Deaths,554,100,0.022214817,Arkansas,Underreported due to incomplete data.,*,554
AR,2023,March,12 month-ending,Number of Drug Overdose Deaths,550,100,0.008304039,Arkansas,Underreported due to incomplete data.,*,550
AR,2023,May,12 month-ending,Number of Drug Overdose Deaths,558,100,0.016601184,Arkansas,Underreported due to incomplete data.,*,558
AR,2023,October,12 month-ending,Number of Drug Overdose Deaths,529,100,0.1285886,Arkansas,Underreported due to incomplete data.,*,536
AR,2023,September,12 month-ending,Number of Drug Overdose Deaths,546,100,0.075311707,Arkansas,Underreported due to incomplete data.,*,549
AZ,2015,April,12 month-ending,Number of Drug Overdose Deaths,1173,100,0.341348421,Arizona,Numbers may differ from published reports using final data. See Technical Notes.,**,1218
AZ,2015,August,12 month-ending,Number of Drug Overdose Deaths,1240,100,0.293097371,Arizona,Numbers may differ from published reports using final data. See Technical Notes.,**,1279
AZ,2015,December,12 month-ending,Number of Drug Overdose Deaths,1267,100,0.196889869,Arizona,Numbers may differ from published reports using final data. See Technical Notes.,**,1292
AZ,2015,February,12 month-ending,Number of Drug Overdose Deaths,1175,100,0.349430028,Arizona,Numbers may differ from published reports using final data. See Technical Notes.,**,1221
AZ,2015,January,12 month-ending,Number of Drug Overdose Deaths,1193,100,0.32669749,Arizona,Numbers may differ from published reports using final data. See Technical Notes.,**,1236
AZ,2015,July,12 month-ending,Number of Drug Overdose Deaths,1201,100,0.324112881,Arizona,Numbers may differ from published reports using final data. See Technical Notes.,**,1244
AZ,2015,June,12 month-ending,Number of Drug Overdose Deaths,1209,100,0.334817253,Arizona,Numbers may differ from published reports using final data. See Technical Notes.,**,1254
AZ,2015,March,12 month-ending,Number of Drug Overdose Deaths,1174,100,0.342634309,Arizona,Numbers may differ from published reports using final data. See Technical Notes.,**,1219
AZ,2015,May,12 month-ending,Number of Drug Overdose Deaths,1184,100,0.336308126,Arizona,Numbers may differ from published reports using final data. See Technical Notes.,**,1228
AZ,2015,November,12 month-ending,Number of Drug Overdose Deaths,1269,100,0.224178167,Arizona,Numbers may differ from published reports using final data. See Technical Notes.,**,1298
AZ,2015,October,12 month-ending,Number of Drug Overdose Deaths,1264,100,0.249436458,Arizona,Numbers may differ from published reports using final data. See Technical Notes.,**,1297
AZ,2015,September,12 month-ending,Number of Drug Overdose Deaths,1241,100,0.270080284,Arizona,Numbers may differ from published reports using final data. See Technical Notes.,**,1277
AZ,2016,April,12 month-ending,Number of Drug Overdose Deaths,1335,100,0.173648026,Arizona,Numbers may differ from published reports using final data. See Technical Notes.,**,1357
AZ,2016,August,12 month-ending,Number of Drug Overdose Deaths,1410,100,0.372191011,Arizona,Numbers may differ from published reports using final data. See Technical Notes.,**,1469
AZ,2016,December,12 month-ending,Number of Drug Overdose Deaths,1393,100,0.618718867,Arizona,Numbers may differ from published reports using final data. See Technical Notes.,**,1498
AZ,2016,February,12 month-ending,Number of Drug Overdose Deaths,1307,100,0.139897767,Arizona,Numbers may differ from published reports using final data. See Technical Notes.,**,1324
AZ,2016,January,12 month-ending,Number of Drug Overdose Deaths,1298,100,0.160241819,Arizona,Numbers may differ from published reports using final data. See Technical Notes.,**,1318
AZ,2016,July,12 month-ending,Number of Drug Overdose Deaths,1421,100,0.33236613,Arizona,Numbers may differ from published reports using final data. See Technical Notes.,**,1473
AZ,2016,June,12 month-ending,Number of Drug Overdose Deaths,1370,100,0.261262534,Arizona,Numbers may differ from published reports using final data. See Technical Notes.,**,1408
AZ,2016,March,12 month-ending,Number of Drug Overdose Deaths,1313,100,0.154477175,Arizona,Numbers may differ from published reports using final data. See Technical Notes.,**,1332
AZ,2016,May,12 month-ending,Number of Drug Overdose Deaths,1350,100,0.201691377,Arizona,Numbers may differ from published reports using final data. See Technical Notes.,**,1377
AZ,2016,November,12 month-ending,Number of Drug Overdose Deaths,1397,100,0.520505834,Arizona,Numbers may differ from published reports using final data. See Technical Notes.,**,1483
AZ,2016,October,12 month-ending,Number of Drug Overdose Deaths,1405,100,0.464409798,Arizona,Numbers may differ from published reports using final data. See Technical Notes.,**,1481
AZ,2016,September,12 month-ending,Number of Drug Overdose Deaths,1404,100,0.394383972,Arizona,Numbers may differ from published reports using final data. See Technical Notes.,**,1467
AZ,2017,April,12 month-ending,Number of Drug Overdose Deaths,1418,100,0.616431077,Arizona,Numbers may differ from published reports using final data. See Technical Notes.,**,1524
AZ,2017,August,12 month-ending,Number of Drug Overdose Deaths,1468,100,0.499040307,Arizona,Numbers may differ from published reports using final data. See Technical Notes.,**,1554
AZ,2017,December,12 month-ending,Number of Drug Overdose Deaths,1555,100,0.254962355,Arizona,Numbers may differ from published reports using final data. See Technical Notes.,**,1597
AZ,2017,February,12 month-ending,Number of Drug Overdose Deaths,1411,100,0.62534226,Arizona,Numbers may differ from published reports using final data. See Technical Notes.,**,1518
AZ,2017,January,12 month-ending,Number of Drug Overdose Deaths,1417,100,0.618653991,Arizona,Numbers may differ from published reports using final data. See Technical Notes.,**,1523
AZ,2017,July,12 month-ending,Number of Drug Overdose Deaths,1450,100,0.519094643,Arizona,Numbers may differ from published reports using final data. See Technical Notes.,**,1539
AZ,2017,June,12 month-ending,Number of Drug Overdose Deaths,1455,100,0.561275499,Arizona,Numbers may differ from published reports using final data. See Technical Notes.,**,1553
AZ,2017,March,12 month-ending,Number of Drug Overdose Deaths,1429,100,0.627343653,Arizona,Numbers may differ from published reports using final data. See Technical Notes.,**,1538
AZ,2017,May,12 month-ending,Number of Drug Overdose Deaths,1437,100,0.595899226,Arizona,Numbers may differ from published reports using final data. See Technical Notes.,**,1540
AZ,2017,November,12 month-ending,Number of Drug Overdose Deaths,1517,100,0.362995229,Arizona,Numbers may differ from published reports using final data. See Technical Notes.,**,1579
AZ,2017,October,12 month-ending,Number of Drug Overdose Deaths,1503,100,0.40385482,Arizona,Numbers may differ from published reports using final data. See Technical Notes.,**,1572
AZ,2017,September,12 month-ending,Number of Drug Overdose Deaths,1492,100,0.48147955,Arizona,Numbers may differ from published reports using final data. See Technical Notes.,**,1576
AZ,2018,April,12 month-ending,Number of Drug Overdose Deaths,1611,100,0.227174742,Arizona,Numbers may differ from published reports using final data. See Technical Notes.,**,1649
AZ,2018,August,12 month-ending,Number of Drug Overdose Deaths,1676,100,0.16252612,Arizona,Numbers may differ from published reports using final data. See Technical Notes.,**,1702
AZ,2018,December,12 month-ending,Number of Drug Overdose Deaths,1730,100,0.122923588,Arizona,Numbers may differ from published reports using final data. See Technical Notes.,**,1748
AZ,2018,February,12 month-ending,Number of Drug Overdose Deaths,1582,100,0.245425404,Arizona,Numbers may differ from published reports using final data. See Technical Notes.,**,1623
AZ,2018,January,12 month-ending,Number of Drug Overdose Deaths,1571,100,0.245040448,Arizona,Numbers may differ from published reports using final data. See Technical Notes.,**,1611
AZ,2018,July,12 month-ending,Number of Drug Overdose Deaths,1652,100,0.179479509,Arizona,Numbers may differ from published reports using final data. See Technical Notes.,**,1681
AZ,2018,June,12 month-ending,Number of Drug Overdose Deaths,1606,100,0.197950629,Arizona,Numbers may differ from published reports using final data. See Technical Notes.,**,1638
AZ,2018,March,12 month-ending,Number of Drug Overdose Deaths,1594,100,0.237592836,Arizona,Numbers may differ from published reports using final data. See Technical Notes.,**,1633
AZ,2018,May,12 month-ending,Number of Drug Overdose Deaths,1607,100,0.219316464,Arizona,Numbers may differ from published reports using final data. See Technical Notes.,**,1643
AZ,2018,November,12 month-ending,Number of Drug Overdose Deaths,1706,100,0.124205087,Arizona,Numbers may differ from published reports using final data. See Technical Notes.,**,1724
AZ,2018,October,12 month-ending,Number of Drug Overdose Deaths,1672,100,0.142518602,Arizona,Numbers may differ from published reports using final data. See Technical Notes.,**,1694
AZ,2018,September,12 month-ending,Number of Drug Overdose Deaths,1676,100,0.144120863,Arizona,Numbers may differ from published reports using final data. See Technical Notes.,**,1698
AZ,2019,April,12 month-ending,Number of Drug Overdose Deaths,1768,100,0.124036205,Arizona,Numbers may differ from published reports using final data. See Technical Notes.,**,1787
AZ,2019,August,12 month-ending,Number of Drug Overdose Deaths,1830,100,0.097759809,Arizona,Numbers may differ from published reports using final data. See Technical Notes.,**,1844
AZ,2019,December,12 month-ending,Number of Drug Overdose Deaths,1981,100,0.072028418,Arizona,Numbers may differ from published reports using final data. See Technical Notes.,**,1989
AZ,2019,February,12 month-ending,Number of Drug Overdose Deaths,1747,100,0.122763353,Arizona,Numbers may differ from published reports using final data. See Technical Notes.,**,1765
AZ,2019,January,12 month-ending,Number of Drug Overdose Deaths,1725,100,0.12260871,Arizona,Numbers may differ from published reports using final data. See Technical Notes.,**,1743
AZ,2019,July,12 month-ending,Number of Drug Overdose Deaths,1815,100,0.106352926,Arizona,Numbers may differ from published reports using final data. See Technical Notes.,**,1830
AZ,2019,June,12 month-ending,Number of Drug Overdose Deaths,1778,100,0.121609915,Arizona,Numbers may differ from published reports using final data. See Technical Notes.,**,1796
AZ,2019,March,12 month-ending,Number of Drug Overdose Deaths,1764,100,0.120949453,Arizona,Numbers may differ from published reports using final data. See Technical Notes.,**,1782
AZ,2019,May,12 month-ending,Number of Drug Overdose Deaths,1784,100,0.121611941,Arizona,Numbers may differ from published reports using final data. See Technical Notes.,**,1802
AZ,2019,November,12 month-ending,Number of Drug Overdose Deaths,1952,100,0.075282719,Arizona,Numbers may differ from published reports using final data. See Technical Notes.,**,1961
AZ,2019,October,12 month-ending,Number of Drug Overdose Deaths,1945,100,0.09051561,Arizona,Numbers may differ from published reports using final data. See Technical Notes.,**,1958
AZ,2019,September,12 month-ending,Number of Drug Overdose Deaths,1899,100,0.097424042,Arizona,Numbers may differ from published reports using final data. See Technical Notes.,**,1913
AZ,2020,April,12 month-ending,Number of Drug Overdose Deaths,2146,100,0.058886254,Arizona,Numbers may differ from published reports using final data. See Technical Notes.,**,2152
AZ,2020,August,12 month-ending,Number of Drug Overdose Deaths,2586,100,0.076335878,Arizona,Numbers may differ from published reports using final data. See Technical Notes.,**,2598
AZ,2020,December,12 month-ending,Number of Drug Overdose Deaths,2644,100,0.101180438,Arizona,Numbers may differ from published reports using final data. See Technical Notes.,**,2664
AZ,2020,February,12 month-ending,Number of Drug Overdose Deaths,2064,100,0.068001878,Arizona,Numbers may differ from published reports using final data. See Technical Notes.,**,2072
AZ,2020,January,12 month-ending,Number of Drug Overdose Deaths,2025,100,0.071886028,Arizona,Numbers may differ from published reports using final data. See Technical Notes.,**,2034
AZ,2020,July,12 month-ending,Number of Drug Overdose Deaths,2470,100,0.06824551,Arizona,Numbers may differ from published reports using final data. See Technical Notes.,**,2479
AZ,2020,June,12 month-ending,Number of Drug Overdose Deaths,2361,100,0.062658557,Arizona,Numbers may differ from published reports using final data. See Technical Notes.,**,2368
AZ,2020,March,12 month-ending,Number of Drug Overdose Deaths,2101,100,0.062757467,Arizona,Numbers may differ from published reports using final data. See Technical Notes.,**,2108
AZ,2020,May,12 month-ending,Number of Drug Overdose Deaths,2220,100,0.066036698,Arizona,Numbers may differ from published reports using final data. See Technical Notes.,**,2228
AZ,2020,November,12 month-ending,Number of Drug Overdose Deaths,2649,100,0.097014416,Arizona,Numbers may differ from published reports using final data. See Technical Notes.,**,2668
AZ,2020,October,12 month-ending,Number of Drug Overdose Deaths,2615,100,0.087301147,Arizona,Numbers may differ from published reports using final data. See Technical Notes.,**,2631
AZ,2020,September,12 month-ending,Number of Drug Overdose Deaths,2585,100,0.077023261,Arizona,Numbers may differ from published reports using final data. See Technical Notes.,**,2597
AZ,2021,April,12 month-ending,Number of Drug Overdose Deaths,2745,100,0.089502776,Arizona,Numbers may differ from published reports using final data. See Technical Notes.,**,2762
AZ,2021,August,12 month-ending,Number of Drug Overdose Deaths,2677,100,0.071960611,Arizona,Numbers may differ from published reports using final data. See Technical Notes.,**,2688
AZ,2021,December,12 month-ending,Number of Drug Overdose Deaths,2780,100,0.035156629,Arizona,Numbers may differ from published reports using final data. See Technical Notes.,**,2780
AZ,2021,February,12 month-ending,Number of Drug Overdose Deaths,2692,100,0.089355793,Arizona,Numbers may differ from published reports using final data. See Technical Notes.,**,2709
AZ,2021,January,12 month-ending,Number of Drug Overdose Deaths,2671,100,0.094406709,Arizona,Numbers may differ from published reports using final data. See Technical Notes.,**,2689
AZ,2021,July,12 month-ending,Number of Drug Overdose Deaths,2694,100,0.080835638,Arizona,Numbers may differ from published reports using final data. See Technical Notes.,**,2708
AZ,2021,June,12 month-ending,Number of Drug Overdose Deaths,2752,100,0.083170254,Arizona,Numbers may differ from published reports using final data. See Technical Notes.,**,2767
AZ,2021,March,12 month-ending,Number of Drug Overdose Deaths,2710,100,0.09272863,Arizona,Numbers may differ from published reports using final data. See Technical Notes.,**,2728
AZ,2021,May,12 month-ending,Number of Drug Overdose Deaths,2777,100,0.08601369,Arizona,Numbers may differ from published reports using final data. See Technical Notes.,**,2793
AZ,2021,November,12 month-ending,Number of Drug Overdose Deaths,2721,100,0.049266411,Arizona,Numbers may differ from published reports using final data. See Technical Notes.,**,2725
AZ,2021,October,12 month-ending,Number of Drug Overdose Deaths,2728,100,0.057363244,Arizona,Numbers may differ from published reports using final data. See Technical Notes.,**,2735
AZ,2021,September,12 month-ending,Number of Drug Overdose Deaths,2712,100,0.066949342,Arizona,Numbers may differ from published reports using final data. See Technical Notes.,**,2722
AZ,2022,April,12 month-ending,Number of Drug Overdose Deaths,2748,100,0.040637391,Arizona,Numbers may differ from published reports using final data. See Technical Notes.,**,2749
AZ,2022,August,12 month-ending,Number of Drug Overdose Deaths,2739,100,0.044772221,Arizona,Numbers may differ from published reports using final data. See Technical Notes.,**,2742
AZ,2022,December,12 month-ending,Number of Drug Overdose Deaths,2737,100,0.042605315,Arizona,Numbers may differ from published reports using final data. See Technical Notes.,**,2739
AZ,2022,February,12 month-ending,Number of Drug Overdose Deaths,2770,100,0.038324123,Arizona,Numbers may differ from published reports using final data. See Technical Notes.,**,2770
AZ,2022,January,12 month-ending,Number of Drug Overdose Deaths,2772,100,0.038403885,Arizona,Numbers may differ from published reports using final data. See Technical Notes.,**,2772
AZ,2022,July,12 month-ending,Number of Drug Overdose Deaths,2777,100,0.04296851,Arizona,Numbers may differ from published reports using final data. See Technical Notes.,**,2779
AZ,2022,June,12 month-ending,Number of Drug Overdose Deaths,2680,100,0.04561144,Arizona,Numbers may differ from published reports using final data. See Technical Notes.,**,2683
AZ,2022,March,12 month-ending,Number of Drug Overdose Deaths,2768,100,0.037006883,Arizona,Numbers may differ from published reports using final data. See Technical Notes.,**,2768
AZ,2022,May,12 month-ending,Number of Drug Overdose Deaths,2698,100,0.040614385,Arizona,Numbers may differ from published reports using final data. See Technical Notes.,**,2699
AZ,2022,November,12 month-ending,Number of Drug Overdose Deaths,2745,100,0.046963056,Arizona,Numbers may differ from published reports using final data. See Technical Notes.,**,2748
AZ,2022,October,12 month-ending,Number of Drug Overdose Deaths,2729,100,0.044956521,Arizona,Numbers may differ from published reports using final data. See Technical Notes.,**,2732
AZ,2022,September,12 month-ending,Number of Drug Overdose Deaths,2737,100,0.048069017,Arizona,Numbers may differ from published reports using final data. See Technical Notes.,**,2741
AZ,2023,April,12 month-ending,Number of Drug Overdose Deaths,2808,100,0.041528814,Arizona,Underreported due to incomplete data.,*,2812
AZ,2023,August,12 month-ending,Number of Drug Overdose Deaths,2827,100,0.050249853,Arizona,Underreported due to incomplete data.,*,2838
AZ,2023,February,12 month-ending,Number of Drug Overdose Deaths,2771,100,0.044464824,Arizona,Underreported due to incomplete data.,*,2771
AZ,2023,January,12 month-ending,Number of Drug Overdose Deaths,2759,100,0.041049218,Arizona,Underreported due to incomplete data.,*,2759
AZ,2023,July,12 month-ending,Number of Drug Overdose Deaths,2798,100,0.041805437,Arizona,Underreported due to incomplete data.,*,2805
AZ,2023,June,12 month-ending,Number of Drug Overdose Deaths,2774,100,0.041715915,Arizona,Underreported due to incomplete data.,*,2778
AZ,2023,March,12 month-ending,Number of Drug Overdose Deaths,2786,100,0.041747262,Arizona,Underreported due to incomplete data.,*,2791
AZ,2023,May,12 month-ending,Number of Drug Overdose Deaths,2822,100,0.044348971,Arizona,Underreported due to incomplete data.,*,2830
AZ,2023,October,12 month-ending,Number of Drug Overdose Deaths,2782,100,0.071483636,Arizona,Underreported due to incomplete data.,*,2798
AZ,2023,September,12 month-ending,Number of Drug Overdose Deaths,2801,100,0.05884908,Arizona,Underreported due to incomplete data.,*,2811
CA,2015,April,12 month-ending,Number of Drug Overdose Deaths,4625,100,0.22267839,California,Numbers may differ from published reports using final data. See Technical Notes.,**,4730
CA,2015,August,12 month-ending,Number of Drug Overdose Deaths,4670,100,0.233950964,California,Numbers may differ from published reports using final data. See Technical Notes.,**,4782
CA,2015,December,12 month-ending,Number of Drug Overdose Deaths,4762,100,0.355918392,California,Numbers may differ from published reports using final data. See Technical Notes.,**,4951
CA,2015,February,12 month-ending,Number of Drug Overdose Deaths,4616,100,0.23087388,California,Numbers may differ from published reports using final data. See Technical Notes.,**,4725
CA,2015,January,12 month-ending,Number of Drug Overdose Deaths,4603,100,0.238123058,California,Numbers may differ from published reports using final data. See Technical Notes.,**,4716
CA,2015,July,12 month-ending,Number of Drug Overdose Deaths,4628,100,0.224339022,California,Numbers may differ from published reports using final data. See Technical Notes.,**,4734
CA,2015,June,12 month-ending,Number of Drug Overdose Deaths,4604,100,0.219747447,California,Numbers may differ from published reports using final data. See Technical Notes.,**,4707
CA,2015,March,12 month-ending,Number of Drug Overdose Deaths,4608,100,0.224616363,California,Numbers may differ from published reports using final data. See Technical Notes.,**,4714
CA,2015,May,12 month-ending,Number of Drug Overdose Deaths,4607,100,0.217444398,California,Numbers may differ from published reports using final data. See Technical Notes.,**,4708
CA,2015,November,12 month-ending,Number of Drug Overdose Deaths,4747,100,0.308336682,California,Numbers may differ from published reports using final data. See Technical Notes.,**,4906
CA,2015,October,12 month-ending,Number of Drug Overdose Deaths,4784,100,0.278952473,California,Numbers may differ from published reports using final data. See Technical Notes.,**,4926
CA,2015,September,12 month-ending,Number of Drug Overdose Deaths,4747,100,0.255868846,California,Numbers may differ from published reports using final data. See Technical Notes.,**,4874
CA,2016,April,12 month-ending,Number of Drug Overdose Deaths,4795,100,0.37768306,California,Numbers may differ from published reports using final data. See Technical Notes.,**,4998
CA,2016,August,12 month-ending,Number of Drug Overdose Deaths,4791,100,0.420198563,California,Numbers may differ from published reports using final data. See Technical Notes.,**,5021
CA,2016,December,12 month-ending,Number of Drug Overdose Deaths,4755,100,0.363983146,California,Numbers may differ from published reports using final data. See Technical Notes.,**,4948
CA,2016,February,12 month-ending,Number of Drug Overdose Deaths,4745,100,0.363904371,California,Numbers may differ from published reports using final data. See Technical Notes.,**,4938
CA,2016,January,12 month-ending,Number of Drug Overdose Deaths,4745,100,0.359810723,California,Numbers may differ from published reports using final data. See Technical Notes.,**,4935
CA,2016,July,12 month-ending,Number of Drug Overdose Deaths,4816,100,0.410163492,California,Numbers may differ from published reports using final data. See Technical Notes.,**,5041
CA,2016,June,12 month-ending,Number of Drug Overdose Deaths,4844,100,0.396990825,California,Numbers may differ from published reports using final data. See Technical Notes.,**,5062
CA,2016,March,12 month-ending,Number of Drug Overdose Deaths,4768,100,0.371438627,California,Numbers may differ from published reports using final data. See Technical Notes.,**,4966
CA,2016,May,12 month-ending,Number of Drug Overdose Deaths,4811,100,0.391883987,California,Numbers may differ from published reports using final data. See Technical Notes.,**,5024
CA,2016,November,12 month-ending,Number of Drug Overdose Deaths,4709,100,0.39297149,California,Numbers may differ from published reports using final data. See Technical Notes.,**,4918
CA,2016,October,12 month-ending,Number of Drug Overdose Deaths,4659,100,0.417124959,California,Numbers may differ from published reports using final data. See Technical Notes.,**,4881
CA,2016,September,12 month-ending,Number of Drug Overdose Deaths,4716,100,0.419781637,California,Numbers may differ from published reports using final data. See Technical Notes.,**,4942
CA,2017,April,12 month-ending,Number of Drug Overdose Deaths,4714,100,0.360365794,California,Numbers may differ from published reports using final data. See Technical Notes.,**,4903
CA,2017,August,12 month-ending,Number of Drug Overdose Deaths,4900,100,0.354595339,California,Numbers may differ from published reports using final data. See Technical Notes.,**,5093
CA,2017,December,12 month-ending,Number of Drug Overdose Deaths,5028,100,0.331505659,California,Numbers may differ from published reports using final data. See Technical Notes.,**,5211
CA,2017,February,12 month-ending,Number of Drug Overdose Deaths,4724,100,0.363548505,California,Numbers may differ from published reports using final data. See Technical Notes.,**,4916
CA,2017,January,12 month-ending,Number of Drug Overdose Deaths,4771,100,0.364814954,California,Numbers may differ from published reports using final data. See Technical Notes.,**,4965
CA,2017,July,12 month-ending,Number of Drug Overdose Deaths,4870,100,0.35830229,California,Numbers may differ from published reports using final data. See Technical Notes.,**,5064
CA,2017,June,12 month-ending,Number of Drug Overdose Deaths,4808,100,0.360438671,California,Numbers may differ from published reports using final data. See Technical Notes.,**,5001
CA,2017,March,12 month-ending,Number of Drug Overdose Deaths,4721,100,0.361827569,California,Numbers may differ from published reports using final data. See Technical Notes.,**,4912
CA,2017,May,12 month-ending,Number of Drug Overdose Deaths,4761,100,0.35645396,California,Numbers may differ from published reports using final data. See Technical Notes.,**,4950
CA,2017,November,12 month-ending,Number of Drug Overdose Deaths,5059,100,0.34094847,California,Numbers may differ from published reports using final data. See Technical Notes.,**,5250
CA,2017,October,12 month-ending,Number of Drug Overdose Deaths,5078,100,0.345423787,California,Numbers may differ from published reports using final data. See Technical Notes.,**,5272
CA,2017,September,12 month-ending,Number of Drug Overdose Deaths,4972,100,0.352493566,California,Numbers may differ from published reports using final data. See Technical Notes.,**,5167
CA,2018,April,12 month-ending,Number of Drug Overdose Deaths,5201,100,0.303674906,California,Numbers may differ from published reports using final data. See Technical Notes.,**,5372
CA,2018,August,12 month-ending,Number of Drug Overdose Deaths,5289,100,0.275972417,California,Numbers may differ from published reports using final data. See Technical Notes.,**,5444
CA,2018,December,12 month-ending,Number of Drug Overdose Deaths,5494,100,0.233257309,California,Numbers may differ from published reports using final data. See Technical Notes.,**,5626
CA,2018,February,12 month-ending,Number of Drug Overdose Deaths,5174,100,0.315259905,California,Numbers may differ from published reports using final data. See Technical Notes.,**,5352
CA,2018,January,12 month-ending,Number of Drug Overdose Deaths,5092,100,0.320261221,California,Numbers may differ from published reports using final data. See Technical Notes.,**,5270
CA,2018,July,12 month-ending,Number of Drug Overdose Deaths,5209,100,0.288904735,California,Numbers may differ from published reports using final data. See Technical Notes.,**,5370
CA,2018,June,12 month-ending,Number of Drug Overdose Deaths,5192,100,0.29568281,California,Numbers may differ from published reports using final data. See Technical Notes.,**,5357
CA,2018,March,12 month-ending,Number of Drug Overdose Deaths,5195,100,0.310364413,California,Numbers may differ from published reports using final data. See Technical Notes.,**,5370
CA,2018,May,12 month-ending,Number of Drug Overdose Deaths,5164,100,0.304927332,California,Numbers may differ from published reports using final data. See Technical Notes.,**,5335
CA,2018,November,12 month-ending,Number of Drug Overdose Deaths,5400,100,0.248204653,California,Numbers may differ from published reports using final data. See Technical Notes.,**,5540
CA,2018,October,12 month-ending,Number of Drug Overdose Deaths,5370,100,0.248486591,California,Numbers may differ from published reports using final data. See Technical Notes.,**,5509
CA,2018,September,12 month-ending,Number of Drug Overdose Deaths,5341,100,0.259446808,California,Numbers may differ from published reports using final data. See Technical Notes.,**,5487
CA,2019,April,12 month-ending,Number of Drug Overdose Deaths,5700,100,0.246863633,California,Numbers may differ from published reports using final data. See Technical Notes.,**,5846
CA,2019,August,12 month-ending,Number of Drug Overdose Deaths,6041,100,0.245172012,California,Numbers may differ from published reports using final data. See Technical Notes.,**,6195
CA,2019,December,12 month-ending,Number of Drug Overdose Deaths,6363,100,0.261706667,California,Numbers may differ from published reports using final data. See Technical Notes.,**,6538
CA,2019,February,12 month-ending,Number of Drug Overdose Deaths,5555,100,0.2463322,California,Numbers may differ from published reports using final data. See Technical Notes.,**,5697
CA,2019,January,12 month-ending,Number of Drug Overdose Deaths,5515,100,0.24349888,California,Numbers may differ from published reports using final data. See Technical Notes.,**,5654
CA,2019,July,12 month-ending,Number of Drug Overdose Deaths,5945,100,0.244343049,California,Numbers may differ from published reports using final data. See Technical Notes.,**,6096
CA,2019,June,12 month-ending,Number of Drug Overdose Deaths,5883,100,0.24293278,California,Numbers may differ from published reports using final data. See Technical Notes.,**,6031
CA,2019,March,12 month-ending,Number of Drug Overdose Deaths,5623,100,0.245026304,California,Numbers may differ from published reports using final data. See Technical Notes.,**,5766
CA,2019,May,12 month-ending,Number of Drug Overdose Deaths,5801,100,0.241214887,California,Numbers may differ from published reports using final data. See Technical Notes.,**,5946
CA,2019,November,12 month-ending,Number of Drug Overdose Deaths,6285,100,0.257585066,California,Numbers may differ from published reports using final data. See Technical Notes.,**,6455
CA,2019,October,12 month-ending,Number of Drug Overdose Deaths,6133,100,0.256447315,California,Numbers may differ from published reports using final data. See Technical Notes.,**,6298
CA,2019,September,12 month-ending,Number of Drug Overdose Deaths,6091,100,0.250358053,California,Numbers may differ from published reports using final data. See Technical Notes.,**,6250
CA,2020,April,12 month-ending,Number of Drug Overdose Deaths,6961,100,0.271433276,California,Numbers may differ from published reports using final data. See Technical Notes.,**,7161
CA,2020,August,12 month-ending,Number of Drug Overdose Deaths,8220,100,0.29131401,California,Numbers may differ from published reports using final data. See Technical Notes.,**,8477
CA,2020,December,12 month-ending,Number of Drug Overdose Deaths,9209,100,0.357507979,California,Numbers may differ from published reports using final data. See Technical Notes.,**,9575
CA,2020,February,12 month-ending,Number of Drug Overdose Deaths,6591,100,0.264779228,California,Numbers may differ from published reports using final data. See Technical Notes.,**,6775
CA,2020,January,12 month-ending,Number of Drug Overdose Deaths,6455,100,0.262805318,California,Numbers may differ from published reports using final data. See Technical Notes.,**,6634
CA,2020,July,12 month-ending,Number of Drug Overdose Deaths,7793,100,0.276320002,California,Numbers may differ from published reports using final data. See Technical Notes.,**,8022
CA,2020,June,12 month-ending,Number of Drug Overdose Deaths,7444,100,0.272987076,California,Numbers may differ from published reports using final data. See Technical Notes.,**,7660
CA,2020,March,12 month-ending,Number of Drug Overdose Deaths,6746,100,0.271027524,California,Numbers may differ from published reports using final data. See Technical Notes.,**,6940
CA,2020,May,12 month-ending,Number of Drug Overdose Deaths,7224,100,0.272932029,California,Numbers may differ from published reports using final data. See Technical Notes.,**,7433
CA,2020,November,12 month-ending,Number of Drug Overdose Deaths,8940,100,0.34166842,California,Numbers may differ from published reports using final data. See Technical Notes.,**,9277
CA,2020,October,12 month-ending,Number of Drug Overdose Deaths,8749,100,0.33154884,California,Numbers may differ from published reports using final data. See Technical Notes.,**,9068
CA,2020,September,12 month-ending,Number of Drug Overdose Deaths,8480,100,0.311160096,California,Numbers may differ from published reports using final data. See Technical Notes.,**,8767
CA,2021,April,12 month-ending,Number of Drug Overdose Deaths,10365,100,0.346343184,California,Numbers may differ from published reports using final data. See Technical Notes.,**,10762
CA,2021,August,12 month-ending,Number of Drug Overdose Deaths,10888,100,0.374729987,California,Numbers may differ from published reports using final data. See Technical Notes.,**,11345
CA,2021,December,12 month-ending,Number of Drug Overdose Deaths,11398,100,0.410797245,California,Numbers may differ from published reports using final data. See Technical Notes.,**,11930
CA,2021,February,12 month-ending,Number of Drug Overdose Deaths,9852,100,0.337388288,California,Numbers may differ from published reports using final data. See Technical Notes.,**,10218
CA,2021,January,12 month-ending,Number of Drug Overdose Deaths,9629,100,0.339133171,California,Numbers may differ from published reports using final data. See Technical Notes.,**,9989
CA,2021,July,12 month-ending,Number of Drug Overdose Deaths,10876,100,0.371086223,California,Numbers may differ from published reports using final data. See Technical Notes.,**,11328
CA,2021,June,12 month-ending,Number of Drug Overdose Deaths,10765,100,0.364918161,California,Numbers may differ from published reports using final data. See Technical Notes.,**,11203
CA,2021,March,12 month-ending,Number of Drug Overdose Deaths,10122,100,0.339763106,California,Numbers may differ from published reports using final data. See Technical Notes.,**,10501
CA,2021,May,12 month-ending,Number of Drug Overdose Deaths,10553,100,0.351801471,California,Numbers may differ from published reports using final data. See Technical Notes.,**,10965
CA,2021,November,12 month-ending,Number of Drug Overdose Deaths,11348,100,0.381871893,California,Numbers may differ from published reports using final data. See Technical Notes.,**,11835
CA,2021,October,12 month-ending,Number of Drug Overdose Deaths,11207,100,0.373361868,California,Numbers may differ from published reports using final data. See Technical Notes.,**,11676
CA,2021,September,12 month-ending,Number of Drug Overdose Deaths,11062,100,0.375132267,California,Numbers may differ from published reports using final data. See Technical Notes.,**,11527
CA,2022,April,12 month-ending,Number of Drug Overdose Deaths,11475,100,0.436578504,California,Numbers may differ from published reports using final data. See Technical Notes.,**,12050
CA,2022,August,12 month-ending,Number of Drug Overdose Deaths,11491,100,0.410859683,California,Numbers may differ from published reports using final data. See Technical Notes.,**,12028
CA,2022,December,12 month-ending,Number of Drug Overdose Deaths,11761,100,0.348228912,California,Numbers may differ from published reports using final data. See Technical Notes.,**,12214
CA,2022,February,12 month-ending,Number of Drug Overdose Deaths,11480,100,0.428346476,California,Numbers may differ from published reports using final data. See Technical Notes.,**,12043
CA,2022,January,12 month-ending,Number of Drug Overdose Deaths,11356,100,0.426123551,California,Numbers may differ from published reports using final data. See Technical Notes.,**,11909
CA,2022,July,12 month-ending,Number of Drug Overdose Deaths,11469,100,0.4192085,California,Numbers may differ from published reports using final data. See Technical Notes.,**,12017
CA,2022,June,12 month-ending,Number of Drug Overdose Deaths,11433,100,0.428099277,California,Numbers may differ from published reports using final data. See Technical Notes.,**,11993
CA,2022,March,12 month-ending,Number of Drug Overdose Deaths,11469,100,0.433495188,California,Numbers may differ from published reports using final data. See Technical Notes.,**,12039
CA,2022,May,12 month-ending,Number of Drug Overdose Deaths,11459,100,0.440331485,California,Numbers may differ from published reports using final data. See Technical Notes.,**,12039
CA,2022,November,12 month-ending,Number of Drug Overdose Deaths,11638,100,0.384932287,California,Numbers may differ from published reports using final data. See Technical Notes.,**,12142
CA,2022,October,12 month-ending,Number of Drug Overdose Deaths,11627,100,0.396241908,California,Numbers may differ from published reports using final data. See Technical Notes.,**,12148
CA,2022,September,12 month-ending,Number of Drug Overdose Deaths,11608,100,0.407706728,California,Numbers may differ from published reports using final data. See Technical Notes.,**,12145
CA,2023,April,12 month-ending,Number of Drug Overdose Deaths,12154,100,0.386433202,California,Underreported due to incomplete data.,*,12690
CA,2023,August,12 month-ending,Number of Drug Overdose Deaths,12256,100,0.546996471,California,Underreported due to incomplete data.,*,13075
CA,2023,February,12 month-ending,Number of Drug Overdose Deaths,11912,100,0.370075359,California,Underreported due to incomplete data.,*,12377
CA,2023,January,12 month-ending,Number of Drug Overdose Deaths,11894,100,0.35802613,California,Underreported due to incomplete data.,*,12297
CA,2023,July,12 month-ending,Number of Drug Overdose Deaths,12310,100,0.499556607,California,Underreported due to incomplete data.,*,13050
CA,2023,June,12 month-ending,Number of Drug Overdose Deaths,12265,100,0.440143144,California,Underreported due to incomplete data.,*,12889
CA,2023,March,12 month-ending,Number of Drug Overdose Deaths,12089,100,0.373910516,California,Underreported due to incomplete data.,*,12608
CA,2023,May,12 month-ending,Number of Drug Overdose Deaths,12280,100,0.406628467,California,Underreported due to incomplete data.,*,12867
CA,2023,October,12 month-ending,Number of Drug Overdose Deaths,11774,100,0.73446234,California,Underreported due to incomplete data.,*,12859
CA,2023,September,12 month-ending,Number of Drug Overdose Deaths,11989,100,0.612630064,California,Underreported due to incomplete data.,*,12880
CO,2015,April,12 month-ending,Number of Drug Overdose Deaths,950,100,0.021857326,Colorado,Numbers may differ from published reports using final data. See Technical Notes.,**,950
CO,2015,August,12 month-ending,Number of Drug Overdose Deaths,928,100,0.037710438,Colorado,Numbers may differ from published reports using final data. See Technical Notes.,**,928
CO,2015,December,12 month-ending,Number of Drug Overdose Deaths,913,100,0.040548212,Colorado,Numbers may differ from published reports using final data. See Technical Notes.,**,914
CO,2015,February,12 month-ending,Number of Drug Overdose Deaths,932,100,0.019267823,Colorado,Numbers may differ from published reports using final data. See Technical Notes.,**,932
CO,2015,January,12 month-ending,Number of Drug Overdose Deaths,923,100,0.01930289,Colorado,Numbers may differ from published reports using final data. See Technical Notes.,**,923
CO,2015,July,12 month-ending,Number of Drug Overdose Deaths,918,100,0.03517316,Colorado,Numbers may differ from published reports using final data. See Technical Notes.,**,918
CO,2015,June,12 month-ending,Number of Drug Overdose Deaths,921,100,0.024445893,Colorado,Numbers may differ from published reports using final data. See Technical Notes.,**,921
CO,2015,March,12 month-ending,Number of Drug Overdose Deaths,939,100,0.019283747,Colorado,Numbers may differ from published reports using final data. See Technical Notes.,**,939
CO,2015,May,12 month-ending,Number of Drug Overdose Deaths,927,100,0.021817983,Colorado,Numbers may differ from published reports using final data. See Technical Notes.,**,927
CO,2015,November,12 month-ending,Number of Drug Overdose Deaths,908,100,0.040383373,Colorado,Numbers may differ from published reports using final data. See Technical Notes.,**,909
CO,2015,October,12 month-ending,Number of Drug Overdose Deaths,915,100,0.045767823,Colorado,Numbers may differ from published reports using final data. See Technical Notes.,**,916
CO,2015,September,12 month-ending,Number of Drug Overdose Deaths,917,100,0.043125522,Colorado,Numbers may differ from published reports using final data. See Technical Notes.,**,918
CO,2016,April,12 month-ending,Number of Drug Overdose Deaths,894,100,0.042836872,Colorado,Numbers may differ from published reports using final data. See Technical Notes.,**,895
CO,2016,August,12 month-ending,Number of Drug Overdose Deaths,934,100,0.029216467,Colorado,Numbers may differ from published reports using final data. See Technical Notes.,**,934
CO,2016,December,12 month-ending,Number of Drug Overdose Deaths,965,100,0.031453959,Colorado,Numbers may differ from published reports using final data. See Technical Notes.,**,965
CO,2016,February,12 month-ending,Number of Drug Overdose Deaths,912,100,0.04055479,Colorado,Numbers may differ from published reports using final data. See Technical Notes.,**,913
CO,2016,January,12 month-ending,Number of Drug Overdose Deaths,913,100,0.040814105,Colorado,Numbers may differ from published reports using final data. See Technical Notes.,**,914
CO,2016,July,12 month-ending,Number of Drug Overdose Deaths,928,100,0.026581606,Colorado,Numbers may differ from published reports using final data. See Technical Notes.,**,928
CO,2016,June,12 month-ending,Number of Drug Overdose Deaths,935,100,0.037329352,Colorado,Numbers may differ from published reports using final data. See Technical Notes.,**,935
CO,2016,March,12 month-ending,Number of Drug Overdose Deaths,908,100,0.045470351,Colorado,Numbers may differ from published reports using final data. See Technical Notes.,**,909
CO,2016,May,12 month-ending,Number of Drug Overdose Deaths,915,100,0.042626882,Colorado,Numbers may differ from published reports using final data. See Technical Notes.,**,916
CO,2016,November,12 month-ending,Number of Drug Overdose Deaths,952,100,0.026263953,Colorado,Numbers may differ from published reports using final data. See Technical Notes.,**,952
CO,2016,October,12 month-ending,Number of Drug Overdose Deaths,948,100,0.02628259,Colorado,Numbers may differ from published reports using final data. See Technical Notes.,**,948
CO,2016,September,12 month-ending,Number of Drug Overdose Deaths,933,100,0.034360628,Colorado,Numbers may differ from published reports using final data. See Technical Notes.,**,933
CO,2017,April,12 month-ending,Number of Drug Overdose Deaths,989,100,0.028555853,Colorado,Numbers may differ from published reports using final data. See Technical Notes.,**,989
CO,2017,August,12 month-ending,Number of Drug Overdose Deaths,1019,100,0.033871808,Colorado,Numbers may differ from published reports using final data. See Technical Notes.,**,1019
CO,2017,December,12 month-ending,Number of Drug Overdose Deaths,1040,100,0.030960551,Colorado,Numbers may differ from published reports using final data. See Technical Notes.,**,1040
CO,2017,February,12 month-ending,Number of Drug Overdose Deaths,967,100,0.031284217,Colorado,Numbers may differ from published reports using final data. See Technical Notes.,**,967
CO,2017,January,12 month-ending,Number of Drug Overdose Deaths,977,100,0.031384036,Colorado,Numbers may differ from published reports using final data. See Technical Notes.,**,977
CO,2017,July,12 month-ending,Number of Drug Overdose Deaths,1013,100,0.039096098,Colorado,Numbers may differ from published reports using final data. See Technical Notes.,**,1014
CO,2017,June,12 month-ending,Number of Drug Overdose Deaths,997,100,0.036391994,Colorado,Numbers may differ from published reports using final data. See Technical Notes.,**,997
CO,2017,March,12 month-ending,Number of Drug Overdose Deaths,964,100,0.026066104,Colorado,Numbers may differ from published reports using final data. See Technical Notes.,**,964
CO,2017,May,12 month-ending,Number of Drug Overdose Deaths,983,100,0.033845353,Colorado,Numbers may differ from published reports using final data. See Technical Notes.,**,983
CO,2017,November,12 month-ending,Number of Drug Overdose Deaths,1046,100,0.03358826,Colorado,Numbers may differ from published reports using final data. See Technical Notes.,**,1046
CO,2017,October,12 month-ending,Number of Drug Overdose Deaths,1027,100,0.036278829,Colorado,Numbers may differ from published reports using final data. See Technical Notes.,**,1027
CO,2017,September,12 month-ending,Number of Drug Overdose Deaths,1024,100,0.028540294,Colorado,Numbers may differ from published reports using final data. See Technical Notes.,**,1024
CO,2018,April,12 month-ending,Number of Drug Overdose Deaths,1048,100,0.030823765,Colorado,Numbers may differ from published reports using final data. See Technical Notes.,**,1048
CO,2018,August,12 month-ending,Number of Drug Overdose Deaths,1027,100,0.022908924,Colorado,Numbers may differ from published reports using final data. See Technical Notes.,**,1027
CO,2018,December,12 month-ending,Number of Drug Overdose Deaths,1004,100,0.033208164,Colorado,Numbers may differ from published reports using final data. See Technical Notes.,**,1004
CO,2018,February,12 month-ending,Number of Drug Overdose Deaths,1053,100,0.033373553,Colorado,Numbers may differ from published reports using final data. See Technical Notes.,**,1053
CO,2018,January,12 month-ending,Number of Drug Overdose Deaths,1048,100,0.03078107,Colorado,Numbers may differ from published reports using final data. See Technical Notes.,**,1048
CO,2018,July,12 month-ending,Number of Drug Overdose Deaths,1035,100,0.025585263,Colorado,Numbers may differ from published reports using final data. See Technical Notes.,**,1035
CO,2018,June,12 month-ending,Number of Drug Overdose Deaths,1035,100,0.023092318,Colorado,Numbers may differ from published reports using final data. See Technical Notes.,**,1035
CO,2018,March,12 month-ending,Number of Drug Overdose Deaths,1068,100,0.033364987,Colorado,Numbers may differ from published reports using final data. See Technical Notes.,**,1068
CO,2018,May,12 month-ending,Number of Drug Overdose Deaths,1058,100,0.025636424,Colorado,Numbers may differ from published reports using final data. See Technical Notes.,**,1058
CO,2018,November,12 month-ending,Number of Drug Overdose Deaths,991,100,0.020405561,Colorado,Numbers may differ from published reports using final data. See Technical Notes.,**,991
CO,2018,October,12 month-ending,Number of Drug Overdose Deaths,1018,100,0.017871276,Colorado,Numbers may differ from published reports using final data. See Technical Notes.,**,1018
CO,2018,September,12 month-ending,Number of Drug Overdose Deaths,1017,100,0.022967972,Colorado,Numbers may differ from published reports using final data. See Technical Notes.,**,1017
CO,2019,April,12 month-ending,Number of Drug Overdose Deaths,994,100,0.033217498,Colorado,Numbers may differ from published reports using final data. See Technical Notes.,**,994
CO,2019,August,12 month-ending,Number of Drug Overdose Deaths,1017,100,0.027785496,Colorado,Numbers may differ from published reports using final data. See Technical Notes.,**,1017
CO,2019,December,12 month-ending,Number of Drug Overdose Deaths,1100,100,0.014960728,Colorado,Numbers may differ from published reports using final data. See Technical Notes.,**,1100
CO,2019,February,12 month-ending,Number of Drug Overdose Deaths,999,100,0.030721966,Colorado,Numbers may differ from published reports using final data. See Technical Notes.,**,999
CO,2019,January,12 month-ending,Number of Drug Overdose Deaths,992,100,0.033324789,Colorado,Numbers may differ from published reports using final data. See Technical Notes.,**,992
CO,2019,July,12 month-ending,Number of Drug Overdose Deaths,1008,100,0.027742749,Colorado,Numbers may differ from published reports using final data. See Technical Notes.,**,1008
CO,2019,June,12 month-ending,Number of Drug Overdose Deaths,1007,100,0.032874772,Colorado,Numbers may differ from published reports using final data. See Technical Notes.,**,1007
CO,2019,March,12 month-ending,Number of Drug Overdose Deaths,989,100,0.033190359,Colorado,Numbers may differ from published reports using final data. See Technical Notes.,**,989
CO,2019,May,12 month-ending,Number of Drug Overdose Deaths,992,100,0.03305617,Colorado,Numbers may differ from published reports using final data. See Technical Notes.,**,992
CO,2019,November,12 month-ending,Number of Drug Overdose Deaths,1072,100,0.020027538,Colorado,Numbers may differ from published reports using final data. See Technical Notes.,**,1072
CO,2019,October,12 month-ending,Number of Drug Overdose Deaths,1054,100,0.020067225,Colorado,Numbers may differ from published reports using final data. See Technical Notes.,**,1054
CO,2019,September,12 month-ending,Number of Drug Overdose Deaths,1038,100,0.022663746,Colorado,Numbers may differ from published reports using final data. See Technical Notes.,**,1038
CO,2020,April,12 month-ending,Number of Drug Overdose Deaths,1230,100,0.011909866,Colorado,Numbers may differ from published reports using final data. See Technical Notes.,**,1230
CO,2020,August,12 month-ending,Number of Drug Overdose Deaths,1438,100,0.020549822,Colorado,Numbers may differ from published reports using final data. See Technical Notes.,**,1438
CO,2020,December,12 month-ending,Number of Drug Overdose Deaths,1512,100,0.018909549,Colorado,Numbers may differ from published reports using final data. See Technical Notes.,**,1512
CO,2020,February,12 month-ending,Number of Drug Overdose Deaths,1131,100,0.014823599,Colorado,Numbers may differ from published reports using final data. See Technical Notes.,**,1131
CO,2020,January,12 month-ending,Number of Drug Overdose Deaths,1120,100,0.014915355,Colorado,Numbers may differ from published reports using final data. See Technical Notes.,**,1120
CO,2020,July,12 month-ending,Number of Drug Overdose Deaths,1375,100,0.020792903,Colorado,Numbers may differ from published reports using final data. See Technical Notes.,**,1375
CO,2020,June,12 month-ending,Number of Drug Overdose Deaths,1321,100,0.018663245,Colorado,Numbers may differ from published reports using final data. See Technical Notes.,**,1321
CO,2020,March,12 month-ending,Number of Drug Overdose Deaths,1174,100,0.012293167,Colorado,Numbers may differ from published reports using final data. See Technical Notes.,**,1174
CO,2020,May,12 month-ending,Number of Drug Overdose Deaths,1296,100,0.016491931,Colorado,Numbers may differ from published reports using final data. See Technical Notes.,**,1296
CO,2020,November,12 month-ending,Number of Drug Overdose Deaths,1519,100,0.023978202,Colorado,Numbers may differ from published reports using final data. See Technical Notes.,**,1519
CO,2020,October,12 month-ending,Number of Drug Overdose Deaths,1490,100,0.022495164,Colorado,Numbers may differ from published reports using final data. See Technical Notes.,**,1490
CO,2020,September,12 month-ending,Number of Drug Overdose Deaths,1479,100,0.022686025,Colorado,Numbers may differ from published reports using final data. See Technical Notes.,**,1479
CO,2021,April,12 month-ending,Number of Drug Overdose Deaths,1654,100,0.023212138,Colorado,Numbers may differ from published reports using final data. See Technical Notes.,**,1654
CO,2021,August,12 month-ending,Number of Drug Overdose Deaths,1785,100,0.027261670000000002,Colorado,Numbers may differ from published reports using final data. See Technical Notes.,**,1785
CO,2021,December,12 month-ending,Number of Drug Overdose Deaths,1917,100,0.038667399,Colorado,Numbers may differ from published reports using final data. See Technical Notes.,**,1918
CO,2021,February,12 month-ending,Number of Drug Overdose Deaths,1583,100,0.020702648,Colorado,Numbers may differ from published reports using final data. See Technical Notes.,**,1583
CO,2021,January,12 month-ending,Number of Drug Overdose Deaths,1557,100,0.020701791,Colorado,Numbers may differ from published reports using final data. See Technical Notes.,**,1557
CO,2021,July,12 month-ending,Number of Drug Overdose Deaths,1763,100,0.027427896,Colorado,Numbers may differ from published reports using final data. See Technical Notes.,**,1763
CO,2021,June,12 month-ending,Number of Drug Overdose Deaths,1738,100,0.023262699,Colorado,Numbers may differ from published reports using final data. See Technical Notes.,**,1738
CO,2021,March,12 month-ending,Number of Drug Overdose Deaths,1632,100,0.022735258,Colorado,Numbers may differ from published reports using final data. See Technical Notes.,**,1632
CO,2021,May,12 month-ending,Number of Drug Overdose Deaths,1677,100,0.019042783,Colorado,Numbers may differ from published reports using final data. See Technical Notes.,**,1677
CO,2021,November,12 month-ending,Number of Drug Overdose Deaths,1887,100,0.038452976,Colorado,Numbers may differ from published reports using final data. See Technical Notes.,**,1887
CO,2021,October,12 month-ending,Number of Drug Overdose Deaths,1866,100,0.038635948,Colorado,Numbers may differ from published reports using final data. See Technical Notes.,**,1867
CO,2021,September,12 month-ending,Number of Drug Overdose Deaths,1830,100,0.03099814,Colorado,Numbers may differ from published reports using final data. See Technical Notes.,**,1830
CO,2022,April,12 month-ending,Number of Drug Overdose Deaths,1912,100,0.035656274,Colorado,Numbers may differ from published reports using final data. See Technical Notes.,**,1912
CO,2022,August,12 month-ending,Number of Drug Overdose Deaths,1819,100,0.035725627,Colorado,Numbers may differ from published reports using final data. See Technical Notes.,**,1819
CO,2022,December,12 month-ending,Number of Drug Overdose Deaths,1856,100,0.018883364,Colorado,Numbers may differ from published reports using final data. See Technical Notes.,**,1856
CO,2022,February,12 month-ending,Number of Drug Overdose Deaths,1960,100,0.035745492,Colorado,Numbers may differ from published reports using final data. See Technical Notes.,**,1960
CO,2022,January,12 month-ending,Number of Drug Overdose Deaths,1932,100,0.036066362,Colorado,Numbers may differ from published reports using final data. See Technical Notes.,**,1932
CO,2022,July,12 month-ending,Number of Drug Overdose Deaths,1842,100,0.03153828,Colorado,Numbers may differ from published reports using final data. See Technical Notes.,**,1842
CO,2022,June,12 month-ending,Number of Drug Overdose Deaths,1860,100,0.033535864,Colorado,Numbers may differ from published reports using final data. See Technical Notes.,**,1860
CO,2022,March,12 month-ending,Number of Drug Overdose Deaths,1933,100,0.035709326,Colorado,Numbers may differ from published reports using final data. See Technical Notes.,**,1933
CO,2022,May,12 month-ending,Number of Drug Overdose Deaths,1905,100,0.039542884,Colorado,Numbers may differ from published reports using final data. See Technical Notes.,**,1906
CO,2022,November,12 month-ending,Number of Drug Overdose Deaths,1828,100,0.022818263,Colorado,Numbers may differ from published reports using final data. See Technical Notes.,**,1828
CO,2022,October,12 month-ending,Number of Drug Overdose Deaths,1800,100,0.024419527,Colorado,Numbers may differ from published reports using final data. See Technical Notes.,**,1800
CO,2022,September,12 month-ending,Number of Drug Overdose Deaths,1791,100,0.030049883,Colorado,Numbers may differ from published reports using final data. See Technical Notes.,**,1791
CO,2023,April,12 month-ending,Number of Drug Overdose Deaths,1852,100,0.023700256,Colorado,Underreported due to incomplete data.,*,1852
CO,2023,August,12 month-ending,Number of Drug Overdose Deaths,1936,100,0.026026417,Colorado,Underreported due to incomplete data.,*,1938
CO,2023,February,12 month-ending,Number of Drug Overdose Deaths,1828,100,0.019476725,Colorado,Underreported due to incomplete data.,*,1828
CO,2023,January,12 month-ending,Number of Drug Overdose Deaths,1835,100,0.019327821,Colorado,Underreported due to incomplete data.,*,1835
CO,2023,July,12 month-ending,Number of Drug Overdose Deaths,1918,100,0.023926567,Colorado,Underreported due to incomplete data.,*,1919
CO,2023,June,12 month-ending,Number of Drug Overdose Deaths,1901,100,0.023837386,Colorado,Underreported due to incomplete data.,*,1901
CO,2023,March,12 month-ending,Number of Drug Overdose Deaths,1828,100,0.01948305,Colorado,Underreported due to incomplete data.,*,1828
CO,2023,May,12 month-ending,Number of Drug Overdose Deaths,1865,100,0.021587082,Colorado,Underreported due to incomplete data.,*,1865
CO,2023,October,12 month-ending,Number of Drug Overdose Deaths,1906,100,0.183851362,Colorado,Underreported due to incomplete data.,*,1943
CO,2023,September,12 month-ending,Number of Drug Overdose Deaths,1934,100,0.065047702,Colorado,Underreported due to incomplete data.,*,1943
CT,2015,April,12 month-ending,Number of Drug Overdose Deaths,650,100,0.009858368,Connecticut,Numbers may differ from published reports using final data. See Technical Notes.,**,650
CT,2015,August,12 month-ending,Number of Drug Overdose Deaths,728,100,0.016367148,Connecticut,Numbers may differ from published reports using final data. See Technical Notes.,**,728
CT,2015,December,12 month-ending,Number of Drug Overdose Deaths,799,100,0.016339869,Connecticut,Numbers may differ from published reports using final data. See Technical Notes.,**,799
CT,2015,February,12 month-ending,Number of Drug Overdose Deaths,633,100,0.009885004,Connecticut,Numbers may differ from published reports using final data. See Technical Notes.,**,633
CT,2015,January,12 month-ending,Number of Drug Overdose Deaths,631,100,0.009926872,Connecticut,Numbers may differ from published reports using final data. See Technical Notes.,**,631
CT,2015,July,12 month-ending,Number of Drug Overdose Deaths,722,100,0.016333464,Connecticut,Numbers may differ from published reports using final data. See Technical Notes.,**,722
CT,2015,June,12 month-ending,Number of Drug Overdose Deaths,670,100,0.013111315,Connecticut,Numbers may differ from published reports using final data. See Technical Notes.,**,670
CT,2015,March,12 month-ending,Number of Drug Overdose Deaths,639,100,0.009837033,Connecticut,Numbers may differ from published reports using final data. See Technical Notes.,**,639
CT,2015,May,12 month-ending,Number of Drug Overdose Deaths,652,100,0.0131419,Connecticut,Numbers may differ from published reports using final data. See Technical Notes.,**,652
CT,2015,November,12 month-ending,Number of Drug Overdose Deaths,800,100,0.019511561,Connecticut,Numbers may differ from published reports using final data. See Technical Notes.,**,800
CT,2015,October,12 month-ending,Number of Drug Overdose Deaths,779,100,0.016331863,Connecticut,Numbers may differ from published reports using final data. See Technical Notes.,**,779
CT,2015,September,12 month-ending,Number of Drug Overdose Deaths,748,100,0.019636078,Connecticut,Numbers may differ from published reports using final data. See Technical Notes.,**,748
CT,2016,April,12 month-ending,Number of Drug Overdose Deaths,869,100,0.016557388,Connecticut,Numbers may differ from published reports using final data. See Technical Notes.,**,869
CT,2016,August,12 month-ending,Number of Drug Overdose Deaths,928,100,0.016580448,Connecticut,Numbers may differ from published reports using final data. See Technical Notes.,**,928
CT,2016,December,12 month-ending,Number of Drug Overdose Deaths,974,100,0.026108808,Connecticut,Numbers may differ from published reports using final data. See Technical Notes.,**,974
CT,2016,February,12 month-ending,Number of Drug Overdose Deaths,836,100,0.016539314,Connecticut,Numbers may differ from published reports using final data. See Technical Notes.,**,836
CT,2016,January,12 month-ending,Number of Drug Overdose Deaths,824,100,0.0164647,Connecticut,Numbers may differ from published reports using final data. See Technical Notes.,**,824
CT,2016,July,12 month-ending,Number of Drug Overdose Deaths,906,100,0.013291686,Connecticut,Numbers may differ from published reports using final data. See Technical Notes.,**,906
CT,2016,June,12 month-ending,Number of Drug Overdose Deaths,909,100,0.016562873,Connecticut,Numbers may differ from published reports using final data. See Technical Notes.,**,909
CT,2016,March,12 month-ending,Number of Drug Overdose Deaths,849,100,0.01657715,Connecticut,Numbers may differ from published reports using final data. See Technical Notes.,**,849
CT,2016,May,12 month-ending,Number of Drug Overdose Deaths,895,100,0.01324591,Connecticut,Numbers may differ from published reports using final data. See Technical Notes.,**,895
CT,2016,November,12 month-ending,Number of Drug Overdose Deaths,939,100,0.016504918,Connecticut,Numbers may differ from published reports using final data. See Technical Notes.,**,939
CT,2016,October,12 month-ending,Number of Drug Overdose Deaths,918,100,0.016580998,Connecticut,Numbers may differ from published reports using final data. See Technical Notes.,**,918
CT,2016,September,12 month-ending,Number of Drug Overdose Deaths,929,100,0.016617921,Connecticut,Numbers may differ from published reports using final data. See Technical Notes.,**,929
CT,2017,April,12 month-ending,Number of Drug Overdose Deaths,1018,100,0.025720992,Connecticut,Numbers may differ from published reports using final data. See Technical Notes.,**,1018
CT,2017,August,12 month-ending,Number of Drug Overdose Deaths,1081,100,0.019124116,Connecticut,Numbers may differ from published reports using final data. See Technical Notes.,**,1081
CT,2017,December,12 month-ending,Number of Drug Overdose Deaths,1080,100,0.009511128,Connecticut,Numbers may differ from published reports using final data. See Technical Notes.,**,1080
CT,2017,February,12 month-ending,Number of Drug Overdose Deaths,994,100,0.025787319,Connecticut,Numbers may differ from published reports using final data. See Technical Notes.,**,994
CT,2017,January,12 month-ending,Number of Drug Overdose Deaths,985,100,0.025945385,Connecticut,Numbers may differ from published reports using final data. See Technical Notes.,**,985
CT,2017,July,12 month-ending,Number of Drug Overdose Deaths,1074,100,0.02233211,Connecticut,Numbers may differ from published reports using final data. See Technical Notes.,**,1074
CT,2017,June,12 month-ending,Number of Drug Overdose Deaths,1056,100,0.022401434,Connecticut,Numbers may differ from published reports using final data. See Technical Notes.,**,1056
CT,2017,March,12 month-ending,Number of Drug Overdose Deaths,1019,100,0.0257566,Connecticut,Numbers may differ from published reports using final data. See Technical Notes.,**,1019
CT,2017,May,12 month-ending,Number of Drug Overdose Deaths,1046,100,0.025710246,Connecticut,Numbers may differ from published reports using final data. See Technical Notes.,**,1046
CT,2017,November,12 month-ending,Number of Drug Overdose Deaths,1066,100,0.015911405,Connecticut,Numbers may differ from published reports using final data. See Technical Notes.,**,1066
CT,2017,October,12 month-ending,Number of Drug Overdose Deaths,1092,100,0.015867475,Connecticut,Numbers may differ from published reports using final data. See Technical Notes.,**,1092
CT,2017,September,12 month-ending,Number of Drug Overdose Deaths,1083,100,0.015851377,Connecticut,Numbers may differ from published reports using final data. See Technical Notes.,**,1083
CT,2018,April,12 month-ending,Number of Drug Overdose Deaths,1065,100,0.009505101,Connecticut,Numbers may differ from published reports using final data. See Technical Notes.,**,1065
CT,2018,August,12 month-ending,Number of Drug Overdose Deaths,1063,100,0.022145591,Connecticut,Numbers may differ from published reports using final data. See Technical Notes.,**,1063
CT,2018,December,12 month-ending,Number of Drug Overdose Deaths,1070,100,0.028617762,Connecticut,Numbers may differ from published reports using final data. See Technical Notes.,**,1070
CT,2018,February,12 month-ending,Number of Drug Overdose Deaths,1058,100,0.009502993,Connecticut,Numbers may differ from published reports using final data. See Technical Notes.,**,1058
CT,2018,January,12 month-ending,Number of Drug Overdose Deaths,1053,100,0.009450307,Connecticut,Numbers may differ from published reports using final data. See Technical Notes.,**,1053
CT,2018,July,12 month-ending,Number of Drug Overdose Deaths,1066,100,0.022194039,Connecticut,Numbers may differ from published reports using final data. See Technical Notes.,**,1066
CT,2018,June,12 month-ending,Number of Drug Overdose Deaths,1069,100,0.019077295,Connecticut,Numbers may differ from published reports using final data. See Technical Notes.,**,1069
CT,2018,March,12 month-ending,Number of Drug Overdose Deaths,1065,100,0.009515653,Connecticut,Numbers may differ from published reports using final data. See Technical Notes.,**,1065
CT,2018,May,12 month-ending,Number of Drug Overdose Deaths,1052,100,0.018993352,Connecticut,Numbers may differ from published reports using final data. See Technical Notes.,**,1052
CT,2018,November,12 month-ending,Number of Drug Overdose Deaths,1097,100,0.034761724,Connecticut,Numbers may differ from published reports using final data. See Technical Notes.,**,1097
CT,2018,October,12 month-ending,Number of Drug Overdose Deaths,1081,100,0.028427037,Connecticut,Numbers may differ from published reports using final data. See Technical Notes.,**,1081
CT,2018,September,12 month-ending,Number of Drug Overdose Deaths,1083,100,0.025307646,Connecticut,Numbers may differ from published reports using final data. See Technical Notes.,**,1083
CT,2019,April,12 month-ending,Number of Drug Overdose Deaths,1080,100,0.063451777,Connecticut,Numbers may differ from published reports using final data. See Technical Notes.,**,1084
CT,2019,August,12 month-ending,Number of Drug Overdose Deaths,1183,100,0.07869802,Connecticut,Numbers may differ from published reports using final data. See Technical Notes.,**,1189
CT,2019,December,12 month-ending,Number of Drug Overdose Deaths,1231,100,0.165993298,Connecticut,Numbers may differ from published reports using final data. See Technical Notes.,**,1251
CT,2019,February,12 month-ending,Number of Drug Overdose Deaths,1080,100,0.057403451,Connecticut,Numbers may differ from published reports using final data. See Technical Notes.,**,1083
CT,2019,January,12 month-ending,Number of Drug Overdose Deaths,1087,100,0.051218029,Connecticut,Numbers may differ from published reports using final data. See Technical Notes.,**,1089
CT,2019,July,12 month-ending,Number of Drug Overdose Deaths,1130,100,0.066275327,Connecticut,Numbers may differ from published reports using final data. See Technical Notes.,**,1134
CT,2019,June,12 month-ending,Number of Drug Overdose Deaths,1102,100,0.06629625,Connecticut,Numbers may differ from published reports using final data. See Technical Notes.,**,1106
CT,2019,March,12 month-ending,Number of Drug Overdose Deaths,1074,100,0.060244784,Connecticut,Numbers may differ from published reports using final data. See Technical Notes.,**,1077
CT,2019,May,12 month-ending,Number of Drug Overdose Deaths,1093,100,0.053903228,Connecticut,Numbers may differ from published reports using final data. See Technical Notes.,**,1096
CT,2019,November,12 month-ending,Number of Drug Overdose Deaths,1197,100,0.091063242,Connecticut,Numbers may differ from published reports using final data. See Technical Notes.,**,1205
CT,2019,October,12 month-ending,Number of Drug Overdose Deaths,1189,100,0.085058123,Connecticut,Numbers may differ from published reports using final data. See Technical Notes.,**,1196
CT,2019,September,12 month-ending,Number of Drug Overdose Deaths,1185,100,0.078757521,Connecticut,Numbers may differ from published reports using final data. See Technical Notes.,**,1191
CT,2020,April,12 month-ending,Number of Drug Overdose Deaths,1333,100,0.132825133,Connecticut,Numbers may differ from published reports using final data. See Technical Notes.,**,1349
CT,2020,August,12 month-ending,Number of Drug Overdose Deaths,1324,100,0.113319145,Connecticut,Numbers may differ from published reports using final data. See Technical Notes.,**,1336
CT,2020,December,12 month-ending,Number of Drug Overdose Deaths,1385,100,0.036738657,Connecticut,Numbers may differ from published reports using final data. See Technical Notes.,**,1385
CT,2020,February,12 month-ending,Number of Drug Overdose Deaths,1276,100,0.141251805,Connecticut,Numbers may differ from published reports using final data. See Technical Notes.,**,1292
CT,2020,January,12 month-ending,Number of Drug Overdose Deaths,1263,100,0.144304671,Connecticut,Numbers may differ from published reports using final data. See Technical Notes.,**,1280
CT,2020,July,12 month-ending,Number of Drug Overdose Deaths,1362,100,0.124244181,Connecticut,Numbers may differ from published reports using final data. See Technical Notes.,**,1377
CT,2020,June,12 month-ending,Number of Drug Overdose Deaths,1348,100,0.118732052,Connecticut,Numbers may differ from published reports using final data. See Technical Notes.,**,1362
CT,2020,March,12 month-ending,Number of Drug Overdose Deaths,1288,100,0.140915639,Connecticut,Numbers may differ from published reports using final data. See Technical Notes.,**,1304
CT,2020,May,12 month-ending,Number of Drug Overdose Deaths,1348,100,0.127402648,Connecticut,Numbers may differ from published reports using final data. See Technical Notes.,**,1363
CT,2020,November,12 month-ending,Number of Drug Overdose Deaths,1368,100,0.102613955,Connecticut,Numbers may differ from published reports using final data. See Technical Notes.,**,1379
CT,2020,October,12 month-ending,Number of Drug Overdose Deaths,1364,100,0.106662291,Connecticut,Numbers may differ from published reports using final data. See Technical Notes.,**,1376
CT,2020,September,12 month-ending,Number of Drug Overdose Deaths,1353,100,0.112829545,Connecticut,Numbers may differ from published reports using final data. See Technical Notes.,**,1366
CT,2021,April,12 month-ending,Number of Drug Overdose Deaths,1418,100,0.0303047,Connecticut,Numbers may differ from published reports using final data. See Technical Notes.,**,1418
CT,2021,August,12 month-ending,Number of Drug Overdose Deaths,1510,100,0.028402636,Connecticut,Numbers may differ from published reports using final data. See Technical Notes.,**,1510
CT,2021,December,12 month-ending,Number of Drug Overdose Deaths,1562,100,0.02589481,Connecticut,Numbers may differ from published reports using final data. See Technical Notes.,**,1562
CT,2021,February,12 month-ending,Number of Drug Overdose Deaths,1417,100,0.033153116,Connecticut,Numbers may differ from published reports using final data. See Technical Notes.,**,1417
CT,2021,January,12 month-ending,Number of Drug Overdose Deaths,1393,100,0.035861574,Connecticut,Numbers may differ from published reports using final data. See Technical Notes.,**,1393
CT,2021,July,12 month-ending,Number of Drug Overdose Deaths,1461,100,0.028628686,Connecticut,Numbers may differ from published reports using final data. See Technical Notes.,**,1461
CT,2021,June,12 month-ending,Number of Drug Overdose Deaths,1449,100,0.034437238,Connecticut,Numbers may differ from published reports using final data. See Technical Notes.,**,1449
CT,2021,March,12 month-ending,Number of Drug Overdose Deaths,1432,100,0.030703887,Connecticut,Numbers may differ from published reports using final data. See Technical Notes.,**,1432
CT,2021,May,12 month-ending,Number of Drug Overdose Deaths,1435,100,0.037187482,Connecticut,Numbers may differ from published reports using final data. See Technical Notes.,**,1435
CT,2021,November,12 month-ending,Number of Drug Overdose Deaths,1566,100,0.019823851,Connecticut,Numbers may differ from published reports using final data. See Technical Notes.,**,1566
CT,2021,October,12 month-ending,Number of Drug Overdose Deaths,1541,100,0.03099552,Connecticut,Numbers may differ from published reports using final data. See Technical Notes.,**,1541
CT,2021,September,12 month-ending,Number of Drug Overdose Deaths,1525,100,0.031046259,Connecticut,Numbers may differ from published reports using final data. See Technical Notes.,**,1525
CT,2022,April,12 month-ending,Number of Drug Overdose Deaths,1543,100,0.02276867,Connecticut,Numbers may differ from published reports using final data. See Technical Notes.,**,1543
CT,2022,August,12 month-ending,Number of Drug Overdose Deaths,1460,100,0.014176756,Connecticut,Numbers may differ from published reports using final data. See Technical Notes.,**,1460
CT,2022,December,12 month-ending,Number of Drug Overdose Deaths,1476,100,0,Connecticut,Numbers may differ from published reports using final data. See Technical Notes.,**,1476
CT,2022,February,12 month-ending,Number of Drug Overdose Deaths,1541,100,0.025632262,Connecticut,Numbers may differ from published reports using final data. See Technical Notes.,**,1541
CT,2022,January,12 month-ending,Number of Drug Overdose Deaths,1547,100,0.025713551,Connecticut,Numbers may differ from published reports using final data. See Technical Notes.,**,1547
CT,2022,July,12 month-ending,Number of Drug Overdose Deaths,1486,100,0.014104372,Connecticut,Numbers may differ from published reports using final data. See Technical Notes.,**,1486
CT,2022,June,12 month-ending,Number of Drug Overdose Deaths,1516,100,0.016960651,Connecticut,Numbers may differ from published reports using final data. See Technical Notes.,**,1516
CT,2022,March,12 month-ending,Number of Drug Overdose Deaths,1541,100,0.025701802,Connecticut,Numbers may differ from published reports using final data. See Technical Notes.,**,1541
CT,2022,May,12 month-ending,Number of Drug Overdose Deaths,1529,100,0.017004393,Connecticut,Numbers may differ from published reports using final data. See Technical Notes.,**,1529
CT,2022,November,12 month-ending,Number of Drug Overdose Deaths,1481,100,0.005717553,Connecticut,Numbers may differ from published reports using final data. See Technical Notes.,**,1481
CT,2022,October,12 month-ending,Number of Drug Overdose Deaths,1478,100,0.005707437,Connecticut,Numbers may differ from published reports using final data. See Technical Notes.,**,1478
CT,2022,September,12 month-ending,Number of Drug Overdose Deaths,1450,100,0.008562133,Connecticut,Numbers may differ from published reports using final data. See Technical Notes.,**,1450
CT,2023,April,12 month-ending,Number of Drug Overdose Deaths,1464,100,0.002966303,Connecticut,Underreported due to incomplete data.,*,1464
CT,2023,August,12 month-ending,Number of Drug Overdose Deaths,1443,100,0.050994391,Connecticut,Underreported due to incomplete data.,*,1449
CT,2023,February,12 month-ending,Number of Drug Overdose Deaths,1492,100,0.002956218,Connecticut,Underreported due to incomplete data.,*,1492
CT,2023,January,12 month-ending,Number of Drug Overdose Deaths,1476,100,0,Connecticut,Underreported due to incomplete data.,*,1476
CT,2023,July,12 month-ending,Number of Drug Overdose Deaths,1457,100,0.009006845,Connecticut,Underreported due to incomplete data.,*,1457
CT,2023,June,12 month-ending,Number of Drug Overdose Deaths,1461,100,0.008981229,Connecticut,Underreported due to incomplete data.,*,1461
CT,2023,March,12 month-ending,Number of Drug Overdose Deaths,1472,100,0.002958755,Connecticut,Underreported due to incomplete data.,*,1472
CT,2023,May,12 month-ending,Number of Drug Overdose Deaths,1468,100,0.008951216,Connecticut,Underreported due to incomplete data.,*,1468
CT,2023,October,12 month-ending,Number of Drug Overdose Deaths,1369,100,0.080898876,Connecticut,Underreported due to incomplete data.,*,1379
CT,2023,September,12 month-ending,Number of Drug Overdose Deaths,1423,100,0.062866723,Connecticut,Underreported due to incomplete data.,*,1429
DC,2015,April,12 month-ending,Number of Drug Overdose Deaths,113,100,0.139372822,District of Columbia,Numbers may differ from published reports using final data. See Technical Notes.,**,115
DC,2015,August,12 month-ending,Number of Drug Overdose Deaths,115,100,0.140277047,District of Columbia,Numbers may differ from published reports using final data. See Technical Notes.,**,117
DC,2015,December,12 month-ending,Number of Drug Overdose Deaths,144,100,0.105152471,District of Columbia,Numbers may differ from published reports using final data. See Technical Notes.,**,146
DC,2015,February,12 month-ending,Number of Drug Overdose Deaths,113,100,0.106534091,District of Columbia,Numbers may differ from published reports using final data. See Technical Notes.,**,114
DC,2015,January,12 month-ending,Number of Drug Overdose Deaths,113,100,0.107353731,District of Columbia,Numbers may differ from published reports using final data. See Technical Notes.,**,114
DC,2015,July,12 month-ending,Number of Drug Overdose Deaths,114,100,0.14114326,District of Columbia,Numbers may differ from published reports using final data. See Technical Notes.,**,116
DC,2015,June,12 month-ending,Number of Drug Overdose Deaths,119,100,0.140894681,District of Columbia,Numbers may differ from published reports using final data. See Technical Notes.,**,121
DC,2015,March,12 month-ending,Number of Drug Overdose Deaths,115,100,0.105189341,District of Columbia,Numbers may differ from published reports using final data. See Technical Notes.,**,116
DC,2015,May,12 month-ending,Number of Drug Overdose Deaths,118,100,0.140203295,District of Columbia,Numbers may differ from published reports using final data. See Technical Notes.,**,120
DC,2015,November,12 month-ending,Number of Drug Overdose Deaths,135,100,0.139033716,District of Columbia,Numbers may differ from published reports using final data. See Technical Notes.,**,137
DC,2015,October,12 month-ending,Number of Drug Overdose Deaths,126,100,0.15737017,District of Columbia,Numbers may differ from published reports using final data. See Technical Notes.,**,128
DC,2015,September,12 month-ending,Number of Drug Overdose Deaths,122,100,0.14077072,District of Columbia,Numbers may differ from published reports using final data. See Technical Notes.,**,124
DC,2016,April,12 month-ending,Number of Drug Overdose Deaths,174,100,0.070646415,District of Columbia,Numbers may differ from published reports using final data. See Technical Notes.,**,175
DC,2016,August,12 month-ending,Number of Drug Overdose Deaths,239,100,0.069096562,District of Columbia,Numbers may differ from published reports using final data. See Technical Notes.,**,240
DC,2016,December,12 month-ending,Number of Drug Overdose Deaths,300,100,0,District of Columbia,Numbers may differ from published reports using final data. See Technical Notes.,**,300
DC,2016,February,12 month-ending,Number of Drug Overdose Deaths,146,100,0.106951872,District of Columbia,Numbers may differ from published reports using final data. See Technical Notes.,**,148
DC,2016,January,12 month-ending,Number of Drug Overdose Deaths,146,100,0.106837607,District of Columbia,Numbers may differ from published reports using final data. See Technical Notes.,**,148
DC,2016,July,12 month-ending,Number of Drug Overdose Deaths,219,100,0.06932409,District of Columbia,Numbers may differ from published reports using final data. See Technical Notes.,**,220
DC,2016,June,12 month-ending,Number of Drug Overdose Deaths,208,100,0.069795847,District of Columbia,Numbers may differ from published reports using final data. See Technical Notes.,**,209
DC,2016,March,12 month-ending,Number of Drug Overdose Deaths,161,100,0.106761566,District of Columbia,Numbers may differ from published reports using final data. See Technical Notes.,**,163
DC,2016,May,12 month-ending,Number of Drug Overdose Deaths,198,100,0.069942298,District of Columbia,Numbers may differ from published reports using final data. See Technical Notes.,**,199
DC,2016,November,12 month-ending,Number of Drug Overdose Deaths,289,100,0.016854879,District of Columbia,Numbers may differ from published reports using final data. See Technical Notes.,**,289
DC,2016,October,12 month-ending,Number of Drug Overdose Deaths,259,100,0.01701838,District of Columbia,Numbers may differ from published reports using final data. See Technical Notes.,**,259
DC,2016,September,12 month-ending,Number of Drug Overdose Deaths,247,100,0.051116033,District of Columbia,Numbers may differ from published reports using final data. See Technical Notes.,**,248
DC,2017,April,12 month-ending,Number of Drug Overdose Deaths,375,100,0,District of Columbia,Numbers may differ from published reports using final data. See Technical Notes.,**,375
DC,2017,August,12 month-ending,Number of Drug Overdose Deaths,377,100,0.0158831,District of Columbia,Numbers may differ from published reports using final data. See Technical Notes.,**,377
DC,2017,December,12 month-ending,Number of Drug Overdose Deaths,348,100,0.032061558,District of Columbia,Numbers may differ from published reports using final data. See Technical Notes.,**,348
DC,2017,February,12 month-ending,Number of Drug Overdose Deaths,342,100,0,District of Columbia,Numbers may differ from published reports using final data. See Technical Notes.,**,342
DC,2017,January,12 month-ending,Number of Drug Overdose Deaths,326,100,0,District of Columbia,Numbers may differ from published reports using final data. See Technical Notes.,**,326
DC,2017,July,12 month-ending,Number of Drug Overdose Deaths,383,100,0,District of Columbia,Numbers may differ from published reports using final data. See Technical Notes.,**,383
DC,2017,June,12 month-ending,Number of Drug Overdose Deaths,384,100,0,District of Columbia,Numbers may differ from published reports using final data. See Technical Notes.,**,384
DC,2017,March,12 month-ending,Number of Drug Overdose Deaths,357,100,0,District of Columbia,Numbers may differ from published reports using final data. See Technical Notes.,**,357
DC,2017,May,12 month-ending,Number of Drug Overdose Deaths,380,100,0,District of Columbia,Numbers may differ from published reports using final data. See Technical Notes.,**,380
DC,2017,November,12 month-ending,Number of Drug Overdose Deaths,346,100,0.0159821,District of Columbia,Numbers may differ from published reports using final data. See Technical Notes.,**,346
DC,2017,October,12 month-ending,Number of Drug Overdose Deaths,371,100,0.015870497,District of Columbia,Numbers may differ from published reports using final data. See Technical Notes.,**,371
DC,2017,September,12 month-ending,Number of Drug Overdose Deaths,380,100,0.015867978,District of Columbia,Numbers may differ from published reports using final data. See Technical Notes.,**,380
DC,2018,April,12 month-ending,Number of Drug Overdose Deaths,302,100,0.032232071,District of Columbia,Numbers may differ from published reports using final data. See Technical Notes.,**,302
DC,2018,August,12 month-ending,Number of Drug Overdose Deaths,291,100,0.032190568,District of Columbia,Numbers may differ from published reports using final data. See Technical Notes.,**,291
DC,2018,December,12 month-ending,Number of Drug Overdose Deaths,295,100,0.03236246,District of Columbia,Numbers may differ from published reports using final data. See Technical Notes.,**,295
DC,2018,February,12 month-ending,Number of Drug Overdose Deaths,324,100,0.031852206,District of Columbia,Numbers may differ from published reports using final data. See Technical Notes.,**,324
DC,2018,January,12 month-ending,Number of Drug Overdose Deaths,332,100,0.031761156,District of Columbia,Numbers may differ from published reports using final data. See Technical Notes.,**,332
DC,2018,July,12 month-ending,Number of Drug Overdose Deaths,290,100,0.048465267,District of Columbia,Numbers may differ from published reports using final data. See Technical Notes.,**,291
DC,2018,June,12 month-ending,Number of Drug Overdose Deaths,284,100,0.04857513,District of Columbia,Numbers may differ from published reports using final data. See Technical Notes.,**,285
DC,2018,March,12 month-ending,Number of Drug Overdose Deaths,305,100,0.032056419,District of Columbia,Numbers may differ from published reports using final data. See Technical Notes.,**,305
DC,2018,May,12 month-ending,Number of Drug Overdose Deaths,292,100,0.032341527,District of Columbia,Numbers may differ from published reports using final data. See Technical Notes.,**,292
DC,2018,November,12 month-ending,Number of Drug Overdose Deaths,302,100,0.04806922,District of Columbia,Numbers may differ from published reports using final data. See Technical Notes.,**,303
DC,2018,October,12 month-ending,Number of Drug Overdose Deaths,299,100,0.04820826,District of Columbia,Numbers may differ from published reports using final data. See Technical Notes.,**,300
DC,2018,September,12 month-ending,Number of Drug Overdose Deaths,294,100,0.032289312,District of Columbia,Numbers may differ from published reports using final data. See Technical Notes.,**,294
DC,2019,April,12 month-ending,Number of Drug Overdose Deaths,292,100,0.0333667,District of Columbia,Numbers may differ from published reports using final data. See Technical Notes.,**,292
DC,2019,August,12 month-ending,Number of Drug Overdose Deaths,318,100,0.016891892,District of Columbia,Numbers may differ from published reports using final data. See Technical Notes.,**,318
DC,2019,December,12 month-ending,Number of Drug Overdose Deaths,367,100,0,District of Columbia,Numbers may differ from published reports using final data. See Technical Notes.,**,367
DC,2019,February,12 month-ending,Number of Drug Overdose Deaths,306,100,0.033019647,District of Columbia,Numbers may differ from published reports using final data. See Technical Notes.,**,306
DC,2019,January,12 month-ending,Number of Drug Overdose Deaths,300,100,0.032889327,District of Columbia,Numbers may differ from published reports using final data. See Technical Notes.,**,300
DC,2019,July,12 month-ending,Number of Drug Overdose Deaths,308,100,0.016897601,District of Columbia,Numbers may differ from published reports using final data. See Technical Notes.,**,308
DC,2019,June,12 month-ending,Number of Drug Overdose Deaths,306,100,0.016917611,District of Columbia,Numbers may differ from published reports using final data. See Technical Notes.,**,306
DC,2019,March,12 month-ending,Number of Drug Overdose Deaths,304,100,0.033311126,District of Columbia,Numbers may differ from published reports using final data. See Technical Notes.,**,304
DC,2019,May,12 month-ending,Number of Drug Overdose Deaths,295,100,0.033568312,District of Columbia,Numbers may differ from published reports using final data. See Technical Notes.,**,295
DC,2019,November,12 month-ending,Number of Drug Overdose Deaths,345,100,0,District of Columbia,Numbers may differ from published reports using final data. See Technical Notes.,**,345
DC,2019,October,12 month-ending,Number of Drug Overdose Deaths,335,100,0,District of Columbia,Numbers may differ from published reports using final data. See Technical Notes.,**,335
DC,2019,September,12 month-ending,Number of Drug Overdose Deaths,324,100,0.016869096,District of Columbia,Numbers may differ from published reports using final data. See Technical Notes.,**,324
DC,2020,April,12 month-ending,Number of Drug Overdose Deaths,450,100,0,District of Columbia,Numbers may differ from published reports using final data. See Technical Notes.,**,450
DC,2020,August,12 month-ending,Number of Drug Overdose Deaths,508,100,0,District of Columbia,Numbers may differ from published reports using final data. See Technical Notes.,**,508
DC,2020,December,12 month-ending,Number of Drug Overdose Deaths,511,100,0,District of Columbia,Numbers may differ from published reports using final data. See Technical Notes.,**,511
DC,2020,February,12 month-ending,Number of Drug Overdose Deaths,401,100,0,District of Columbia,Numbers may differ from published reports using final data. See Technical Notes.,**,401
DC,2020,January,12 month-ending,Number of Drug Overdose Deaths,391,100,0,District of Columbia,Numbers may differ from published reports using final data. See Technical Notes.,**,391
DC,2020,July,12 month-ending,Number of Drug Overdose Deaths,488,100,0,District of Columbia,Numbers may differ from published reports using final data. See Technical Notes.,**,488
DC,2020,June,12 month-ending,Number of Drug Overdose Deaths,483,100,0,District of Columbia,Numbers may differ from published reports using final data. See Technical Notes.,**,483
DC,2020,March,12 month-ending,Number of Drug Overdose Deaths,418,100,0,District of Columbia,Numbers may differ from published reports using final data. See Technical Notes.,**,418
DC,2020,May,12 month-ending,Number of Drug Overdose Deaths,471,100,0,District of Columbia,Numbers may differ from published reports using final data. See Technical Notes.,**,471
DC,2020,November,12 month-ending,Number of Drug Overdose Deaths,521,100,0,District of Columbia,Numbers may differ from published reports using final data. See Technical Notes.,**,521
DC,2020,October,12 month-ending,Number of Drug Overdose Deaths,517,100,0,District of Columbia,Numbers may differ from published reports using final data. See Technical Notes.,**,517
DC,2020,September,12 month-ending,Number of Drug Overdose Deaths,513,100,0,District of Columbia,Numbers may differ from published reports using final data. See Technical Notes.,**,513
DC,2021,April,12 month-ending,Number of Drug Overdose Deaths,499,100,0,District of Columbia,Numbers may differ from published reports using final data. See Technical Notes.,**,499
DC,2021,August,12 month-ending,Number of Drug Overdose Deaths,513,100,0,District of Columbia,Numbers may differ from published reports using final data. See Technical Notes.,**,513
DC,2021,December,12 month-ending,Number of Drug Overdose Deaths,541,100,0.013978194,District of Columbia,Numbers may differ from published reports using final data. See Technical Notes.,**,541
DC,2021,February,12 month-ending,Number of Drug Overdose Deaths,514,100,0,District of Columbia,Numbers may differ from published reports using final data. See Technical Notes.,**,514
DC,2021,January,12 month-ending,Number of Drug Overdose Deaths,514,100,0,District of Columbia,Numbers may differ from published reports using final data. See Technical Notes.,**,514
DC,2021,July,12 month-ending,Number of Drug Overdose Deaths,523,100,0,District of Columbia,Numbers may differ from published reports using final data. See Technical Notes.,**,523
DC,2021,June,12 month-ending,Number of Drug Overdose Deaths,504,100,0,District of Columbia,Numbers may differ from published reports using final data. See Technical Notes.,**,504
DC,2021,March,12 month-ending,Number of Drug Overdose Deaths,519,100,0,District of Columbia,Numbers may differ from published reports using final data. See Technical Notes.,**,519
DC,2021,May,12 month-ending,Number of Drug Overdose Deaths,499,100,0,District of Columbia,Numbers may differ from published reports using final data. See Technical Notes.,**,499
DC,2021,November,12 month-ending,Number of Drug Overdose Deaths,523,100,0.0138217,District of Columbia,Numbers may differ from published reports using final data. See Technical Notes.,**,523
DC,2021,October,12 month-ending,Number of Drug Overdose Deaths,516,100,0.013829346,District of Columbia,Numbers may differ from published reports using final data. See Technical Notes.,**,516
DC,2021,September,12 month-ending,Number of Drug Overdose Deaths,518,100,0,District of Columbia,Numbers may differ from published reports using final data. See Technical Notes.,**,518
DC,2022,April,12 month-ending,Number of Drug Overdose Deaths,553,100,0.014287755,District of Columbia,Numbers may differ from published reports using final data. See Technical Notes.,**,553
DC,2022,August,12 month-ending,Number of Drug Overdose Deaths,548,100,0.014532771,District of Columbia,Numbers may differ from published reports using final data. See Technical Notes.,**,548
DC,2022,December,12 month-ending,Number of Drug Overdose Deaths,575,100,0,District of Columbia,Numbers may differ from published reports using final data. See Technical Notes.,**,575
DC,2022,February,12 month-ending,Number of Drug Overdose Deaths,548,100,0.014044944,District of Columbia,Numbers may differ from published reports using final data. See Technical Notes.,**,548
DC,2022,January,12 month-ending,Number of Drug Overdose Deaths,537,100,0.013947001,District of Columbia,Numbers may differ from published reports using final data. See Technical Notes.,**,537
DC,2022,July,12 month-ending,Number of Drug Overdose Deaths,542,100,0.014396775,District of Columbia,Numbers may differ from published reports using final data. See Technical Notes.,**,542
DC,2022,June,12 month-ending,Number of Drug Overdose Deaths,552,100,0.014330754,District of Columbia,Numbers may differ from published reports using final data. See Technical Notes.,**,552
DC,2022,March,12 month-ending,Number of Drug Overdose Deaths,545,100,0.014134276,District of Columbia,Numbers may differ from published reports using final data. See Technical Notes.,**,545
DC,2022,May,12 month-ending,Number of Drug Overdose Deaths,548,100,0.0143287,District of Columbia,Numbers may differ from published reports using final data. See Technical Notes.,**,548
DC,2022,November,12 month-ending,Number of Drug Overdose Deaths,576,100,0,District of Columbia,Numbers may differ from published reports using final data. See Technical Notes.,**,576
DC,2022,October,12 month-ending,Number of Drug Overdose Deaths,569,100,0,District of Columbia,Numbers may differ from published reports using final data. See Technical Notes.,**,569
DC,2022,September,12 month-ending,Number of Drug Overdose Deaths,550,100,0.014505367,District of Columbia,Numbers may differ from published reports using final data. See Technical Notes.,**,550
DC,2023,April,12 month-ending,Number of Drug Overdose Deaths,602,100,0,District of Columbia,Underreported due to incomplete data.,*,602
DC,2023,August,12 month-ending,Number of Drug Overdose Deaths,631,100,0.045358331,District of Columbia,Underreported due to incomplete data.,*,633
DC,2023,February,12 month-ending,Number of Drug Overdose Deaths,573,100,0,District of Columbia,Underreported due to incomplete data.,*,573
DC,2023,January,12 month-ending,Number of Drug Overdose Deaths,574,100,0,District of Columbia,Underreported due to incomplete data.,*,574
DC,2023,July,12 month-ending,Number of Drug Overdose Deaths,623,100,0.015209125,District of Columbia,Underreported due to incomplete data.,*,623
DC,2023,June,12 month-ending,Number of Drug Overdose Deaths,610,100,0,District of Columbia,Underreported due to incomplete data.,*,610
DC,2023,March,12 month-ending,Number of Drug Overdose Deaths,596,100,0,District of Columbia,Underreported due to incomplete data.,*,596
DC,2023,May,12 month-ending,Number of Drug Overdose Deaths,603,100,0,District of Columbia,Underreported due to incomplete data.,*,603
DC,2023,October,12 month-ending,Number of Drug Overdose Deaths,628,100,0.07558579,District of Columbia,Underreported due to incomplete data.,*,632
DC,2023,September,12 month-ending,Number of Drug Overdose Deaths,638,100,0.045399516,District of Columbia,Underreported due to incomplete data.,*,640
DE,2015,April,12 month-ending,Number of Drug Overdose Deaths,200,100,0,Delaware,Numbers may differ from published reports using final data. See Technical Notes.,**,200
DE,2015,August,12 month-ending,Number of Drug Overdose Deaths,192,100,0,Delaware,Numbers may differ from published reports using final data. See Technical Notes.,**,192
DE,2015,December,12 month-ending,Number of Drug Overdose Deaths,195,100,0,Delaware,Numbers may differ from published reports using final data. See Technical Notes.,**,195
DE,2015,February,12 month-ending,Number of Drug Overdose Deaths,208,100,0,Delaware,Numbers may differ from published reports using final data. See Technical Notes.,**,208
DE,2015,January,12 month-ending,Number of Drug Overdose Deaths,210,100,0,Delaware,Numbers may differ from published reports using final data. See Technical Notes.,**,210
DE,2015,July,12 month-ending,Number of Drug Overdose Deaths,202,100,0,Delaware,Numbers may differ from published reports using final data. See Technical Notes.,**,202
DE,2015,June,12 month-ending,Number of Drug Overdose Deaths,199,100,0,Delaware,Numbers may differ from published reports using final data. See Technical Notes.,**,199
DE,2015,March,12 month-ending,Number of Drug Overdose Deaths,208,100,0,Delaware,Numbers may differ from published reports using final data. See Technical Notes.,**,208
DE,2015,May,12 month-ending,Number of Drug Overdose Deaths,195,100,0,Delaware,Numbers may differ from published reports using final data. See Technical Notes.,**,195
DE,2015,November,12 month-ending,Number of Drug Overdose Deaths,194,100,0,Delaware,Numbers may differ from published reports using final data. See Technical Notes.,**,194
DE,2015,October,12 month-ending,Number of Drug Overdose Deaths,187,100,0,Delaware,Numbers may differ from published reports using final data. See Technical Notes.,**,187
DE,2015,September,12 month-ending,Number of Drug Overdose Deaths,201,100,0,Delaware,Numbers may differ from published reports using final data. See Technical Notes.,**,201
DE,2016,April,12 month-ending,Number of Drug Overdose Deaths,199,100,0,Delaware,Numbers may differ from published reports using final data. See Technical Notes.,**,199
DE,2016,August,12 month-ending,Number of Drug Overdose Deaths,245,100,0,Delaware,Numbers may differ from published reports using final data. See Technical Notes.,**,245
DE,2016,December,12 month-ending,Number of Drug Overdose Deaths,285,100,0,Delaware,Numbers may differ from published reports using final data. See Technical Notes.,**,285
DE,2016,February,12 month-ending,Number of Drug Overdose Deaths,189,100,0,Delaware,Numbers may differ from published reports using final data. See Technical Notes.,**,189
DE,2016,January,12 month-ending,Number of Drug Overdose Deaths,181,100,0,Delaware,Numbers may differ from published reports using final data. See Technical Notes.,**,181
DE,2016,July,12 month-ending,Number of Drug Overdose Deaths,233,100,0,Delaware,Numbers may differ from published reports using final data. See Technical Notes.,**,233
DE,2016,June,12 month-ending,Number of Drug Overdose Deaths,221,100,0,Delaware,Numbers may differ from published reports using final data. See Technical Notes.,**,221
DE,2016,March,12 month-ending,Number of Drug Overdose Deaths,188,100,0,Delaware,Numbers may differ from published reports using final data. See Technical Notes.,**,188
DE,2016,May,12 month-ending,Number of Drug Overdose Deaths,216,100,0,Delaware,Numbers may differ from published reports using final data. See Technical Notes.,**,216
DE,2016,November,12 month-ending,Number of Drug Overdose Deaths,268,100,0,Delaware,Numbers may differ from published reports using final data. See Technical Notes.,**,268
DE,2016,October,12 month-ending,Number of Drug Overdose Deaths,254,100,0,Delaware,Numbers may differ from published reports using final data. See Technical Notes.,**,254
DE,2016,September,12 month-ending,Number of Drug Overdose Deaths,245,100,0,Delaware,Numbers may differ from published reports using final data. See Technical Notes.,**,245
DE,2017,April,12 month-ending,Number of Drug Overdose Deaths,313,100,0,Delaware,Numbers may differ from published reports using final data. See Technical Notes.,**,313
DE,2017,August,12 month-ending,Number of Drug Overdose Deaths,326,100,0,Delaware,Numbers may differ from published reports using final data. See Technical Notes.,**,326
DE,2017,December,12 month-ending,Number of Drug Overdose Deaths,341,100,0,Delaware,Numbers may differ from published reports using final data. See Technical Notes.,**,341
DE,2017,February,12 month-ending,Number of Drug Overdose Deaths,309,100,0,Delaware,Numbers may differ from published reports using final data. See Technical Notes.,**,309
DE,2017,January,12 month-ending,Number of Drug Overdose Deaths,310,100,0,Delaware,Numbers may differ from published reports using final data. See Technical Notes.,**,310
DE,2017,July,12 month-ending,Number of Drug Overdose Deaths,320,100,0,Delaware,Numbers may differ from published reports using final data. See Technical Notes.,**,320
DE,2017,June,12 month-ending,Number of Drug Overdose Deaths,313,100,0,Delaware,Numbers may differ from published reports using final data. See Technical Notes.,**,313
DE,2017,March,12 month-ending,Number of Drug Overdose Deaths,312,100,0,Delaware,Numbers may differ from published reports using final data. See Technical Notes.,**,312
DE,2017,May,12 month-ending,Number of Drug Overdose Deaths,310,100,0,Delaware,Numbers may differ from published reports using final data. See Technical Notes.,**,310
DE,2017,November,12 month-ending,Number of Drug Overdose Deaths,345,100,0,Delaware,Numbers may differ from published reports using final data. See Technical Notes.,**,345
DE,2017,October,12 month-ending,Number of Drug Overdose Deaths,338,100,0,Delaware,Numbers may differ from published reports using final data. See Technical Notes.,**,338
DE,2017,September,12 month-ending,Number of Drug Overdose Deaths,329,100,0,Delaware,Numbers may differ from published reports using final data. See Technical Notes.,**,329
DE,2018,April,12 month-ending,Number of Drug Overdose Deaths,360,100,0,Delaware,Numbers may differ from published reports using final data. See Technical Notes.,**,360
DE,2018,August,12 month-ending,Number of Drug Overdose Deaths,381,100,0,Delaware,Numbers may differ from published reports using final data. See Technical Notes.,**,381
DE,2018,December,12 month-ending,Number of Drug Overdose Deaths,399,100,0,Delaware,Numbers may differ from published reports using final data. See Technical Notes.,**,399
DE,2018,February,12 month-ending,Number of Drug Overdose Deaths,338,100,0,Delaware,Numbers may differ from published reports using final data. See Technical Notes.,**,338
DE,2018,January,12 month-ending,Number of Drug Overdose Deaths,330,100,0,Delaware,Numbers may differ from published reports using final data. See Technical Notes.,**,330
DE,2018,July,12 month-ending,Number of Drug Overdose Deaths,363,100,0,Delaware,Numbers may differ from published reports using final data. See Technical Notes.,**,363
DE,2018,June,12 month-ending,Number of Drug Overdose Deaths,367,100,0,Delaware,Numbers may differ from published reports using final data. See Technical Notes.,**,367
DE,2018,March,12 month-ending,Number of Drug Overdose Deaths,354,100,0,Delaware,Numbers may differ from published reports using final data. See Technical Notes.,**,354
DE,2018,May,12 month-ending,Number of Drug Overdose Deaths,366,100,0,Delaware,Numbers may differ from published reports using final data. See Technical Notes.,**,366
DE,2018,November,12 month-ending,Number of Drug Overdose Deaths,405,100,0,Delaware,Numbers may differ from published reports using final data. See Technical Notes.,**,405
DE,2018,October,12 month-ending,Number of Drug Overdose Deaths,406,100,0,Delaware,Numbers may differ from published reports using final data. See Technical Notes.,**,406
DE,2018,September,12 month-ending,Number of Drug Overdose Deaths,393,100,0,Delaware,Numbers may differ from published reports using final data. See Technical Notes.,**,393
DE,2019,April,12 month-ending,Number of Drug Overdose Deaths,392,100,0,Delaware,Numbers may differ from published reports using final data. See Technical Notes.,**,392
DE,2019,August,12 month-ending,Number of Drug Overdose Deaths,421,100,0.043257273,Delaware,Numbers may differ from published reports using final data. See Technical Notes.,**,422
DE,2019,December,12 month-ending,Number of Drug Overdose Deaths,423,100,0.097171237,Delaware,Numbers may differ from published reports using final data. See Technical Notes.,**,426
DE,2019,February,12 month-ending,Number of Drug Overdose Deaths,401,100,0,Delaware,Numbers may differ from published reports using final data. See Technical Notes.,**,401
DE,2019,January,12 month-ending,Number of Drug Overdose Deaths,403,100,0,Delaware,Numbers may differ from published reports using final data. See Technical Notes.,**,403
DE,2019,July,12 month-ending,Number of Drug Overdose Deaths,427,100,0.021701389,Delaware,Numbers may differ from published reports using final data. See Technical Notes.,**,427
DE,2019,June,12 month-ending,Number of Drug Overdose Deaths,418,100,0,Delaware,Numbers may differ from published reports using final data. See Technical Notes.,**,418
DE,2019,March,12 month-ending,Number of Drug Overdose Deaths,394,100,0,Delaware,Numbers may differ from published reports using final data. See Technical Notes.,**,394
DE,2019,May,12 month-ending,Number of Drug Overdose Deaths,404,100,0,Delaware,Numbers may differ from published reports using final data. See Technical Notes.,**,404
DE,2019,November,12 month-ending,Number of Drug Overdose Deaths,399,100,0.086683281,Delaware,Numbers may differ from published reports using final data. See Technical Notes.,**,402
DE,2019,October,12 month-ending,Number of Drug Overdose Deaths,407,100,0.064613397,Delaware,Numbers may differ from published reports using final data. See Technical Notes.,**,409
DE,2019,September,12 month-ending,Number of Drug Overdose Deaths,416,100,0.053694158,Delaware,Numbers may differ from published reports using final data. See Technical Notes.,**,417
DE,2020,April,12 month-ending,Number of Drug Overdose Deaths,463,100,0.092917613,Delaware,Numbers may differ from published reports using final data. See Technical Notes.,**,467
DE,2020,August,12 month-ending,Number of Drug Overdose Deaths,473,100,0.048671274,Delaware,Numbers may differ from published reports using final data. See Technical Notes.,**,474
DE,2020,December,12 month-ending,Number of Drug Overdose Deaths,449,100,0.009099181,Delaware,Numbers may differ from published reports using final data. See Technical Notes.,**,449
DE,2020,February,12 month-ending,Number of Drug Overdose Deaths,447,100,0.096763789,Delaware,Numbers may differ from published reports using final data. See Technical Notes.,**,451
DE,2020,January,12 month-ending,Number of Drug Overdose Deaths,428,100,0.097139773,Delaware,Numbers may differ from published reports using final data. See Technical Notes.,**,432
DE,2020,July,12 month-ending,Number of Drug Overdose Deaths,475,100,0.068533386,Delaware,Numbers may differ from published reports using final data. See Technical Notes.,**,477
DE,2020,June,12 month-ending,Number of Drug Overdose Deaths,476,100,0.088985565,Delaware,Numbers may differ from published reports using final data. See Technical Notes.,**,479
DE,2020,March,12 month-ending,Number of Drug Overdose Deaths,454,100,0.096194955,Delaware,Numbers may differ from published reports using final data. See Technical Notes.,**,458
DE,2020,May,12 month-ending,Number of Drug Overdose Deaths,472,100,0.089703977,Delaware,Numbers may differ from published reports using final data. See Technical Notes.,**,475
DE,2020,November,12 month-ending,Number of Drug Overdose Deaths,467,100,0.018859029,Delaware,Numbers may differ from published reports using final data. See Technical Notes.,**,467
DE,2020,October,12 month-ending,Number of Drug Overdose Deaths,475,100,0.028595939,Delaware,Numbers may differ from published reports using final data. See Technical Notes.,**,475
DE,2020,September,12 month-ending,Number of Drug Overdose Deaths,476,100,0.038729667,Delaware,Numbers may differ from published reports using final data. See Technical Notes.,**,477
DE,2021,April,12 month-ending,Number of Drug Overdose Deaths,460,100,0.008805142,Delaware,Numbers may differ from published reports using final data. See Technical Notes.,**,460
DE,2021,August,12 month-ending,Number of Drug Overdose Deaths,447,100,0.008977467,Delaware,Numbers may differ from published reports using final data. See Technical Notes.,**,447
DE,2021,December,12 month-ending,Number of Drug Overdose Deaths,502,100,0,Delaware,Numbers may differ from published reports using final data. See Technical Notes.,**,502
DE,2021,February,12 month-ending,Number of Drug Overdose Deaths,449,100,0.008700191,Delaware,Numbers may differ from published reports using final data. See Technical Notes.,**,449
DE,2021,January,12 month-ending,Number of Drug Overdose Deaths,456,100,0.008805142,Delaware,Numbers may differ from published reports using final data. See Technical Notes.,**,456
DE,2021,July,12 month-ending,Number of Drug Overdose Deaths,445,100,0.009042409,Delaware,Numbers may differ from published reports using final data. See Technical Notes.,**,445
DE,2021,June,12 month-ending,Number of Drug Overdose Deaths,452,100,0.008976661,Delaware,Numbers may differ from published reports using final data. See Technical Notes.,**,452
DE,2021,March,12 month-ending,Number of Drug Overdose Deaths,460,100,0.008672275,Delaware,Numbers may differ from published reports using final data. See Technical Notes.,**,460
DE,2021,May,12 month-ending,Number of Drug Overdose Deaths,456,100,0.008972633,Delaware,Numbers may differ from published reports using final data. See Technical Notes.,**,456
DE,2021,November,12 month-ending,Number of Drug Overdose Deaths,476,100,0,Delaware,Numbers may differ from published reports using final data. See Technical Notes.,**,476
DE,2021,October,12 month-ending,Number of Drug Overdose Deaths,457,100,0.008792755,Delaware,Numbers may differ from published reports using final data. See Technical Notes.,**,457
DE,2021,September,12 month-ending,Number of Drug Overdose Deaths,440,100,0.008880995,Delaware,Numbers may differ from published reports using final data. See Technical Notes.,**,440
DE,2022,April,12 month-ending,Number of Drug Overdose Deaths,505,100,0,Delaware,Numbers may differ from published reports using final data. See Technical Notes.,**,505
DE,2022,August,12 month-ending,Number of Drug Overdose Deaths,539,100,0,Delaware,Numbers may differ from published reports using final data. See Technical Notes.,**,539
DE,2022,December,12 month-ending,Number of Drug Overdose Deaths,544,100,0,Delaware,Numbers may differ from published reports using final data. See Technical Notes.,**,544
DE,2022,February,12 month-ending,Number of Drug Overdose Deaths,508,100,0,Delaware,Numbers may differ from published reports using final data. See Technical Notes.,**,508
DE,2022,January,12 month-ending,Number of Drug Overdose Deaths,507,100,0,Delaware,Numbers may differ from published reports using final data. See Technical Notes.,**,507
DE,2022,July,12 month-ending,Number of Drug Overdose Deaths,531,100,0,Delaware,Numbers may differ from published reports using final data. See Technical Notes.,**,531
DE,2022,June,12 month-ending,Number of Drug Overdose Deaths,525,100,0,Delaware,Numbers may differ from published reports using final data. See Technical Notes.,**,525
DE,2022,March,12 month-ending,Number of Drug Overdose Deaths,505,100,0,Delaware,Numbers may differ from published reports using final data. See Technical Notes.,**,505
DE,2022,May,12 month-ending,Number of Drug Overdose Deaths,518,100,0,Delaware,Numbers may differ from published reports using final data. See Technical Notes.,**,518
DE,2022,November,12 month-ending,Number of Drug Overdose Deaths,549,100,0,Delaware,Numbers may differ from published reports using final data. See Technical Notes.,**,549
DE,2022,October,12 month-ending,Number of Drug Overdose Deaths,548,100,0,Delaware,Numbers may differ from published reports using final data. See Technical Notes.,**,548
DE,2022,September,12 month-ending,Number of Drug Overdose Deaths,554,100,0,Delaware,Numbers may differ from published reports using final data. See Technical Notes.,**,554
DE,2023,April,12 month-ending,Number of Drug Overdose Deaths,564,100,0,Delaware,Underreported due to incomplete data.,*,564
DE,2023,August,12 month-ending,Number of Drug Overdose Deaths,547,100,0.027543151,Delaware,Underreported due to incomplete data.,*,548
DE,2023,February,12 month-ending,Number of Drug Overdose Deaths,556,100,0,Delaware,Underreported due to incomplete data.,*,556
DE,2023,January,12 month-ending,Number of Drug Overdose Deaths,549,100,0,Delaware,Underreported due to incomplete data.,*,549
DE,2023,July,12 month-ending,Number of Drug Overdose Deaths,551,100,0.018301611,Delaware,Underreported due to incomplete data.,*,551
DE,2023,June,12 month-ending,Number of Drug Overdose Deaths,534,100,0.009108298,Delaware,Underreported due to incomplete data.,*,534
DE,2023,March,12 month-ending,Number of Drug Overdose Deaths,558,100,0,Delaware,Underreported due to incomplete data.,*,558
DE,2023,May,12 month-ending,Number of Drug Overdose Deaths,545,100,0,Delaware,Underreported due to incomplete data.,*,545
DE,2023,October,12 month-ending,Number of Drug Overdose Deaths,535,100,0.101710587,Delaware,Underreported due to incomplete data.,*,541
DE,2023,September,12 month-ending,Number of Drug Overdose Deaths,542,100,0.055101479,Delaware,Underreported due to incomplete data.,*,544
FL,2015,April,12 month-ending,Number of Drug Overdose Deaths,2886,100,0.032246656,Florida,Numbers may differ from published reports using final data. See Technical Notes.,**,2886
FL,2015,August,12 month-ending,Number of Drug Overdose Deaths,3204,100,0.02881192,Florida,Numbers may differ from published reports using final data. See Technical Notes.,**,3204
FL,2015,December,12 month-ending,Number of Drug Overdose Deaths,3352,100,0.036541995,Florida,Numbers may differ from published reports using final data. See Technical Notes.,**,3352
FL,2015,February,12 month-ending,Number of Drug Overdose Deaths,2824,100,0.034104444,Florida,Numbers may differ from published reports using final data. See Technical Notes.,**,2824
FL,2015,January,12 month-ending,Number of Drug Overdose Deaths,2755,100,0.034889253,Florida,Numbers may differ from published reports using final data. See Technical Notes.,**,2755
FL,2015,July,12 month-ending,Number of Drug Overdose Deaths,3117,100,0.031463572,Florida,Numbers may differ from published reports using final data. See Technical Notes.,**,3117
FL,2015,June,12 month-ending,Number of Drug Overdose Deaths,2983,100,0.031542968,Florida,Numbers may differ from published reports using final data. See Technical Notes.,**,2983
FL,2015,March,12 month-ending,Number of Drug Overdose Deaths,2862,100,0.033377663,Florida,Numbers may differ from published reports using final data. See Technical Notes.,**,2862
FL,2015,May,12 month-ending,Number of Drug Overdose Deaths,2958,100,0.033149114,Florida,Numbers may differ from published reports using final data. See Technical Notes.,**,2958
FL,2015,November,12 month-ending,Number of Drug Overdose Deaths,3340,100,0.032768252,Florida,Numbers may differ from published reports using final data. See Technical Notes.,**,3340
FL,2015,October,12 month-ending,Number of Drug Overdose Deaths,3341,100,0.030163753,Florida,Numbers may differ from published reports using final data. See Technical Notes.,**,3341
FL,2015,September,12 month-ending,Number of Drug Overdose Deaths,3270,100,0.027678539,Florida,Numbers may differ from published reports using final data. See Technical Notes.,**,3270
FL,2016,April,12 month-ending,Number of Drug Overdose Deaths,3703,100,0.040840706,Florida,Numbers may differ from published reports using final data. See Technical Notes.,**,3705
FL,2016,August,12 month-ending,Number of Drug Overdose Deaths,4091,100,0.051697922,Florida,Numbers may differ from published reports using final data. See Technical Notes.,**,4098
FL,2016,December,12 month-ending,Number of Drug Overdose Deaths,4996,100,0.047008462,Florida,Numbers may differ from published reports using final data. See Technical Notes.,**,5002
FL,2016,February,12 month-ending,Number of Drug Overdose Deaths,3401,100,0.038068585,Florida,Numbers may differ from published reports using final data. See Technical Notes.,**,3401
FL,2016,January,12 month-ending,Number of Drug Overdose Deaths,3324,100,0.037665755,Florida,Numbers may differ from published reports using final data. See Technical Notes.,**,3324
FL,2016,July,12 month-ending,Number of Drug Overdose Deaths,3973,100,0.047272191,Florida,Numbers may differ from published reports using final data. See Technical Notes.,**,3978
FL,2016,June,12 month-ending,Number of Drug Overdose Deaths,3843,100,0.045345004,Florida,Numbers may differ from published reports using final data. See Technical Notes.,**,3847
FL,2016,March,12 month-ending,Number of Drug Overdose Deaths,3596,100,0.038931435,Florida,Numbers may differ from published reports using final data. See Technical Notes.,**,3597
FL,2016,May,12 month-ending,Number of Drug Overdose Deaths,3759,100,0.042336139,Florida,Numbers may differ from published reports using final data. See Technical Notes.,**,3761
FL,2016,November,12 month-ending,Number of Drug Overdose Deaths,4836,100,0.054703497,Florida,Numbers may differ from published reports using final data. See Technical Notes.,**,4846
FL,2016,October,12 month-ending,Number of Drug Overdose Deaths,4579,100,0.054989406,Florida,Numbers may differ from published reports using final data. See Technical Notes.,**,4589
FL,2016,September,12 month-ending,Number of Drug Overdose Deaths,4279,100,0.052631046,Florida,Numbers may differ from published reports using final data. See Technical Notes.,**,4287
FL,2017,April,12 month-ending,Number of Drug Overdose Deaths,5386,100,0.043210275,Florida,Numbers may differ from published reports using final data. See Technical Notes.,**,5389
FL,2017,August,12 month-ending,Number of Drug Overdose Deaths,5627,100,0.037449492,Florida,Numbers may differ from published reports using final data. See Technical Notes.,**,5627
FL,2017,December,12 month-ending,Number of Drug Overdose Deaths,5440,100,0.064024523,Florida,Numbers may differ from published reports using final data. See Technical Notes.,**,5457
FL,2017,February,12 month-ending,Number of Drug Overdose Deaths,5230,100,0.045837734,Florida,Numbers may differ from published reports using final data. See Technical Notes.,**,5235
FL,2017,January,12 month-ending,Number of Drug Overdose Deaths,5179,100,0.046295605,Florida,Numbers may differ from published reports using final data. See Technical Notes.,**,5184
FL,2017,July,12 month-ending,Number of Drug Overdose Deaths,5602,100,0.038537549,Florida,Numbers may differ from published reports using final data. See Technical Notes.,**,5602
FL,2017,June,12 month-ending,Number of Drug Overdose Deaths,5676,100,0.040531056,Florida,Numbers may differ from published reports using final data. See Technical Notes.,**,5678
FL,2017,March,12 month-ending,Number of Drug Overdose Deaths,5287,100,0.044802644,Florida,Numbers may differ from published reports using final data. See Technical Notes.,**,5291
FL,2017,May,12 month-ending,Number of Drug Overdose Deaths,5535,100,0.04164477,Florida,Numbers may differ from published reports using final data. See Technical Notes.,**,5538
FL,2017,November,12 month-ending,Number of Drug Overdose Deaths,5415,100,0.051213766,Florida,Numbers may differ from published reports using final data. See Technical Notes.,**,5424
FL,2017,October,12 month-ending,Number of Drug Overdose Deaths,5475,100,0.047394523,Florida,Numbers may differ from published reports using final data. See Technical Notes.,**,5481
FL,2017,September,12 month-ending,Number of Drug Overdose Deaths,5592,100,0.04216141,Florida,Numbers may differ from published reports using final data. See Technical Notes.,**,5595
FL,2018,April,12 month-ending,Number of Drug Overdose Deaths,5272,100,0.068936134,Florida,Numbers may differ from published reports using final data. See Technical Notes.,**,5292
FL,2018,August,12 month-ending,Number of Drug Overdose Deaths,5062,100,0.067889312,Florida,Numbers may differ from published reports using final data. See Technical Notes.,**,5080
FL,2018,December,12 month-ending,Number of Drug Overdose Deaths,4936,100,0.04997093,Florida,Numbers may differ from published reports using final data. See Technical Notes.,**,4943
FL,2018,February,12 month-ending,Number of Drug Overdose Deaths,5419,100,0.066061581,Florida,Numbers may differ from published reports using final data. See Technical Notes.,**,5437
FL,2018,January,12 month-ending,Number of Drug Overdose Deaths,5451,100,0.064850532,Florida,Numbers may differ from published reports using final data. See Technical Notes.,**,5469
FL,2018,July,12 month-ending,Number of Drug Overdose Deaths,5141,100,0.069197547,Florida,Numbers may differ from published reports using final data. See Technical Notes.,**,5160
FL,2018,June,12 month-ending,Number of Drug Overdose Deaths,5136,100,0.068349106,Florida,Numbers may differ from published reports using final data. See Technical Notes.,**,5155
FL,2018,March,12 month-ending,Number of Drug Overdose Deaths,5292,100,0.067967624,Florida,Numbers may differ from published reports using final data. See Technical Notes.,**,5311
FL,2018,May,12 month-ending,Number of Drug Overdose Deaths,5235,100,0.06987351,Florida,Numbers may differ from published reports using final data. See Technical Notes.,**,5255
FL,2018,November,12 month-ending,Number of Drug Overdose Deaths,4968,100,0.054746629,Florida,Numbers may differ from published reports using final data. See Technical Notes.,**,4978
FL,2018,October,12 month-ending,Number of Drug Overdose Deaths,4954,100,0.058037749,Florida,Numbers may differ from published reports using final data. See Technical Notes.,**,4966
FL,2018,September,12 month-ending,Number of Drug Overdose Deaths,5006,100,0.065120377,Florida,Numbers may differ from published reports using final data. See Technical Notes.,**,5022
FL,2019,April,12 month-ending,Number of Drug Overdose Deaths,4987,100,0.047994648,Florida,Numbers may differ from published reports using final data. See Technical Notes.,**,4993
FL,2019,August,12 month-ending,Number of Drug Overdose Deaths,5153,100,0.049889188,Florida,Numbers may differ from published reports using final data. See Technical Notes.,**,5160
FL,2019,December,12 month-ending,Number of Drug Overdose Deaths,5524,100,0.051492324,Florida,Numbers may differ from published reports using final data. See Technical Notes.,**,5533
FL,2019,February,12 month-ending,Number of Drug Overdose Deaths,4937,100,0.048662511,Florida,Numbers may differ from published reports using final data. See Technical Notes.,**,4943
FL,2019,January,12 month-ending,Number of Drug Overdose Deaths,4921,100,0.049486937,Florida,Numbers may differ from published reports using final data. See Technical Notes.,**,4928
FL,2019,July,12 month-ending,Number of Drug Overdose Deaths,5097,100,0.048524798,Florida,Numbers may differ from published reports using final data. See Technical Notes.,**,5104
FL,2019,June,12 month-ending,Number of Drug Overdose Deaths,5043,100,0.049616556,Florida,Numbers may differ from published reports using final data. See Technical Notes.,**,5050
FL,2019,March,12 month-ending,Number of Drug Overdose Deaths,4961,100,0.048164635,Florida,Numbers may differ from published reports using final data. See Technical Notes.,**,4967
FL,2019,May,12 month-ending,Number of Drug Overdose Deaths,4957,100,0.047310769,Florida,Numbers may differ from published reports using final data. See Technical Notes.,**,4963
FL,2019,November,12 month-ending,Number of Drug Overdose Deaths,5473,100,0.053047609,Florida,Numbers may differ from published reports using final data. See Technical Notes.,**,5483
FL,2019,October,12 month-ending,Number of Drug Overdose Deaths,5397,100,0.051315745,Florida,Numbers may differ from published reports using final data. See Technical Notes.,**,5406
FL,2019,September,12 month-ending,Number of Drug Overdose Deaths,5251,100,0.049428454,Florida,Numbers may differ from published reports using final data. See Technical Notes.,**,5258
FL,2020,April,12 month-ending,Number of Drug Overdose Deaths,6238,100,0.054218275,Florida,Numbers may differ from published reports using final data. See Technical Notes.,**,6250
FL,2020,August,12 month-ending,Number of Drug Overdose Deaths,7249,100,0.065790897,Florida,Numbers may differ from published reports using final data. See Technical Notes.,**,7273
FL,2020,December,12 month-ending,Number of Drug Overdose Deaths,7568,100,0.068283252,Florida,Numbers may differ from published reports using final data. See Technical Notes.,**,7596
FL,2020,February,12 month-ending,Number of Drug Overdose Deaths,5777,100,0.052442349,Florida,Numbers may differ from published reports using final data. See Technical Notes.,**,5787
FL,2020,January,12 month-ending,Number of Drug Overdose Deaths,5638,100,0.052227255,Florida,Numbers may differ from published reports using final data. See Technical Notes.,**,5648
FL,2020,July,12 month-ending,Number of Drug Overdose Deaths,7049,100,0.06606435,Florida,Numbers may differ from published reports using final data. See Technical Notes.,**,7073
FL,2020,June,12 month-ending,Number of Drug Overdose Deaths,6833,100,0.059393086,Florida,Numbers may differ from published reports using final data. See Technical Notes.,**,6851
FL,2020,March,12 month-ending,Number of Drug Overdose Deaths,6002,100,0.052201148,Florida,Numbers may differ from published reports using final data. See Technical Notes.,**,6012
FL,2020,May,12 month-ending,Number of Drug Overdose Deaths,6633,100,0.055757677,Florida,Numbers may differ from published reports using final data. See Technical Notes.,**,6647
FL,2020,November,12 month-ending,Number of Drug Overdose Deaths,7512,100,0.065264867,Florida,Numbers may differ from published reports using final data. See Technical Notes.,**,7537
FL,2020,October,12 month-ending,Number of Drug Overdose Deaths,7444,100,0.066236621,Florida,Numbers may differ from published reports using final data. See Technical Notes.,**,7469
FL,2020,September,12 month-ending,Number of Drug Overdose Deaths,7422,100,0.066949817,Florida,Numbers may differ from published reports using final data. See Technical Notes.,**,7448
FL,2021,April,12 month-ending,Number of Drug Overdose Deaths,7854,100,0.083454626,Florida,Numbers may differ from published reports using final data. See Technical Notes.,**,7897
FL,2021,August,12 month-ending,Number of Drug Overdose Deaths,7908,100,0.099335307,Florida,Numbers may differ from published reports using final data. See Technical Notes.,**,7966
FL,2021,December,12 month-ending,Number of Drug Overdose Deaths,8163,100,0.131784146,Florida,Numbers may differ from published reports using final data. See Technical Notes.,**,8256
FL,2021,February,12 month-ending,Number of Drug Overdose Deaths,7709,100,0.0696401,Florida,Numbers may differ from published reports using final data. See Technical Notes.,**,7738
FL,2021,January,12 month-ending,Number of Drug Overdose Deaths,7670,100,0.06678871,Florida,Numbers may differ from published reports using final data. See Technical Notes.,**,7697
FL,2021,July,12 month-ending,Number of Drug Overdose Deaths,7851,100,0.099584137,Florida,Numbers may differ from published reports using final data. See Technical Notes.,**,7909
FL,2021,June,12 month-ending,Number of Drug Overdose Deaths,7839,100,0.097266305,Florida,Numbers may differ from published reports using final data. See Technical Notes.,**,7895
FL,2021,March,12 month-ending,Number of Drug Overdose Deaths,7764,100,0.076912098,Florida,Numbers may differ from published reports using final data. See Technical Notes.,**,7800
FL,2021,May,12 month-ending,Number of Drug Overdose Deaths,7738,100,0.090624323,Florida,Numbers may differ from published reports using final data. See Technical Notes.,**,7787
FL,2021,November,12 month-ending,Number of Drug Overdose Deaths,8066,100,0.12349791,Florida,Numbers may differ from published reports using final data. See Technical Notes.,**,8149
FL,2021,October,12 month-ending,Number of Drug Overdose Deaths,8018,100,0.110017588,Florida,Numbers may differ from published reports using final data. See Technical Notes.,**,8088
FL,2021,September,12 month-ending,Number of Drug Overdose Deaths,7903,100,0.103702754,Florida,Numbers may differ from published reports using final data. See Technical Notes.,**,7966
FL,2022,April,12 month-ending,Number of Drug Overdose Deaths,8158,100,0.155149959,Florida,Numbers may differ from published reports using final data. See Technical Notes.,**,8274
FL,2022,August,12 month-ending,Number of Drug Overdose Deaths,8028,100,0.163791739,Florida,Numbers may differ from published reports using final data. See Technical Notes.,**,8151
FL,2022,December,12 month-ending,Number of Drug Overdose Deaths,7894,100,0.219709555,Florida,Numbers may differ from published reports using final data. See Technical Notes.,**,8070
FL,2022,February,12 month-ending,Number of Drug Overdose Deaths,8207,100,0.148759213,Florida,Numbers may differ from published reports using final data. See Technical Notes.,**,8317
FL,2022,January,12 month-ending,Number of Drug Overdose Deaths,8146,100,0.144280575,Florida,Numbers may differ from published reports using final data. See Technical Notes.,**,8251
FL,2022,July,12 month-ending,Number of Drug Overdose Deaths,8061,100,0.148655636,Florida,Numbers may differ from published reports using final data. See Technical Notes.,**,8169
FL,2022,June,12 month-ending,Number of Drug Overdose Deaths,8032,100,0.147952504,Florida,Numbers may differ from published reports using final data. See Technical Notes.,**,8139
FL,2022,March,12 month-ending,Number of Drug Overdose Deaths,8270,100,0.151459347,Florida,Numbers may differ from published reports using final data. See Technical Notes.,**,8384
FL,2022,May,12 month-ending,Number of Drug Overdose Deaths,8149,100,0.154530236,Florida,Numbers may differ from published reports using final data. See Technical Notes.,**,8264
FL,2022,November,12 month-ending,Number of Drug Overdose Deaths,7919,100,0.202658082,Florida,Numbers may differ from published reports using final data. See Technical Notes.,**,8078
FL,2022,October,12 month-ending,Number of Drug Overdose Deaths,7954,100,0.193636367,Florida,Numbers may differ from published reports using final data. See Technical Notes.,**,8105
FL,2022,September,12 month-ending,Number of Drug Overdose Deaths,7985,100,0.174193944,Florida,Numbers may differ from published reports using final data. See Technical Notes.,**,8117
FL,2023,April,12 month-ending,Number of Drug Overdose Deaths,7733,100,0.217634307,Florida,Underreported due to incomplete data.,*,7909
FL,2023,August,12 month-ending,Number of Drug Overdose Deaths,7555,100,0.253093123,Florida,Underreported due to incomplete data.,*,7771
FL,2023,February,12 month-ending,Number of Drug Overdose Deaths,7870,100,0.22876703,Florida,Underreported due to incomplete data.,*,8038
FL,2023,January,12 month-ending,Number of Drug Overdose Deaths,7905,100,0.217101218,Florida,Underreported due to incomplete data.,*,8034
FL,2023,July,12 month-ending,Number of Drug Overdose Deaths,7585,100,0.23566613,Florida,Underreported due to incomplete data.,*,7783
FL,2023,June,12 month-ending,Number of Drug Overdose Deaths,7627,100,0.223670838,Florida,Underreported due to incomplete data.,*,7805
FL,2023,March,12 month-ending,Number of Drug Overdose Deaths,7743,100,0.222592503,Florida,Underreported due to incomplete data.,*,7927
FL,2023,May,12 month-ending,Number of Drug Overdose Deaths,7671,100,0.216965701,Florida,Underreported due to incomplete data.,*,7853
FL,2023,October,12 month-ending,Number of Drug Overdose Deaths,7309,100,0.306637807,Florida,Underreported due to incomplete data.,*,7563
FL,2023,September,12 month-ending,Number of Drug Overdose Deaths,7462,100,0.274060593,Florida,Underreported due to incomplete data.,*,7685
GA,2015,April,12 month-ending,Number of Drug Overdose Deaths,1270,100,0.098595644,Georgia,Numbers may differ from published reports using final data. See Technical Notes.,**,1280
GA,2015,August,12 month-ending,Number of Drug Overdose Deaths,1327,100,0.081167818,Georgia,Numbers may differ from published reports using final data. See Technical Notes.,**,1334
GA,2015,December,12 month-ending,Number of Drug Overdose Deaths,1308,100,0.079462634,Georgia,Numbers may differ from published reports using final data. See Technical Notes.,**,1315
GA,2015,February,12 month-ending,Number of Drug Overdose Deaths,1235,100,0.093332481,Georgia,Numbers may differ from published reports using final data. See Technical Notes.,**,1244
GA,2015,January,12 month-ending,Number of Drug Overdose Deaths,1206,100,0.087530732,Georgia,Numbers may differ from published reports using final data. See Technical Notes.,**,1214
GA,2015,July,12 month-ending,Number of Drug Overdose Deaths,1330,100,0.088756657,Georgia,Numbers may differ from published reports using final data. See Technical Notes.,**,1339
GA,2015,June,12 month-ending,Number of Drug Overdose Deaths,1311,100,0.091755804,Georgia,Numbers may differ from published reports using final data. See Technical Notes.,**,1320
GA,2015,March,12 month-ending,Number of Drug Overdose Deaths,1257,100,0.091364761,Georgia,Numbers may differ from published reports using final data. See Technical Notes.,**,1265
GA,2015,May,12 month-ending,Number of Drug Overdose Deaths,1289,100,0.09976511,Georgia,Numbers may differ from published reports using final data. See Technical Notes.,**,1299
GA,2015,November,12 month-ending,Number of Drug Overdose Deaths,1315,100,0.07661983,Georgia,Numbers may differ from published reports using final data. See Technical Notes.,**,1322
GA,2015,October,12 month-ending,Number of Drug Overdose Deaths,1337,100,0.083008115,Georgia,Numbers may differ from published reports using final data. See Technical Notes.,**,1345
GA,2015,September,12 month-ending,Number of Drug Overdose Deaths,1314,100,0.077122102,Georgia,Numbers may differ from published reports using final data. See Technical Notes.,**,1321
GA,2016,April,12 month-ending,Number of Drug Overdose Deaths,1291,100,0.064672595,Georgia,Numbers may differ from published reports using final data. See Technical Notes.,**,1296
GA,2016,August,12 month-ending,Number of Drug Overdose Deaths,1275,100,0.076540375,Georgia,Numbers may differ from published reports using final data. See Technical Notes.,**,1281
GA,2016,December,12 month-ending,Number of Drug Overdose Deaths,1370,100,0.084369612,Georgia,Numbers may differ from published reports using final data. See Technical Notes.,**,1378
GA,2016,February,12 month-ending,Number of Drug Overdose Deaths,1277,100,0.073492775,Georgia,Numbers may differ from published reports using final data. See Technical Notes.,**,1283
GA,2016,January,12 month-ending,Number of Drug Overdose Deaths,1299,100,0.078507608,Georgia,Numbers may differ from published reports using final data. See Technical Notes.,**,1306
GA,2016,July,12 month-ending,Number of Drug Overdose Deaths,1270,100,0.075680504,Georgia,Numbers may differ from published reports using final data. See Technical Notes.,**,1276
GA,2016,June,12 month-ending,Number of Drug Overdose Deaths,1279,100,0.075743466,Georgia,Numbers may differ from published reports using final data. See Technical Notes.,**,1285
GA,2016,March,12 month-ending,Number of Drug Overdose Deaths,1278,100,0.072236337,Georgia,Numbers may differ from published reports using final data. See Technical Notes.,**,1284
GA,2016,May,12 month-ending,Number of Drug Overdose Deaths,1268,100,0.067139127,Georgia,Numbers may differ from published reports using final data. See Technical Notes.,**,1273
GA,2016,November,12 month-ending,Number of Drug Overdose Deaths,1344,100,0.077403185,Georgia,Numbers may differ from published reports using final data. See Technical Notes.,**,1351
GA,2016,October,12 month-ending,Number of Drug Overdose Deaths,1298,100,0.072591262,Georgia,Numbers may differ from published reports using final data. See Technical Notes.,**,1304
GA,2016,September,12 month-ending,Number of Drug Overdose Deaths,1289,100,0.077509843,Georgia,Numbers may differ from published reports using final data. See Technical Notes.,**,1296
GA,2017,April,12 month-ending,Number of Drug Overdose Deaths,1467,100,0.079914758,Georgia,Numbers may differ from published reports using final data. See Technical Notes.,**,1475
GA,2017,August,12 month-ending,Number of Drug Overdose Deaths,1501,100,0.091431871,Georgia,Numbers may differ from published reports using final data. See Technical Notes.,**,1511
GA,2017,December,12 month-ending,Number of Drug Overdose Deaths,1516,100,0.082457964,Georgia,Numbers may differ from published reports using final data. See Technical Notes.,**,1525
GA,2017,February,12 month-ending,Number of Drug Overdose Deaths,1418,100,0.079130297,Georgia,Numbers may differ from published reports using final data. See Technical Notes.,**,1425
GA,2017,January,12 month-ending,Number of Drug Overdose Deaths,1398,100,0.08034084,Georgia,Numbers may differ from published reports using final data. See Technical Notes.,**,1406
GA,2017,July,12 month-ending,Number of Drug Overdose Deaths,1493,100,0.08424904,Georgia,Numbers may differ from published reports using final data. See Technical Notes.,**,1502
GA,2017,June,12 month-ending,Number of Drug Overdose Deaths,1485,100,0.079569841,Georgia,Numbers may differ from published reports using final data. See Technical Notes.,**,1493
GA,2017,March,12 month-ending,Number of Drug Overdose Deaths,1436,100,0.076422922,Georgia,Numbers may differ from published reports using final data. See Technical Notes.,**,1443
GA,2017,May,12 month-ending,Number of Drug Overdose Deaths,1484,100,0.079697632,Georgia,Numbers may differ from published reports using final data. See Technical Notes.,**,1492
GA,2017,November,12 month-ending,Number of Drug Overdose Deaths,1506,100,0.087252734,Georgia,Numbers may differ from published reports using final data. See Technical Notes.,**,1515
GA,2017,October,12 month-ending,Number of Drug Overdose Deaths,1520,100,0.092118486,Georgia,Numbers may differ from published reports using final data. See Technical Notes.,**,1530
GA,2017,September,12 month-ending,Number of Drug Overdose Deaths,1499,100,0.091347252,Georgia,Numbers may differ from published reports using final data. See Technical Notes.,**,1509
GA,2018,April,12 month-ending,Number of Drug Overdose Deaths,1435,100,0.088006477,Georgia,Numbers may differ from published reports using final data. See Technical Notes.,**,1444
GA,2018,August,12 month-ending,Number of Drug Overdose Deaths,1444,100,0.068913963,Georgia,Numbers may differ from published reports using final data. See Technical Notes.,**,1450
GA,2018,December,12 month-ending,Number of Drug Overdose Deaths,1375,100,0.089800107,Georgia,Numbers may differ from published reports using final data. See Technical Notes.,**,1384
GA,2018,February,12 month-ending,Number of Drug Overdose Deaths,1459,100,0.085641549,Georgia,Numbers may differ from published reports using final data. See Technical Notes.,**,1468
GA,2018,January,12 month-ending,Number of Drug Overdose Deaths,1479,100,0.081327644,Georgia,Numbers may differ from published reports using final data. See Technical Notes.,**,1487
GA,2018,July,12 month-ending,Number of Drug Overdose Deaths,1442,100,0.077301476,Georgia,Numbers may differ from published reports using final data. See Technical Notes.,**,1449
GA,2018,June,12 month-ending,Number of Drug Overdose Deaths,1436,100,0.081911582,Georgia,Numbers may differ from published reports using final data. See Technical Notes.,**,1444
GA,2018,March,12 month-ending,Number of Drug Overdose Deaths,1467,100,0.089296205,Georgia,Numbers may differ from published reports using final data. See Technical Notes.,**,1476
GA,2018,May,12 month-ending,Number of Drug Overdose Deaths,1440,100,0.084237128,Georgia,Numbers may differ from published reports using final data. See Technical Notes.,**,1448
GA,2018,November,12 month-ending,Number of Drug Overdose Deaths,1397,100,0.090035313,Georgia,Numbers may differ from published reports using final data. See Technical Notes.,**,1406
GA,2018,October,12 month-ending,Number of Drug Overdose Deaths,1421,100,0.079642079,Georgia,Numbers may differ from published reports using final data. See Technical Notes.,**,1429
GA,2018,September,12 month-ending,Number of Drug Overdose Deaths,1460,100,0.070177901,Georgia,Numbers may differ from published reports using final data. See Technical Notes.,**,1466
GA,2019,April,12 month-ending,Number of Drug Overdose Deaths,1376,100,0.084986839,Georgia,Numbers may differ from published reports using final data. See Technical Notes.,**,1384
GA,2019,August,12 month-ending,Number of Drug Overdose Deaths,1381,100,0.095961428,Georgia,Numbers may differ from published reports using final data. See Technical Notes.,**,1391
GA,2019,December,12 month-ending,Number of Drug Overdose Deaths,1378,100,0.103277014,Georgia,Numbers may differ from published reports using final data. See Technical Notes.,**,1389
GA,2019,February,12 month-ending,Number of Drug Overdose Deaths,1383,100,0.086598574,Georgia,Numbers may differ from published reports using final data. See Technical Notes.,**,1392
GA,2019,January,12 month-ending,Number of Drug Overdose Deaths,1384,100,0.090883339,Georgia,Numbers may differ from published reports using final data. See Technical Notes.,**,1393
GA,2019,July,12 month-ending,Number of Drug Overdose Deaths,1352,100,0.095980523,Georgia,Numbers may differ from published reports using final data. See Technical Notes.,**,1362
GA,2019,June,12 month-ending,Number of Drug Overdose Deaths,1361,100,0.09057971,Georgia,Numbers may differ from published reports using final data. See Technical Notes.,**,1370
GA,2019,March,12 month-ending,Number of Drug Overdose Deaths,1371,100,0.088755296,Georgia,Numbers may differ from published reports using final data. See Technical Notes.,**,1380
GA,2019,May,12 month-ending,Number of Drug Overdose Deaths,1380,100,0.089665994,Georgia,Numbers may differ from published reports using final data. See Technical Notes.,**,1389
GA,2019,November,12 month-ending,Number of Drug Overdose Deaths,1381,100,0.095028393,Georgia,Numbers may differ from published reports using final data. See Technical Notes.,**,1391
GA,2019,October,12 month-ending,Number of Drug Overdose Deaths,1376,100,0.097666469,Georgia,Numbers may differ from published reports using final data. See Technical Notes.,**,1386
GA,2019,September,12 month-ending,Number of Drug Overdose Deaths,1380,100,0.100254133,Georgia,Numbers may differ from published reports using final data. See Technical Notes.,**,1391
GA,2020,April,12 month-ending,Number of Drug Overdose Deaths,1515,100,0.105603739,Georgia,Numbers may differ from published reports using final data. See Technical Notes.,**,1528
GA,2020,August,12 month-ending,Number of Drug Overdose Deaths,1719,100,0.102831502,Georgia,Numbers may differ from published reports using final data. See Technical Notes.,**,1733
GA,2020,December,12 month-ending,Number of Drug Overdose Deaths,1868,100,0.084974073,Georgia,Numbers may differ from published reports using final data. See Technical Notes.,**,1879
GA,2020,February,12 month-ending,Number of Drug Overdose Deaths,1430,100,0.105691244,Georgia,Numbers may differ from published reports using final data. See Technical Notes.,**,1442
GA,2020,January,12 month-ending,Number of Drug Overdose Deaths,1390,100,0.106540671,Georgia,Numbers may differ from published reports using final data. See Technical Notes.,**,1402
GA,2020,July,12 month-ending,Number of Drug Overdose Deaths,1711,100,0.101594499,Georgia,Numbers may differ from published reports using final data. See Technical Notes.,**,1725
GA,2020,June,12 month-ending,Number of Drug Overdose Deaths,1636,100,0.106253629,Georgia,Numbers may differ from published reports using final data. See Technical Notes.,**,1650
GA,2020,March,12 month-ending,Number of Drug Overdose Deaths,1451,100,0.102870075,Georgia,Numbers may differ from published reports using final data. See Technical Notes.,**,1463
GA,2020,May,12 month-ending,Number of Drug Overdose Deaths,1564,100,0.107337693,Georgia,Numbers may differ from published reports using final data. See Technical Notes.,**,1577
GA,2020,November,12 month-ending,Number of Drug Overdose Deaths,1822,100,0.092330603,Georgia,Numbers may differ from published reports using final data. See Technical Notes.,**,1834
GA,2020,October,12 month-ending,Number of Drug Overdose Deaths,1790,100,0.099590572,Georgia,Numbers may differ from published reports using final data. See Technical Notes.,**,1804
GA,2020,September,12 month-ending,Number of Drug Overdose Deaths,1746,100,0.098988683,Georgia,Numbers may differ from published reports using final data. See Technical Notes.,**,1759
GA,2021,April,12 month-ending,Number of Drug Overdose Deaths,2077,100,0.106950902,Georgia,Numbers may differ from published reports using final data. See Technical Notes.,**,2095
GA,2021,August,12 month-ending,Number of Drug Overdose Deaths,2177,100,0.141174756,Georgia,Numbers may differ from published reports using final data. See Technical Notes.,**,2205
GA,2021,December,12 month-ending,Number of Drug Overdose Deaths,2438,100,0.173752704,Georgia,Numbers may differ from published reports using final data. See Technical Notes.,**,2479
GA,2021,February,12 month-ending,Number of Drug Overdose Deaths,1983,100,0.091387001,Georgia,Numbers may differ from published reports using final data. See Technical Notes.,**,1996
GA,2021,January,12 month-ending,Number of Drug Overdose Deaths,1916,100,0.087509211,Georgia,Numbers may differ from published reports using final data. See Technical Notes.,**,1928
GA,2021,July,12 month-ending,Number of Drug Overdose Deaths,2135,100,0.130870751,Georgia,Numbers may differ from published reports using final data. See Technical Notes.,**,2159
GA,2021,June,12 month-ending,Number of Drug Overdose Deaths,2143,100,0.126622637,Georgia,Numbers may differ from published reports using final data. See Technical Notes.,**,2166
GA,2021,March,12 month-ending,Number of Drug Overdose Deaths,2038,100,0.099135717,Georgia,Numbers may differ from published reports using final data. See Technical Notes.,**,2053
GA,2021,May,12 month-ending,Number of Drug Overdose Deaths,2134,100,0.110959527,Georgia,Numbers may differ from published reports using final data. See Technical Notes.,**,2153
GA,2021,November,12 month-ending,Number of Drug Overdose Deaths,2357,100,0.160423588,Georgia,Numbers may differ from published reports using final data. See Technical Notes.,**,2392
GA,2021,October,12 month-ending,Number of Drug Overdose Deaths,2314,100,0.142772055,Georgia,Numbers may differ from published reports using final data. See Technical Notes.,**,2344
GA,2021,September,12 month-ending,Number of Drug Overdose Deaths,2245,100,0.144860969,Georgia,Numbers may differ from published reports using final data. See Technical Notes.,**,2274
GA,2022,April,12 month-ending,Number of Drug Overdose Deaths,2516,100,0.177389582,Georgia,Numbers may differ from published reports using final data. See Technical Notes.,**,2559
GA,2022,August,12 month-ending,Number of Drug Overdose Deaths,2609,100,0.16890021,Georgia,Numbers may differ from published reports using final data. See Technical Notes.,**,2651
GA,2022,December,12 month-ending,Number of Drug Overdose Deaths,2619,100,0.201222891,Georgia,Numbers may differ from published reports using final data. See Technical Notes.,**,2672
GA,2022,February,12 month-ending,Number of Drug Overdose Deaths,2492,100,0.178510558,Georgia,Numbers may differ from published reports using final data. See Technical Notes.,**,2535
GA,2022,January,12 month-ending,Number of Drug Overdose Deaths,2494,100,0.173877193,Georgia,Numbers may differ from published reports using final data. See Technical Notes.,**,2536
GA,2022,July,12 month-ending,Number of Drug Overdose Deaths,2589,100,0.168277451,Georgia,Numbers may differ from published reports using final data. See Technical Notes.,**,2630
GA,2022,June,12 month-ending,Number of Drug Overdose Deaths,2545,100,0.160452874,Georgia,Numbers may differ from published reports using final data. See Technical Notes.,**,2583
GA,2022,March,12 month-ending,Number of Drug Overdose Deaths,2499,100,0.177763413,Georgia,Numbers may differ from published reports using final data. See Technical Notes.,**,2542
GA,2022,May,12 month-ending,Number of Drug Overdose Deaths,2499,100,0.170562224,Georgia,Numbers may differ from published reports using final data. See Technical Notes.,**,2540
GA,2022,November,12 month-ending,Number of Drug Overdose Deaths,2655,100,0.187371364,Georgia,Numbers may differ from published reports using final data. See Technical Notes.,**,2704
GA,2022,October,12 month-ending,Number of Drug Overdose Deaths,2616,100,0.179864811,Georgia,Numbers may differ from published reports using final data. See Technical Notes.,**,2662
GA,2022,September,12 month-ending,Number of Drug Overdose Deaths,2627,100,0.174316144,Georgia,Numbers may differ from published reports using final data. See Technical Notes.,**,2671
GA,2023,April,12 month-ending,Number of Drug Overdose Deaths,2619,100,0.248304939,Georgia,Underreported due to incomplete data.,*,2689
GA,2023,August,12 month-ending,Number of Drug Overdose Deaths,2554,100,0.352458012,Georgia,Underreported due to incomplete data.,*,2660
GA,2023,February,12 month-ending,Number of Drug Overdose Deaths,2600,100,0.222866057,Georgia,Underreported due to incomplete data.,*,2654
GA,2023,January,12 month-ending,Number of Drug Overdose Deaths,2605,100,0.215349644,Georgia,Underreported due to incomplete data.,*,2647
GA,2023,July,12 month-ending,Number of Drug Overdose Deaths,2573,100,0.324711793,Georgia,Underreported due to incomplete data.,*,2669
GA,2023,June,12 month-ending,Number of Drug Overdose Deaths,2595,100,0.302464374,Georgia,Underreported due to incomplete data.,*,2681
GA,2023,March,12 month-ending,Number of Drug Overdose Deaths,2636,100,0.234277543,Georgia,Underreported due to incomplete data.,*,2703
GA,2023,May,12 month-ending,Number of Drug Overdose Deaths,2628,100,0.274561057,Georgia,Underreported due to incomplete data.,*,2710
GA,2023,October,12 month-ending,Number of Drug Overdose Deaths,2451,100,0.45645596,Georgia,Underreported due to incomplete data.,*,2584
GA,2023,September,12 month-ending,Number of Drug Overdose Deaths,2503,100,0.398165156,Georgia,Underreported due to incomplete data.,*,2618
HI,2015,April,12 month-ending,Number of Drug Overdose Deaths,157,100,0.018130723,Hawaii,Numbers may differ from published reports using final data. See Technical Notes.,**,157
HI,2015,August,12 month-ending,Number of Drug Overdose Deaths,149,100,0.017992083,Hawaii,Numbers may differ from published reports using final data. See Technical Notes.,**,149
HI,2015,December,12 month-ending,Number of Drug Overdose Deaths,171,100,0.008922198,Hawaii,Numbers may differ from published reports using final data. See Technical Notes.,**,171
HI,2015,February,12 month-ending,Number of Drug Overdose Deaths,161,100,0.01805706,Hawaii,Numbers may differ from published reports using final data. See Technical Notes.,**,161
HI,2015,January,12 month-ending,Number of Drug Overdose Deaths,157,100,0.018138944,Hawaii,Numbers may differ from published reports using final data. See Technical Notes.,**,157
HI,2015,July,12 month-ending,Number of Drug Overdose Deaths,147,100,0.01800018,Hawaii,Numbers may differ from published reports using final data. See Technical Notes.,**,147
HI,2015,June,12 month-ending,Number of Drug Overdose Deaths,147,100,0.018018018,Hawaii,Numbers may differ from published reports using final data. See Technical Notes.,**,147
HI,2015,March,12 month-ending,Number of Drug Overdose Deaths,158,100,0.018061952,Hawaii,Numbers may differ from published reports using final data. See Technical Notes.,**,158
HI,2015,May,12 month-ending,Number of Drug Overdose Deaths,163,100,0.018078279,Hawaii,Numbers may differ from published reports using final data. See Technical Notes.,**,163
HI,2015,November,12 month-ending,Number of Drug Overdose Deaths,165,100,0.017852361,Hawaii,Numbers may differ from published reports using final data. See Technical Notes.,**,165
HI,2015,October,12 month-ending,Number of Drug Overdose Deaths,156,100,0.026816841,Hawaii,Numbers may differ from published reports using final data. See Technical Notes.,**,156
HI,2015,September,12 month-ending,Number of Drug Overdose Deaths,153,100,0.017930787,Hawaii,Numbers may differ from published reports using final data. See Technical Notes.,**,153
HI,2016,April,12 month-ending,Number of Drug Overdose Deaths,191,100,0.018088089,Hawaii,Numbers may differ from published reports using final data. See Technical Notes.,**,191
HI,2016,August,12 month-ending,Number of Drug Overdose Deaths,203,100,0.165258906,Hawaii,Numbers may differ from published reports using final data. See Technical Notes.,**,207
HI,2016,December,12 month-ending,Number of Drug Overdose Deaths,199,100,0.326057422,Hawaii,Numbers may differ from published reports using final data. See Technical Notes.,**,207
HI,2016,February,12 month-ending,Number of Drug Overdose Deaths,181,100,0.018075011,Hawaii,Numbers may differ from published reports using final data. See Technical Notes.,**,181
HI,2016,January,12 month-ending,Number of Drug Overdose Deaths,174,100,0.009033424,Hawaii,Numbers may differ from published reports using final data. See Technical Notes.,**,174
HI,2016,July,12 month-ending,Number of Drug Overdose Deaths,193,100,0.128487518,Hawaii,Numbers may differ from published reports using final data. See Technical Notes.,**,196
HI,2016,June,12 month-ending,Number of Drug Overdose Deaths,194,100,0.091734703,Hawaii,Numbers may differ from published reports using final data. See Technical Notes.,**,196
HI,2016,March,12 month-ending,Number of Drug Overdose Deaths,187,100,0.018071745,Hawaii,Numbers may differ from published reports using final data. See Technical Notes.,**,187
HI,2016,May,12 month-ending,Number of Drug Overdose Deaths,190,100,0.054699608,Hawaii,Numbers may differ from published reports using final data. See Technical Notes.,**,191
HI,2016,November,12 month-ending,Number of Drug Overdose Deaths,195,100,0.2651065,Hawaii,Numbers may differ from published reports using final data. See Technical Notes.,**,201
HI,2016,October,12 month-ending,Number of Drug Overdose Deaths,193,100,0.220791168,Hawaii,Numbers may differ from published reports using final data. See Technical Notes.,**,198
HI,2016,September,12 month-ending,Number of Drug Overdose Deaths,194,100,0.203252033,Hawaii,Numbers may differ from published reports using final data. See Technical Notes.,**,198
HI,2017,April,12 month-ending,Number of Drug Overdose Deaths,180,100,0.312360553,Hawaii,Numbers may differ from published reports using final data. See Technical Notes.,**,187
HI,2017,August,12 month-ending,Number of Drug Overdose Deaths,188,100,0.175300202,Hawaii,Numbers may differ from published reports using final data. See Technical Notes.,**,192
HI,2017,December,12 month-ending,Number of Drug Overdose Deaths,202,100,0.026068822,Hawaii,Numbers may differ from published reports using final data. See Technical Notes.,**,202
HI,2017,February,12 month-ending,Number of Drug Overdose Deaths,190,100,0.31500315,Hawaii,Numbers may differ from published reports using final data. See Technical Notes.,**,197
HI,2017,January,12 month-ending,Number of Drug Overdose Deaths,203,100,0.323101777,Hawaii,Numbers may differ from published reports using final data. See Technical Notes.,**,211
HI,2017,July,12 month-ending,Number of Drug Overdose Deaths,193,100,0.210822207,Hawaii,Numbers may differ from published reports using final data. See Technical Notes.,**,198
HI,2017,June,12 month-ending,Number of Drug Overdose Deaths,188,100,0.237258348,Hawaii,Numbers may differ from published reports using final data. See Technical Notes.,**,193
HI,2017,March,12 month-ending,Number of Drug Overdose Deaths,182,100,0.314295977,Hawaii,Numbers may differ from published reports using final data. See Technical Notes.,**,189
HI,2017,May,12 month-ending,Number of Drug Overdose Deaths,190,100,0.274190695,Hawaii,Numbers may differ from published reports using final data. See Technical Notes.,**,196
HI,2017,November,12 month-ending,Number of Drug Overdose Deaths,201,100,0.07860262,Hawaii,Numbers may differ from published reports using final data. See Technical Notes.,**,202
HI,2017,October,12 month-ending,Number of Drug Overdose Deaths,199,100,0.122904047,Hawaii,Numbers may differ from published reports using final data. See Technical Notes.,**,202
HI,2017,September,12 month-ending,Number of Drug Overdose Deaths,196,100,0.140031507,Hawaii,Numbers may differ from published reports using final data. See Technical Notes.,**,199
HI,2018,April,12 month-ending,Number of Drug Overdose Deaths,233,100,0.025733402,Hawaii,Numbers may differ from published reports using final data. See Technical Notes.,**,233
HI,2018,August,12 month-ending,Number of Drug Overdose Deaths,217,100,0.025839793,Hawaii,Numbers may differ from published reports using final data. See Technical Notes.,**,217
HI,2018,December,12 month-ending,Number of Drug Overdose Deaths,212,100,0.09529585,Hawaii,Numbers may differ from published reports using final data. See Technical Notes.,**,214
HI,2018,February,12 month-ending,Number of Drug Overdose Deaths,213,100,0.025931368,Hawaii,Numbers may differ from published reports using final data. See Technical Notes.,**,213
HI,2018,January,12 month-ending,Number of Drug Overdose Deaths,202,100,0.026062028,Hawaii,Numbers may differ from published reports using final data. See Technical Notes.,**,202
HI,2018,July,12 month-ending,Number of Drug Overdose Deaths,222,100,0.02577984,Hawaii,Numbers may differ from published reports using final data. See Technical Notes.,**,222
HI,2018,June,12 month-ending,Number of Drug Overdose Deaths,222,100,0.025808672,Hawaii,Numbers may differ from published reports using final data. See Technical Notes.,**,222
HI,2018,March,12 month-ending,Number of Drug Overdose Deaths,221,100,0.025751073,Hawaii,Numbers may differ from published reports using final data. See Technical Notes.,**,221
HI,2018,May,12 month-ending,Number of Drug Overdose Deaths,216,100,0.025857611,Hawaii,Numbers may differ from published reports using final data. See Technical Notes.,**,216
HI,2018,November,12 month-ending,Number of Drug Overdose Deaths,214,100,0.034405643,Hawaii,Numbers may differ from published reports using final data. See Technical Notes.,**,214
HI,2018,October,12 month-ending,Number of Drug Overdose Deaths,213,100,0.02577541,Hawaii,Numbers may differ from published reports using final data. See Technical Notes.,**,213
HI,2018,September,12 month-ending,Number of Drug Overdose Deaths,219,100,0.025790922,Hawaii,Numbers may differ from published reports using final data. See Technical Notes.,**,219
HI,2019,April,12 month-ending,Number of Drug Overdose Deaths,220,100,0.310934531,Hawaii,Numbers may differ from published reports using final data. See Technical Notes.,**,228
HI,2019,August,12 month-ending,Number of Drug Overdose Deaths,232,100,0.51972395,Hawaii,Numbers may differ from published reports using final data. See Technical Notes.,**,247
HI,2019,December,12 month-ending,Number of Drug Overdose Deaths,245,100,0.604667007,Hawaii,Numbers may differ from published reports using final data. See Technical Notes.,**,263
HI,2019,February,12 month-ending,Number of Drug Overdose Deaths,225,100,0.139106242,Hawaii,Numbers may differ from published reports using final data. See Technical Notes.,**,228
HI,2019,January,12 month-ending,Number of Drug Overdose Deaths,223,100,0.12156999,Hawaii,Numbers may differ from published reports using final data. See Technical Notes.,**,226
HI,2019,July,12 month-ending,Number of Drug Overdose Deaths,223,100,0.451948495,Hawaii,Numbers may differ from published reports using final data. See Technical Notes.,**,235
HI,2019,June,12 month-ending,Number of Drug Overdose Deaths,223,100,0.437092904,Hawaii,Numbers may differ from published reports using final data. See Technical Notes.,**,235
HI,2019,March,12 month-ending,Number of Drug Overdose Deaths,225,100,0.225283771,Hawaii,Numbers may differ from published reports using final data. See Technical Notes.,**,231
HI,2019,May,12 month-ending,Number of Drug Overdose Deaths,219,100,0.343170899,Hawaii,Numbers may differ from published reports using final data. See Technical Notes.,**,228
HI,2019,November,12 month-ending,Number of Drug Overdose Deaths,241,100,0.673659077,Hawaii,Numbers may differ from published reports using final data. See Technical Notes.,**,261
HI,2019,October,12 month-ending,Number of Drug Overdose Deaths,243,100,0.67882902,Hawaii,Numbers may differ from published reports using final data. See Technical Notes.,**,264
HI,2019,September,12 month-ending,Number of Drug Overdose Deaths,231,100,0.629144703,Hawaii,Numbers may differ from published reports using final data. See Technical Notes.,**,249
HI,2020,April,12 month-ending,Number of Drug Overdose Deaths,241,100,0.391822828,Hawaii,Numbers may differ from published reports using final data. See Technical Notes.,**,252
HI,2020,August,12 month-ending,Number of Drug Overdose Deaths,264,100,0.169822535,Hawaii,Numbers may differ from published reports using final data. See Technical Notes.,**,269
HI,2020,December,12 month-ending,Number of Drug Overdose Deaths,276,100,0,Hawaii,Numbers may differ from published reports using final data. See Technical Notes.,**,276
HI,2020,February,12 month-ending,Number of Drug Overdose Deaths,227,100,0.555695883,Hawaii,Numbers may differ from published reports using final data. See Technical Notes.,**,242
HI,2020,January,12 month-ending,Number of Drug Overdose Deaths,234,100,0.577151587,Hawaii,Numbers may differ from published reports using final data. See Technical Notes.,**,251
HI,2020,July,12 month-ending,Number of Drug Overdose Deaths,268,100,0.240322719,Hawaii,Numbers may differ from published reports using final data. See Technical Notes.,**,275
HI,2020,June,12 month-ending,Number of Drug Overdose Deaths,264,100,0.26575225,Hawaii,Numbers may differ from published reports using final data. See Technical Notes.,**,272
HI,2020,March,12 month-ending,Number of Drug Overdose Deaths,235,100,0.475019086,Hawaii,Numbers may differ from published reports using final data. See Technical Notes.,**,248
HI,2020,May,12 month-ending,Number of Drug Overdose Deaths,259,100,0.359558257,Hawaii,Numbers may differ from published reports using final data. See Technical Notes.,**,270
HI,2020,November,12 month-ending,Number of Drug Overdose Deaths,277,100,0,Hawaii,Numbers may differ from published reports using final data. See Technical Notes.,**,277
HI,2020,October,12 month-ending,Number of Drug Overdose Deaths,275,100,0,Hawaii,Numbers may differ from published reports using final data. See Technical Notes.,**,275
HI,2020,September,12 month-ending,Number of Drug Overdose Deaths,273,100,0.058858152,Hawaii,Numbers may differ from published reports using final data. See Technical Notes.,**,274
HI,2021,April,12 month-ending,Number of Drug Overdose Deaths,266,100,0.016508461,Hawaii,Numbers may differ from published reports using final data. See Technical Notes.,**,266
HI,2021,August,12 month-ending,Number of Drug Overdose Deaths,268,100,0.072516316,Hawaii,Numbers may differ from published reports using final data. See Technical Notes.,**,270
HI,2021,December,12 month-ending,Number of Drug Overdose Deaths,267,100,0.333850932,Hawaii,Numbers may differ from published reports using final data. See Technical Notes.,**,277
HI,2021,February,12 month-ending,Number of Drug Overdose Deaths,287,100,0.008358409,Hawaii,Numbers may differ from published reports using final data. See Technical Notes.,**,287
HI,2021,January,12 month-ending,Number of Drug Overdose Deaths,275,100,0.008338893,Hawaii,Numbers may differ from published reports using final data. See Technical Notes.,**,275
HI,2021,July,12 month-ending,Number of Drug Overdose Deaths,272,100,0.073643728,Hawaii,Numbers may differ from published reports using final data. See Technical Notes.,**,274
HI,2021,June,12 month-ending,Number of Drug Overdose Deaths,255,100,0.041003772,Hawaii,Numbers may differ from published reports using final data. See Technical Notes.,**,256
HI,2021,March,12 month-ending,Number of Drug Overdose Deaths,279,100,0.008320852,Hawaii,Numbers may differ from published reports using final data. See Technical Notes.,**,279
HI,2021,May,12 month-ending,Number of Drug Overdose Deaths,262,100,0.024614375,Hawaii,Numbers may differ from published reports using final data. See Technical Notes.,**,262
HI,2021,November,12 month-ending,Number of Drug Overdose Deaths,269,100,0.218715826,Hawaii,Numbers may differ from published reports using final data. See Technical Notes.,**,275
HI,2021,October,12 month-ending,Number of Drug Overdose Deaths,269,100,0.133448465,Hawaii,Numbers may differ from published reports using final data. See Technical Notes.,**,273
HI,2021,September,12 month-ending,Number of Drug Overdose Deaths,259,100,0.079258144,Hawaii,Numbers may differ from published reports using final data. See Technical Notes.,**,261
HI,2022,April,12 month-ending,Number of Drug Overdose Deaths,288,100,0.330504019,Hawaii,Numbers may differ from published reports using final data. See Technical Notes.,**,299
HI,2022,August,12 month-ending,Number of Drug Overdose Deaths,282,100,0.349728402,Hawaii,Numbers may differ from published reports using final data. See Technical Notes.,**,293
HI,2022,December,12 month-ending,Number of Drug Overdose Deaths,283,100,0.555722439,Hawaii,Numbers may differ from published reports using final data. See Technical Notes.,**,302
HI,2022,February,12 month-ending,Number of Drug Overdose Deaths,275,100,0.314536059,Hawaii,Numbers may differ from published reports using final data. See Technical Notes.,**,285
HI,2022,January,12 month-ending,Number of Drug Overdose Deaths,274,100,0.317700454,Hawaii,Numbers may differ from published reports using final data. See Technical Notes.,**,284
HI,2022,July,12 month-ending,Number of Drug Overdose Deaths,275,100,0.331760543,Hawaii,Numbers may differ from published reports using final data. See Technical Notes.,**,286
HI,2022,June,12 month-ending,Number of Drug Overdose Deaths,284,100,0.340161207,Hawaii,Numbers may differ from published reports using final data. See Technical Notes.,**,295
HI,2022,March,12 month-ending,Number of Drug Overdose Deaths,277,100,0.323332581,Hawaii,Numbers may differ from published reports using final data. See Technical Notes.,**,287
HI,2022,May,12 month-ending,Number of Drug Overdose Deaths,285,100,0.35011919,Hawaii,Numbers may differ from published reports using final data. See Technical Notes.,**,297
HI,2022,November,12 month-ending,Number of Drug Overdose Deaths,281,100,0.535849057,Hawaii,Numbers may differ from published reports using final data. See Technical Notes.,**,299
HI,2022,October,12 month-ending,Number of Drug Overdose Deaths,280,100,0.44703743,Hawaii,Numbers may differ from published reports using final data. See Technical Notes.,**,295
HI,2022,September,12 month-ending,Number of Drug Overdose Deaths,296,100,0.392719583,Hawaii,Numbers may differ from published reports using final data. See Technical Notes.,**,310
HI,2023,April,12 month-ending,Number of Drug Overdose Deaths,277,100,0.59893859,Hawaii,Underreported due to incomplete data.,*,298
HI,2023,August,12 month-ending,Number of Drug Overdose Deaths,319,100,0.673194614,Hawaii,Underreported due to incomplete data.,*,346
HI,2023,February,12 month-ending,Number of Drug Overdose Deaths,268,100,0.583582892,Hawaii,Underreported due to incomplete data.,*,286
HI,2023,January,12 month-ending,Number of Drug Overdose Deaths,275,100,0.562224586,Hawaii,Underreported due to incomplete data.,*,292
HI,2023,July,12 month-ending,Number of Drug Overdose Deaths,308,100,0.622693727,Hawaii,Underreported due to incomplete data.,*,332
HI,2023,June,12 month-ending,Number of Drug Overdose Deaths,306,100,0.598802395,Hawaii,Underreported due to incomplete data.,*,329
HI,2023,March,12 month-ending,Number of Drug Overdose Deaths,268,100,0.591267435,Hawaii,Underreported due to incomplete data.,*,288
HI,2023,May,12 month-ending,Number of Drug Overdose Deaths,287,100,0.596193534,Hawaii,Underreported due to incomplete data.,*,308
HI,2023,October,12 month-ending,Number of Drug Overdose Deaths,297,100,1.103598352,Hawaii,Underreported due to incomplete data.,*,341
HI,2023,September,12 month-ending,Number of Drug Overdose Deaths,305,100,0.809810273,Hawaii,Underreported due to incomplete data.,*,337
IA,2015,April,12 month-ending,Number of Drug Overdose Deaths,265,100,0.010199918,Iowa,Numbers may differ from published reports using final data. See Technical Notes.,**,265
IA,2015,August,12 month-ending,Number of Drug Overdose Deaths,296,100,0.010112246,Iowa,Numbers may differ from published reports using final data. See Technical Notes.,**,296
IA,2015,December,12 month-ending,Number of Drug Overdose Deaths,300,100,0,Iowa,Numbers may differ from published reports using final data. See Technical Notes.,**,300
IA,2015,February,12 month-ending,Number of Drug Overdose Deaths,274,100,0.013697223,Iowa,Numbers may differ from published reports using final data. See Technical Notes.,**,274
IA,2015,January,12 month-ending,Number of Drug Overdose Deaths,274,100,0.013709429,Iowa,Numbers may differ from published reports using final data. See Technical Notes.,**,274
IA,2015,July,12 month-ending,Number of Drug Overdose Deaths,298,100,0.010118385,Iowa,Numbers may differ from published reports using final data. See Technical Notes.,**,298
IA,2015,June,12 month-ending,Number of Drug Overdose Deaths,289,100,0.010158128,Iowa,Numbers may differ from published reports using final data. See Technical Notes.,**,289
IA,2015,March,12 month-ending,Number of Drug Overdose Deaths,272,100,0.013614704,Iowa,Numbers may differ from published reports using final data. See Technical Notes.,**,272
IA,2015,May,12 month-ending,Number of Drug Overdose Deaths,277,100,0.010182608,Iowa,Numbers may differ from published reports using final data. See Technical Notes.,**,277
IA,2015,November,12 month-ending,Number of Drug Overdose Deaths,308,100,0.003378493,Iowa,Numbers may differ from published reports using final data. See Technical Notes.,**,308
IA,2015,October,12 month-ending,Number of Drug Overdose Deaths,307,100,0.006735821,Iowa,Numbers may differ from published reports using final data. See Technical Notes.,**,307
IA,2015,September,12 month-ending,Number of Drug Overdose Deaths,311,100,0.010108498,Iowa,Numbers may differ from published reports using final data. See Technical Notes.,**,311
IA,2016,April,12 month-ending,Number of Drug Overdose Deaths,316,100,0.00345925,Iowa,Numbers may differ from published reports using final data. See Technical Notes.,**,316
IA,2016,August,12 month-ending,Number of Drug Overdose Deaths,309,100,0.006954103,Iowa,Numbers may differ from published reports using final data. See Technical Notes.,**,309
IA,2016,December,12 month-ending,Number of Drug Overdose Deaths,314,100,0.006821748,Iowa,Numbers may differ from published reports using final data. See Technical Notes.,**,314
IA,2016,February,12 month-ending,Number of Drug Overdose Deaths,304,100,0.003429826,Iowa,Numbers may differ from published reports using final data. See Technical Notes.,**,304
IA,2016,January,12 month-ending,Number of Drug Overdose Deaths,303,100,0.003444594,Iowa,Numbers may differ from published reports using final data. See Technical Notes.,**,303
IA,2016,July,12 month-ending,Number of Drug Overdose Deaths,304,100,0.003478745,Iowa,Numbers may differ from published reports using final data. See Technical Notes.,**,304
IA,2016,June,12 month-ending,Number of Drug Overdose Deaths,310,100,0.003464643,Iowa,Numbers may differ from published reports using final data. See Technical Notes.,**,310
IA,2016,March,12 month-ending,Number of Drug Overdose Deaths,309,100,0.003458891,Iowa,Numbers may differ from published reports using final data. See Technical Notes.,**,309
IA,2016,May,12 month-ending,Number of Drug Overdose Deaths,318,100,0.00345913,Iowa,Numbers may differ from published reports using final data. See Technical Notes.,**,318
IA,2016,November,12 month-ending,Number of Drug Overdose Deaths,319,100,0.006892274,Iowa,Numbers may differ from published reports using final data. See Technical Notes.,**,319
IA,2016,October,12 month-ending,Number of Drug Overdose Deaths,313,100,0.006907031,Iowa,Numbers may differ from published reports using final data. See Technical Notes.,**,313
IA,2016,September,12 month-ending,Number of Drug Overdose Deaths,306,100,0.006939144,Iowa,Numbers may differ from published reports using final data. See Technical Notes.,**,306
IA,2017,April,12 month-ending,Number of Drug Overdose Deaths,319,100,0.010000333,Iowa,Numbers may differ from published reports using final data. See Technical Notes.,**,319
IA,2017,August,12 month-ending,Number of Drug Overdose Deaths,338,100,0.006642532,Iowa,Numbers may differ from published reports using final data. See Technical Notes.,**,338
IA,2017,December,12 month-ending,Number of Drug Overdose Deaths,341,100,0.006613319,Iowa,Numbers may differ from published reports using final data. See Technical Notes.,**,341
IA,2017,February,12 month-ending,Number of Drug Overdose Deaths,330,100,0.003366663,Iowa,Numbers may differ from published reports using final data. See Technical Notes.,**,330
IA,2017,January,12 month-ending,Number of Drug Overdose Deaths,325,100,0.003375869,Iowa,Numbers may differ from published reports using final data. See Technical Notes.,**,325
IA,2017,July,12 month-ending,Number of Drug Overdose Deaths,334,100,0.009930487,Iowa,Numbers may differ from published reports using final data. See Technical Notes.,**,334
IA,2017,June,12 month-ending,Number of Drug Overdose Deaths,332,100,0.009929501,Iowa,Numbers may differ from published reports using final data. See Technical Notes.,**,332
IA,2017,March,12 month-ending,Number of Drug Overdose Deaths,330,100,0.010018367,Iowa,Numbers may differ from published reports using final data. See Technical Notes.,**,330
IA,2017,May,12 month-ending,Number of Drug Overdose Deaths,322,100,0.009959829,Iowa,Numbers may differ from published reports using final data. See Technical Notes.,**,322
IA,2017,November,12 month-ending,Number of Drug Overdose Deaths,340,100,0.006618134,Iowa,Numbers may differ from published reports using final data. See Technical Notes.,**,340
IA,2017,October,12 month-ending,Number of Drug Overdose Deaths,338,100,0.006636801,Iowa,Numbers may differ from published reports using final data. See Technical Notes.,**,338
IA,2017,September,12 month-ending,Number of Drug Overdose Deaths,334,100,0.006639665,Iowa,Numbers may differ from published reports using final data. See Technical Notes.,**,334
IA,2018,April,12 month-ending,Number of Drug Overdose Deaths,325,100,0.00331719,Iowa,Numbers may differ from published reports using final data. See Technical Notes.,**,325
IA,2018,August,12 month-ending,Number of Drug Overdose Deaths,294,100,0.003301529,Iowa,Numbers may differ from published reports using final data. See Technical Notes.,**,294
IA,2018,December,12 month-ending,Number of Drug Overdose Deaths,277,100,0.009937065,Iowa,Numbers may differ from published reports using final data. See Technical Notes.,**,277
IA,2018,February,12 month-ending,Number of Drug Overdose Deaths,331,100,0.009936407,Iowa,Numbers may differ from published reports using final data. See Technical Notes.,**,331
IA,2018,January,12 month-ending,Number of Drug Overdose Deaths,336,100,0.00663482,Iowa,Numbers may differ from published reports using final data. See Technical Notes.,**,336
IA,2018,July,12 month-ending,Number of Drug Overdose Deaths,305,100,0.003312904,Iowa,Numbers may differ from published reports using final data. See Technical Notes.,**,305
IA,2018,June,12 month-ending,Number of Drug Overdose Deaths,307,100,0.003320053,Iowa,Numbers may differ from published reports using final data. See Technical Notes.,**,307
IA,2018,March,12 month-ending,Number of Drug Overdose Deaths,326,100,0.003321376,Iowa,Numbers may differ from published reports using final data. See Technical Notes.,**,326
IA,2018,May,12 month-ending,Number of Drug Overdose Deaths,312,100,0.003325795,Iowa,Numbers may differ from published reports using final data. See Technical Notes.,**,312
IA,2018,November,12 month-ending,Number of Drug Overdose Deaths,280,100,0.006599136,Iowa,Numbers may differ from published reports using final data. See Technical Notes.,**,280
IA,2018,October,12 month-ending,Number of Drug Overdose Deaths,289,100,0.00659261,Iowa,Numbers may differ from published reports using final data. See Technical Notes.,**,289
IA,2018,September,12 month-ending,Number of Drug Overdose Deaths,299,100,0.003308082,Iowa,Numbers may differ from published reports using final data. See Technical Notes.,**,299
IA,2019,April,12 month-ending,Number of Drug Overdose Deaths,286,100,0.010013017,Iowa,Numbers may differ from published reports using final data. See Technical Notes.,**,286
IA,2019,August,12 month-ending,Number of Drug Overdose Deaths,306,100,0.016490221,Iowa,Numbers may differ from published reports using final data. See Technical Notes.,**,306
IA,2019,December,12 month-ending,Number of Drug Overdose Deaths,350,100,0.016303107,Iowa,Numbers may differ from published reports using final data. See Technical Notes.,**,350
IA,2019,February,12 month-ending,Number of Drug Overdose Deaths,277,100,0.006684045,Iowa,Numbers may differ from published reports using final data. See Technical Notes.,**,277
IA,2019,January,12 month-ending,Number of Drug Overdose Deaths,278,100,0.009990343,Iowa,Numbers may differ from published reports using final data. See Technical Notes.,**,278
IA,2019,July,12 month-ending,Number of Drug Overdose Deaths,297,100,0.013217024,Iowa,Numbers may differ from published reports using final data. See Technical Notes.,**,297
IA,2019,June,12 month-ending,Number of Drug Overdose Deaths,283,100,0.009982364,Iowa,Numbers may differ from published reports using final data. See Technical Notes.,**,283
IA,2019,March,12 month-ending,Number of Drug Overdose Deaths,277,100,0.010003668,Iowa,Numbers may differ from published reports using final data. See Technical Notes.,**,277
IA,2019,May,12 month-ending,Number of Drug Overdose Deaths,287,100,0.009996002,Iowa,Numbers may differ from published reports using final data. See Technical Notes.,**,287
IA,2019,November,12 month-ending,Number of Drug Overdose Deaths,336,100,0.016375725,Iowa,Numbers may differ from published reports using final data. See Technical Notes.,**,336
IA,2019,October,12 month-ending,Number of Drug Overdose Deaths,322,100,0.016409583,Iowa,Numbers may differ from published reports using final data. See Technical Notes.,**,322
IA,2019,September,12 month-ending,Number of Drug Overdose Deaths,316,100,0.019724514,Iowa,Numbers may differ from published reports using final data. See Technical Notes.,**,316
IA,2020,April,12 month-ending,Number of Drug Overdose Deaths,389,100,0.016096839,Iowa,Numbers may differ from published reports using final data. See Technical Notes.,**,389
IA,2020,August,12 month-ending,Number of Drug Overdose Deaths,411,100,0.012413108,Iowa,Numbers may differ from published reports using final data. See Technical Notes.,**,411
IA,2020,December,12 month-ending,Number of Drug Overdose Deaths,419,100,0.014022099,Iowa,Numbers may differ from published reports using final data. See Technical Notes.,**,419
IA,2020,February,12 month-ending,Number of Drug Overdose Deaths,363,100,0.019416847,Iowa,Numbers may differ from published reports using final data. See Technical Notes.,**,363
IA,2020,January,12 month-ending,Number of Drug Overdose Deaths,346,100,0.019507754,Iowa,Numbers may differ from published reports using final data. See Technical Notes.,**,346
IA,2020,July,12 month-ending,Number of Drug Overdose Deaths,413,100,0.01574456,Iowa,Numbers may differ from published reports using final data. See Technical Notes.,**,413
IA,2020,June,12 month-ending,Number of Drug Overdose Deaths,417,100,0.015831302,Iowa,Numbers may differ from published reports using final data. See Technical Notes.,**,417
IA,2020,March,12 month-ending,Number of Drug Overdose Deaths,374,100,0.016178612,Iowa,Numbers may differ from published reports using final data. See Technical Notes.,**,374
IA,2020,May,12 month-ending,Number of Drug Overdose Deaths,398,100,0.015873016,Iowa,Numbers may differ from published reports using final data. See Technical Notes.,**,398
IA,2020,November,12 month-ending,Number of Drug Overdose Deaths,429,100,0.008676288,Iowa,Numbers may differ from published reports using final data. See Technical Notes.,**,429
IA,2020,October,12 month-ending,Number of Drug Overdose Deaths,427,100,0.009058518,Iowa,Numbers may differ from published reports using final data. See Technical Notes.,**,427
IA,2020,September,12 month-ending,Number of Drug Overdose Deaths,418,100,0.00921291,Iowa,Numbers may differ from published reports using final data. See Technical Notes.,**,418
IA,2021,April,12 month-ending,Number of Drug Overdose Deaths,425,100,0.014009919,Iowa,Numbers may differ from published reports using final data. See Technical Notes.,**,425
IA,2021,August,12 month-ending,Number of Drug Overdose Deaths,463,100,0.025742234,Iowa,Numbers may differ from published reports using final data. See Technical Notes.,**,463
IA,2021,December,12 month-ending,Number of Drug Overdose Deaths,471,100,0.020588841,Iowa,Numbers may differ from published reports using final data. See Technical Notes.,**,471
IA,2021,February,12 month-ending,Number of Drug Overdose Deaths,422,100,0.013891976,Iowa,Numbers may differ from published reports using final data. See Technical Notes.,**,422
IA,2021,January,12 month-ending,Number of Drug Overdose Deaths,428,100,0.011081867,Iowa,Numbers may differ from published reports using final data. See Technical Notes.,**,428
IA,2021,July,12 month-ending,Number of Drug Overdose Deaths,447,100,0.019948703,Iowa,Numbers may differ from published reports using final data. See Technical Notes.,**,447
IA,2021,June,12 month-ending,Number of Drug Overdose Deaths,433,100,0.017034808,Iowa,Numbers may differ from published reports using final data. See Technical Notes.,**,433
IA,2021,March,12 month-ending,Number of Drug Overdose Deaths,428,100,0.013986405,Iowa,Numbers may differ from published reports using final data. See Technical Notes.,**,428
IA,2021,May,12 month-ending,Number of Drug Overdose Deaths,434,100,0.014165109,Iowa,Numbers may differ from published reports using final data. See Technical Notes.,**,434
IA,2021,November,12 month-ending,Number of Drug Overdose Deaths,441,100,0.02913668,Iowa,Numbers may differ from published reports using final data. See Technical Notes.,**,441
IA,2021,October,12 month-ending,Number of Drug Overdose Deaths,446,100,0.025566003,Iowa,Numbers may differ from published reports using final data. See Technical Notes.,**,446
IA,2021,September,12 month-ending,Number of Drug Overdose Deaths,451,100,0.02552757,Iowa,Numbers may differ from published reports using final data. See Technical Notes.,**,451
IA,2022,April,12 month-ending,Number of Drug Overdose Deaths,493,100,0.028523346,Iowa,Numbers may differ from published reports using final data. See Technical Notes.,**,493
IA,2022,August,12 month-ending,Number of Drug Overdose Deaths,475,100,0.016941017,Iowa,Numbers may differ from published reports using final data. See Technical Notes.,**,475
IA,2022,December,12 month-ending,Number of Drug Overdose Deaths,473,100,0.017757784,Iowa,Numbers may differ from published reports using final data. See Technical Notes.,**,473
IA,2022,February,12 month-ending,Number of Drug Overdose Deaths,489,100,0.022981902,Iowa,Numbers may differ from published reports using final data. See Technical Notes.,**,489
IA,2022,January,12 month-ending,Number of Drug Overdose Deaths,479,100,0.026169637,Iowa,Numbers may differ from published reports using final data. See Technical Notes.,**,479
IA,2022,July,12 month-ending,Number of Drug Overdose Deaths,474,100,0.022557451,Iowa,Numbers may differ from published reports using final data. See Technical Notes.,**,474
IA,2022,June,12 month-ending,Number of Drug Overdose Deaths,487,100,0.025415831,Iowa,Numbers may differ from published reports using final data. See Technical Notes.,**,487
IA,2022,March,12 month-ending,Number of Drug Overdose Deaths,496,100,0.028480292,Iowa,Numbers may differ from published reports using final data. See Technical Notes.,**,496
IA,2022,May,12 month-ending,Number of Drug Overdose Deaths,488,100,0.028405863,Iowa,Numbers may differ from published reports using final data. See Technical Notes.,**,488
IA,2022,November,12 month-ending,Number of Drug Overdose Deaths,499,100,0.01465588,Iowa,Numbers may differ from published reports using final data. See Technical Notes.,**,499
IA,2022,October,12 month-ending,Number of Drug Overdose Deaths,489,100,0.017351572,Iowa,Numbers may differ from published reports using final data. See Technical Notes.,**,489
IA,2022,September,12 month-ending,Number of Drug Overdose Deaths,472,100,0.017123776,Iowa,Numbers may differ from published reports using final data. See Technical Notes.,**,472
IA,2023,April,12 month-ending,Number of Drug Overdose Deaths,447,100,0.012121579,Iowa,Underreported due to incomplete data.,*,447
IA,2023,August,12 month-ending,Number of Drug Overdose Deaths,458,100,0.012262416,Iowa,Underreported due to incomplete data.,*,458
IA,2023,February,12 month-ending,Number of Drug Overdose Deaths,454,100,0.018272071,Iowa,Underreported due to incomplete data.,*,454
IA,2023,January,12 month-ending,Number of Drug Overdose Deaths,468,100,0.012060908,Iowa,Underreported due to incomplete data.,*,468
IA,2023,July,12 month-ending,Number of Drug Overdose Deaths,467,100,0.009155832,Iowa,Underreported due to incomplete data.,*,467
IA,2023,June,12 month-ending,Number of Drug Overdose Deaths,454,100,0.01216545,Iowa,Underreported due to incomplete data.,*,454
IA,2023,March,12 month-ending,Number of Drug Overdose Deaths,444,100,0.012146978,Iowa,Underreported due to incomplete data.,*,444
IA,2023,May,12 month-ending,Number of Drug Overdose Deaths,454,100,0.012123049,Iowa,Underreported due to incomplete data.,*,454
IA,2023,October,12 month-ending,Number of Drug Overdose Deaths,442,100,0.021595607,Iowa,Underreported due to incomplete data.,*,442
IA,2023,September,12 month-ending,Number of Drug Overdose Deaths,471,100,0.015396933,Iowa,Underreported due to incomplete data.,*,471
ID,2015,April,12 month-ending,Number of Drug Overdose Deaths,219,100,0.007841292,Idaho,Numbers may differ from published reports using final data. See Technical Notes.,**,219
ID,2015,August,12 month-ending,Number of Drug Overdose Deaths,218,100,0.007790589,Idaho,Numbers may differ from published reports using final data. See Technical Notes.,**,218
ID,2015,December,12 month-ending,Number of Drug Overdose Deaths,214,100,0.030800031,Idaho,Numbers may differ from published reports using final data. See Technical Notes.,**,214
ID,2015,February,12 month-ending,Number of Drug Overdose Deaths,206,100,0,Idaho,Numbers may differ from published reports using final data. See Technical Notes.,**,206
ID,2015,January,12 month-ending,Number of Drug Overdose Deaths,209,100,0,Idaho,Numbers may differ from published reports using final data. See Technical Notes.,**,209
ID,2015,July,12 month-ending,Number of Drug Overdose Deaths,220,100,0.007741736,Idaho,Numbers may differ from published reports using final data. See Technical Notes.,**,220
ID,2015,June,12 month-ending,Number of Drug Overdose Deaths,217,100,0.007793625,Idaho,Numbers may differ from published reports using final data. See Technical Notes.,**,217
ID,2015,March,12 month-ending,Number of Drug Overdose Deaths,216,100,0,Idaho,Numbers may differ from published reports using final data. See Technical Notes.,**,216
ID,2015,May,12 month-ending,Number of Drug Overdose Deaths,213,100,0.007782707,Idaho,Numbers may differ from published reports using final data. See Technical Notes.,**,213
ID,2015,November,12 month-ending,Number of Drug Overdose Deaths,209,100,0.023246804,Idaho,Numbers may differ from published reports using final data. See Technical Notes.,**,209
ID,2015,October,12 month-ending,Number of Drug Overdose Deaths,215,100,0.007756748,Idaho,Numbers may differ from published reports using final data. See Technical Notes.,**,215
ID,2015,September,12 month-ending,Number of Drug Overdose Deaths,214,100,0.007823502,Idaho,Numbers may differ from published reports using final data. See Technical Notes.,**,214
ID,2016,April,12 month-ending,Number of Drug Overdose Deaths,209,100,0.022913007,Idaho,Numbers may differ from published reports using final data. See Technical Notes.,**,209
ID,2016,August,12 month-ending,Number of Drug Overdose Deaths,217,100,0.045170519,Idaho,Numbers may differ from published reports using final data. See Technical Notes.,**,218
ID,2016,December,12 month-ending,Number of Drug Overdose Deaths,228,100,0.06768444,Idaho,Numbers may differ from published reports using final data. See Technical Notes.,**,229
ID,2016,February,12 month-ending,Number of Drug Overdose Deaths,215,100,0.030800031,Idaho,Numbers may differ from published reports using final data. See Technical Notes.,**,215
ID,2016,January,12 month-ending,Number of Drug Overdose Deaths,214,100,0.030978934,Idaho,Numbers may differ from published reports using final data. See Technical Notes.,**,214
ID,2016,July,12 month-ending,Number of Drug Overdose Deaths,218,100,0.045358331,Idaho,Numbers may differ from published reports using final data. See Technical Notes.,**,219
ID,2016,June,12 month-ending,Number of Drug Overdose Deaths,216,100,0.045382346,Idaho,Numbers may differ from published reports using final data. See Technical Notes.,**,217
ID,2016,March,12 month-ending,Number of Drug Overdose Deaths,212,100,0.030684259,Idaho,Numbers may differ from published reports using final data. See Technical Notes.,**,212
ID,2016,May,12 month-ending,Number of Drug Overdose Deaths,212,100,0.022846699,Idaho,Numbers may differ from published reports using final data. See Technical Notes.,**,212
ID,2016,November,12 month-ending,Number of Drug Overdose Deaths,235,100,0.06823351,Idaho,Numbers may differ from published reports using final data. See Technical Notes.,**,236
ID,2016,October,12 month-ending,Number of Drug Overdose Deaths,229,100,0.045437334,Idaho,Numbers may differ from published reports using final data. See Technical Notes.,**,230
ID,2016,September,12 month-ending,Number of Drug Overdose Deaths,218,100,0.04536176,Idaho,Numbers may differ from published reports using final data. See Technical Notes.,**,219
ID,2017,April,12 month-ending,Number of Drug Overdose Deaths,235,100,0.066084147,Idaho,Numbers may differ from published reports using final data. See Technical Notes.,**,236
ID,2017,August,12 month-ending,Number of Drug Overdose Deaths,235,100,0.058582308,Idaho,Numbers may differ from published reports using final data. See Technical Notes.,**,236
ID,2017,December,12 month-ending,Number of Drug Overdose Deaths,234,100,0.021570319,Idaho,Numbers may differ from published reports using final data. See Technical Notes.,**,234
ID,2017,February,12 month-ending,Number of Drug Overdose Deaths,232,100,0.066518847,Idaho,Numbers may differ from published reports using final data. See Technical Notes.,**,233
ID,2017,January,12 month-ending,Number of Drug Overdose Deaths,226,100,0.066770532,Idaho,Numbers may differ from published reports using final data. See Technical Notes.,**,227
ID,2017,July,12 month-ending,Number of Drug Overdose Deaths,234,100,0.058732839,Idaho,Numbers may differ from published reports using final data. See Technical Notes.,**,235
ID,2017,June,12 month-ending,Number of Drug Overdose Deaths,231,100,0.058910162,Idaho,Numbers may differ from published reports using final data. See Technical Notes.,**,232
ID,2017,March,12 month-ending,Number of Drug Overdose Deaths,231,100,0.066171605,Idaho,Numbers may differ from published reports using final data. See Technical Notes.,**,232
ID,2017,May,12 month-ending,Number of Drug Overdose Deaths,240,100,0.073594348,Idaho,Numbers may differ from published reports using final data. See Technical Notes.,**,242
ID,2017,November,12 month-ending,Number of Drug Overdose Deaths,233,100,0.028702641,Idaho,Numbers may differ from published reports using final data. See Technical Notes.,**,233
ID,2017,October,12 month-ending,Number of Drug Overdose Deaths,236,100,0.06491633,Idaho,Numbers may differ from published reports using final data. See Technical Notes.,**,237
ID,2017,September,12 month-ending,Number of Drug Overdose Deaths,240,100,0.058101532,Idaho,Numbers may differ from published reports using final data. See Technical Notes.,**,241
ID,2018,April,12 month-ending,Number of Drug Overdose Deaths,227,100,0.021453089,Idaho,Numbers may differ from published reports using final data. See Technical Notes.,**,227
ID,2018,August,12 month-ending,Number of Drug Overdose Deaths,244,100,0.007081651,Idaho,Numbers may differ from published reports using final data. See Technical Notes.,**,244
ID,2018,December,12 month-ending,Number of Drug Overdose Deaths,243,100,0.014116318,Idaho,Numbers may differ from published reports using final data. See Technical Notes.,**,243
ID,2018,February,12 month-ending,Number of Drug Overdose Deaths,223,100,0.021539345,Idaho,Numbers may differ from published reports using final data. See Technical Notes.,**,223
ID,2018,January,12 month-ending,Number of Drug Overdose Deaths,228,100,0.021582734,Idaho,Numbers may differ from published reports using final data. See Technical Notes.,**,228
ID,2018,July,12 month-ending,Number of Drug Overdose Deaths,247,100,0.007087172,Idaho,Numbers may differ from published reports using final data. See Technical Notes.,**,247
ID,2018,June,12 month-ending,Number of Drug Overdose Deaths,235,100,0.007117944,Idaho,Numbers may differ from published reports using final data. See Technical Notes.,**,235
ID,2018,March,12 month-ending,Number of Drug Overdose Deaths,225,100,0.021483816,Idaho,Numbers may differ from published reports using final data. See Technical Notes.,**,225
ID,2018,May,12 month-ending,Number of Drug Overdose Deaths,223,100,0.014263301,Idaho,Numbers may differ from published reports using final data. See Technical Notes.,**,223
ID,2018,November,12 month-ending,Number of Drug Overdose Deaths,234,100,0.007068137,Idaho,Numbers may differ from published reports using final data. See Technical Notes.,**,234
ID,2018,October,12 month-ending,Number of Drug Overdose Deaths,231,100,0,Idaho,Numbers may differ from published reports using final data. See Technical Notes.,**,231
ID,2018,September,12 month-ending,Number of Drug Overdose Deaths,238,100,0.007056665,Idaho,Numbers may differ from published reports using final data. See Technical Notes.,**,238
ID,2019,April,12 month-ending,Number of Drug Overdose Deaths,260,100,0.035246017,Idaho,Numbers may differ from published reports using final data. See Technical Notes.,**,260
ID,2019,August,12 month-ending,Number of Drug Overdose Deaths,238,100,0.035100035,Idaho,Numbers may differ from published reports using final data. See Technical Notes.,**,238
ID,2019,December,12 month-ending,Number of Drug Overdose Deaths,264,100,0.041846841,Idaho,Numbers may differ from published reports using final data. See Technical Notes.,**,265
ID,2019,February,12 month-ending,Number of Drug Overdose Deaths,260,100,0.035355678,Idaho,Numbers may differ from published reports using final data. See Technical Notes.,**,260
ID,2019,January,12 month-ending,Number of Drug Overdose Deaths,249,100,0.021349274,Idaho,Numbers may differ from published reports using final data. See Technical Notes.,**,249
ID,2019,July,12 month-ending,Number of Drug Overdose Deaths,243,100,0.035161744,Idaho,Numbers may differ from published reports using final data. See Technical Notes.,**,243
ID,2019,June,12 month-ending,Number of Drug Overdose Deaths,261,100,0.03496259,Idaho,Numbers may differ from published reports using final data. See Technical Notes.,**,261
ID,2019,March,12 month-ending,Number of Drug Overdose Deaths,265,100,0.035355678,Idaho,Numbers may differ from published reports using final data. See Technical Notes.,**,265
ID,2019,May,12 month-ending,Number of Drug Overdose Deaths,257,100,0.035117292,Idaho,Numbers may differ from published reports using final data. See Technical Notes.,**,257
ID,2019,November,12 month-ending,Number of Drug Overdose Deaths,263,100,0.041966846,Idaho,Numbers may differ from published reports using final data. See Technical Notes.,**,264
ID,2019,October,12 month-ending,Number of Drug Overdose Deaths,253,100,0.035040998,Idaho,Numbers may differ from published reports using final data. See Technical Notes.,**,253
ID,2019,September,12 month-ending,Number of Drug Overdose Deaths,247,100,0.035159271,Idaho,Numbers may differ from published reports using final data. See Technical Notes.,**,247
ID,2020,April,12 month-ending,Number of Drug Overdose Deaths,250,100,0.020865211,Idaho,Numbers may differ from published reports using final data. See Technical Notes.,**,250
ID,2020,August,12 month-ending,Number of Drug Overdose Deaths,280,100,0.053233963,Idaho,Numbers may differ from published reports using final data. See Technical Notes.,**,281
ID,2020,December,12 month-ending,Number of Drug Overdose Deaths,280,100,0.127520039,Idaho,Numbers may differ from published reports using final data. See Technical Notes.,**,284
ID,2020,February,12 month-ending,Number of Drug Overdose Deaths,258,100,0.02088264,Idaho,Numbers may differ from published reports using final data. See Technical Notes.,**,258
ID,2020,January,12 month-ending,Number of Drug Overdose Deaths,264,100,0.034768097,Idaho,Numbers may differ from published reports using final data. See Technical Notes.,**,264
ID,2020,July,12 month-ending,Number of Drug Overdose Deaths,271,100,0.040807998,Idaho,Numbers may differ from published reports using final data. See Technical Notes.,**,272
ID,2020,June,12 month-ending,Number of Drug Overdose Deaths,253,100,0.034664448,Idaho,Numbers may differ from published reports using final data. See Technical Notes.,**,253
ID,2020,March,12 month-ending,Number of Drug Overdose Deaths,250,100,0.020792903,Idaho,Numbers may differ from published reports using final data. See Technical Notes.,**,250
ID,2020,May,12 month-ending,Number of Drug Overdose Deaths,259,100,0.027812543,Idaho,Numbers may differ from published reports using final data. See Technical Notes.,**,259
ID,2020,November,12 month-ending,Number of Drug Overdose Deaths,278,100,0.112163509,Idaho,Numbers may differ from published reports using final data. See Technical Notes.,**,281
ID,2020,October,12 month-ending,Number of Drug Overdose Deaths,280,100,0.096686863,Idaho,Numbers may differ from published reports using final data. See Technical Notes.,**,282
ID,2020,September,12 month-ending,Number of Drug Overdose Deaths,281,100,0.065590975,Idaho,Numbers may differ from published reports using final data. See Technical Notes.,**,282
ID,2021,April,12 month-ending,Number of Drug Overdose Deaths,290,100,0.124429697,Idaho,Numbers may differ from published reports using final data. See Technical Notes.,**,294
ID,2021,August,12 month-ending,Number of Drug Overdose Deaths,325,100,0.134220355,Idaho,Numbers may differ from published reports using final data. See Technical Notes.,**,329
ID,2021,December,12 month-ending,Number of Drug Overdose Deaths,345,100,0.174263465,Idaho,Numbers may differ from published reports using final data. See Technical Notes.,**,351
ID,2021,February,12 month-ending,Number of Drug Overdose Deaths,279,100,0.125373134,Idaho,Numbers may differ from published reports using final data. See Technical Notes.,**,282
ID,2021,January,12 month-ending,Number of Drug Overdose Deaths,284,100,0.125448029,Idaho,Numbers may differ from published reports using final data. See Technical Notes.,**,287
ID,2021,July,12 month-ending,Number of Drug Overdose Deaths,319,100,0.122929228,Idaho,Numbers may differ from published reports using final data. See Technical Notes.,**,323
ID,2021,June,12 month-ending,Number of Drug Overdose Deaths,313,100,0.117144029,Idaho,Numbers may differ from published reports using final data. See Technical Notes.,**,316
ID,2021,March,12 month-ending,Number of Drug Overdose Deaths,276,100,0.125163905,Idaho,Numbers may differ from published reports using final data. See Technical Notes.,**,279
ID,2021,May,12 month-ending,Number of Drug Overdose Deaths,298,100,0.117764824,Idaho,Numbers may differ from published reports using final data. See Technical Notes.,**,301
ID,2021,November,12 month-ending,Number of Drug Overdose Deaths,347,100,0.14126596,Idaho,Numbers may differ from published reports using final data. See Technical Notes.,**,352
ID,2021,October,12 month-ending,Number of Drug Overdose Deaths,338,100,0.130456053,Idaho,Numbers may differ from published reports using final data. See Technical Notes.,**,342
ID,2021,September,12 month-ending,Number of Drug Overdose Deaths,334,100,0.129555568,Idaho,Numbers may differ from published reports using final data. See Technical Notes.,**,338
ID,2022,April,12 month-ending,Number of Drug Overdose Deaths,372,100,0.190768905,Idaho,Numbers may differ from published reports using final data. See Technical Notes.,**,379
ID,2022,August,12 month-ending,Number of Drug Overdose Deaths,356,100,0.185705948,Idaho,Numbers may differ from published reports using final data. See Technical Notes.,**,363
ID,2022,December,12 month-ending,Number of Drug Overdose Deaths,362,100,0.111221682,Idaho,Numbers may differ from published reports using final data. See Technical Notes.,**,366
ID,2022,February,12 month-ending,Number of Drug Overdose Deaths,362,100,0.175364013,Idaho,Numbers may differ from published reports using final data. See Technical Notes.,**,369
ID,2022,January,12 month-ending,Number of Drug Overdose Deaths,361,100,0.177696408,Idaho,Numbers may differ from published reports using final data. See Technical Notes.,**,368
ID,2022,July,12 month-ending,Number of Drug Overdose Deaths,349,100,0.200390234,Idaho,Numbers may differ from published reports using final data. See Technical Notes.,**,356
ID,2022,June,12 month-ending,Number of Drug Overdose Deaths,353,100,0.20129251,Idaho,Numbers may differ from published reports using final data. See Technical Notes.,**,361
ID,2022,March,12 month-ending,Number of Drug Overdose Deaths,376,100,0.190991565,Idaho,Numbers may differ from published reports using final data. See Technical Notes.,**,383
ID,2022,May,12 month-ending,Number of Drug Overdose Deaths,355,100,0.191734129,Idaho,Numbers may differ from published reports using final data. See Technical Notes.,**,362
ID,2022,November,12 month-ending,Number of Drug Overdose Deaths,350,100,0.163075131,Idaho,Numbers may differ from published reports using final data. See Technical Notes.,**,356
ID,2022,October,12 month-ending,Number of Drug Overdose Deaths,354,100,0.189144265,Idaho,Numbers may differ from published reports using final data. See Technical Notes.,**,361
ID,2022,September,12 month-ending,Number of Drug Overdose Deaths,354,100,0.18722467,Idaho,Numbers may differ from published reports using final data. See Technical Notes.,**,361
ID,2023,April,12 month-ending,Number of Drug Overdose Deaths,373,100,0.15566998,Idaho,Underreported due to incomplete data.,*,379
ID,2023,August,12 month-ending,Number of Drug Overdose Deaths,366,100,0.235024708,Idaho,Underreported due to incomplete data.,*,376
ID,2023,February,12 month-ending,Number of Drug Overdose Deaths,369,100,0.132625995,Idaho,Underreported due to incomplete data.,*,373
ID,2023,January,12 month-ending,Number of Drug Overdose Deaths,349,100,0.118948495,Idaho,Underreported due to incomplete data.,*,351
ID,2023,July,12 month-ending,Number of Drug Overdose Deaths,376,100,0.204498978,Idaho,Underreported due to incomplete data.,*,385
ID,2023,June,12 month-ending,Number of Drug Overdose Deaths,378,100,0.173217059,Idaho,Underreported due to incomplete data.,*,385
ID,2023,March,12 month-ending,Number of Drug Overdose Deaths,366,100,0.144413021,Idaho,Underreported due to incomplete data.,*,372
ID,2023,May,12 month-ending,Number of Drug Overdose Deaths,382,100,0.178083818,Idaho,Underreported due to incomplete data.,*,390
ID,2023,October,12 month-ending,Number of Drug Overdose Deaths,370,100,0.252646776,Idaho,Underreported due to incomplete data.,*,381
ID,2023,September,12 month-ending,Number of Drug Overdose Deaths,367,100,0.246973074,Idaho,Underreported due to incomplete data.,*,377
IL,2015,April,12 month-ending,Number of Drug Overdose Deaths,1735,100,0.023020258,Illinois,Numbers may differ from published reports using final data. See Technical Notes.,**,1735
IL,2015,August,12 month-ending,Number of Drug Overdose Deaths,1793,100,0.026599282,Illinois,Numbers may differ from published reports using final data. See Technical Notes.,**,1793
IL,2015,December,12 month-ending,Number of Drug Overdose Deaths,1864,100,0.02404933,Illinois,Numbers may differ from published reports using final data. See Technical Notes.,**,1864
IL,2015,February,12 month-ending,Number of Drug Overdose Deaths,1657,100,0.025200147,Illinois,Numbers may differ from published reports using final data. See Technical Notes.,**,1657
IL,2015,January,12 month-ending,Number of Drug Overdose Deaths,1652,100,0.025229491,Illinois,Numbers may differ from published reports using final data. See Technical Notes.,**,1652
IL,2015,July,12 month-ending,Number of Drug Overdose Deaths,1761,100,0.02571992,Illinois,Numbers may differ from published reports using final data. See Technical Notes.,**,1761
IL,2015,June,12 month-ending,Number of Drug Overdose Deaths,1766,100,0.024845195,Illinois,Numbers may differ from published reports using final data. See Technical Notes.,**,1766
IL,2015,March,12 month-ending,Number of Drug Overdose Deaths,1688,100,0.025077402,Illinois,Numbers may differ from published reports using final data. See Technical Notes.,**,1688
IL,2015,May,12 month-ending,Number of Drug Overdose Deaths,1782,100,0.025831141,Illinois,Numbers may differ from published reports using final data. See Technical Notes.,**,1782
IL,2015,November,12 month-ending,Number of Drug Overdose Deaths,1860,100,0.029453122,Illinois,Numbers may differ from published reports using final data. See Technical Notes.,**,1860
IL,2015,October,12 month-ending,Number of Drug Overdose Deaths,1847,100,0.029393638,Illinois,Numbers may differ from published reports using final data. See Technical Notes.,**,1847
IL,2015,September,12 month-ending,Number of Drug Overdose Deaths,1813,100,0.026614199,Illinois,Numbers may differ from published reports using final data. See Technical Notes.,**,1813
IL,2016,April,12 month-ending,Number of Drug Overdose Deaths,2097,100,0.026139741,Illinois,Numbers may differ from published reports using final data. See Technical Notes.,**,2097
IL,2016,August,12 month-ending,Number of Drug Overdose Deaths,2275,100,0.028075746,Illinois,Numbers may differ from published reports using final data. See Technical Notes.,**,2275
IL,2016,December,12 month-ending,Number of Drug Overdose Deaths,2427,100,0.02689954,Illinois,Numbers may differ from published reports using final data. See Technical Notes.,**,2427
IL,2016,February,12 month-ending,Number of Drug Overdose Deaths,1958,100,0.025082967,Illinois,Numbers may differ from published reports using final data. See Technical Notes.,**,1958
IL,2016,January,12 month-ending,Number of Drug Overdose Deaths,1893,100,0.02521041,Illinois,Numbers may differ from published reports using final data. See Technical Notes.,**,1893
IL,2016,July,12 month-ending,Number of Drug Overdose Deaths,2261,100,0.025181842,Illinois,Numbers may differ from published reports using final data. See Technical Notes.,**,2261
IL,2016,June,12 month-ending,Number of Drug Overdose Deaths,2213,100,0.025175502,Illinois,Numbers may differ from published reports using final data. See Technical Notes.,**,2213
IL,2016,March,12 month-ending,Number of Drug Overdose Deaths,2025,100,0.025110341,Illinois,Numbers may differ from published reports using final data. See Technical Notes.,**,2025
IL,2016,May,12 month-ending,Number of Drug Overdose Deaths,2129,100,0.024218235,Illinois,Numbers may differ from published reports using final data. See Technical Notes.,**,2129
IL,2016,November,12 month-ending,Number of Drug Overdose Deaths,2333,100,0.025167217,Illinois,Numbers may differ from published reports using final data. See Technical Notes.,**,2333
IL,2016,October,12 month-ending,Number of Drug Overdose Deaths,2297,100,0.024211668,Illinois,Numbers may differ from published reports using final data. See Technical Notes.,**,2297
IL,2016,September,12 month-ending,Number of Drug Overdose Deaths,2319,100,0.027087687,Illinois,Numbers may differ from published reports using final data. See Technical Notes.,**,2319
IL,2017,April,12 month-ending,Number of Drug Overdose Deaths,2513,100,0.025578113,Illinois,Numbers may differ from published reports using final data. See Technical Notes.,**,2513
IL,2017,August,12 month-ending,Number of Drug Overdose Deaths,2560,100,0.024612122,Illinois,Numbers may differ from published reports using final data. See Technical Notes.,**,2560
IL,2017,December,12 month-ending,Number of Drug Overdose Deaths,2765,100,0.033760023,Illinois,Numbers may differ from published reports using final data. See Technical Notes.,**,2765
IL,2017,February,12 month-ending,Number of Drug Overdose Deaths,2553,100,0.025717715,Illinois,Numbers may differ from published reports using final data. See Technical Notes.,**,2553
IL,2017,January,12 month-ending,Number of Drug Overdose Deaths,2524,100,0.024818159,Illinois,Numbers may differ from published reports using final data. See Technical Notes.,**,2524
IL,2017,July,12 month-ending,Number of Drug Overdose Deaths,2486,100,0.029354115,Illinois,Numbers may differ from published reports using final data. See Technical Notes.,**,2486
IL,2017,June,12 month-ending,Number of Drug Overdose Deaths,2462,100,0.025550519,Illinois,Numbers may differ from published reports using final data. See Technical Notes.,**,2462
IL,2017,March,12 month-ending,Number of Drug Overdose Deaths,2543,100,0.025622533,Illinois,Numbers may differ from published reports using final data. See Technical Notes.,**,2543
IL,2017,May,12 month-ending,Number of Drug Overdose Deaths,2473,100,0.024615385,Illinois,Numbers may differ from published reports using final data. See Technical Notes.,**,2473
IL,2017,November,12 month-ending,Number of Drug Overdose Deaths,2781,100,0.032922895,Illinois,Numbers may differ from published reports using final data. See Technical Notes.,**,2781
IL,2017,October,12 month-ending,Number of Drug Overdose Deaths,2714,100,0.028313105,Illinois,Numbers may differ from published reports using final data. See Technical Notes.,**,2714
IL,2017,September,12 month-ending,Number of Drug Overdose Deaths,2650,100,0.024535709,Illinois,Numbers may differ from published reports using final data. See Technical Notes.,**,2650
IL,2018,April,12 month-ending,Number of Drug Overdose Deaths,2800,100,0.03621977,Illinois,Numbers may differ from published reports using final data. See Technical Notes.,**,2800
IL,2018,August,12 month-ending,Number of Drug Overdose Deaths,2843,100,0.045537764,Illinois,Numbers may differ from published reports using final data. See Technical Notes.,**,2846
IL,2018,December,12 month-ending,Number of Drug Overdose Deaths,2732,100,0.072979042,Illinois,Numbers may differ from published reports using final data. See Technical Notes.,**,2744
IL,2018,February,12 month-ending,Number of Drug Overdose Deaths,2745,100,0.03344202,Illinois,Numbers may differ from published reports using final data. See Technical Notes.,**,2745
IL,2018,January,12 month-ending,Number of Drug Overdose Deaths,2759,100,0.033410363,Illinois,Numbers may differ from published reports using final data. See Technical Notes.,**,2759
IL,2018,July,12 month-ending,Number of Drug Overdose Deaths,2885,100,0.042692208,Illinois,Numbers may differ from published reports using final data. See Technical Notes.,**,2887
IL,2018,June,12 month-ending,Number of Drug Overdose Deaths,2860,100,0.039024753,Illinois,Numbers may differ from published reports using final data. See Technical Notes.,**,2861
IL,2018,March,12 month-ending,Number of Drug Overdose Deaths,2766,100,0.034475369,Illinois,Numbers may differ from published reports using final data. See Technical Notes.,**,2766
IL,2018,May,12 month-ending,Number of Drug Overdose Deaths,2852,100,0.039007718,Illinois,Numbers may differ from published reports using final data. See Technical Notes.,**,2853
IL,2018,November,12 month-ending,Number of Drug Overdose Deaths,2724,100,0.065000789,Illinois,Numbers may differ from published reports using final data. See Technical Notes.,**,2733
IL,2018,October,12 month-ending,Number of Drug Overdose Deaths,2786,100,0.061233578,Illinois,Numbers may differ from published reports using final data. See Technical Notes.,**,2794
IL,2018,September,12 month-ending,Number of Drug Overdose Deaths,2774,100,0.055802014,Illinois,Numbers may differ from published reports using final data. See Technical Notes.,**,2780
IL,2019,April,12 month-ending,Number of Drug Overdose Deaths,2588,100,0.091592566,Illinois,Numbers may differ from published reports using final data. See Technical Notes.,**,2605
IL,2019,August,12 month-ending,Number of Drug Overdose Deaths,2655,100,0.11389089300000001,Illinois,Numbers may differ from published reports using final data. See Technical Notes.,**,2680
IL,2019,December,12 month-ending,Number of Drug Overdose Deaths,2775,100,0.13041013,Illinois,Numbers may differ from published reports using final data. See Technical Notes.,**,2806
IL,2019,February,12 month-ending,Number of Drug Overdose Deaths,2653,100,0.078967899,Illinois,Numbers may differ from published reports using final data. See Technical Notes.,**,2666
IL,2019,January,12 month-ending,Number of Drug Overdose Deaths,2687,100,0.076920885,Illinois,Numbers may differ from published reports using final data. See Technical Notes.,**,2700
IL,2019,July,12 month-ending,Number of Drug Overdose Deaths,2605,100,0.11118291,Illinois,Numbers may differ from published reports using final data. See Technical Notes.,**,2628
IL,2019,June,12 month-ending,Number of Drug Overdose Deaths,2632,100,0.109234598,Illinois,Numbers may differ from published reports using final data. See Technical Notes.,**,2655
IL,2019,March,12 month-ending,Number of Drug Overdose Deaths,2624,100,0.085563531,Illinois,Numbers may differ from published reports using final data. See Technical Notes.,**,2639
IL,2019,May,12 month-ending,Number of Drug Overdose Deaths,2623,100,0.099914359,Illinois,Numbers may differ from published reports using final data. See Technical Notes.,**,2643
IL,2019,November,12 month-ending,Number of Drug Overdose Deaths,2719,100,0.130676868,Illinois,Numbers may differ from published reports using final data. See Technical Notes.,**,2750
IL,2019,October,12 month-ending,Number of Drug Overdose Deaths,2660,100,0.118584575,Illinois,Numbers may differ from published reports using final data. See Technical Notes.,**,2686
IL,2019,September,12 month-ending,Number of Drug Overdose Deaths,2687,100,0.113066282,Illinois,Numbers may differ from published reports using final data. See Technical Notes.,**,2712
IL,2020,April,12 month-ending,Number of Drug Overdose Deaths,3160,100,0.127680619,Illinois,Numbers may differ from published reports using final data. See Technical Notes.,**,3195
IL,2020,August,12 month-ending,Number of Drug Overdose Deaths,3484,100,0.142283653,Illinois,Numbers may differ from published reports using final data. See Technical Notes.,**,3528
IL,2020,December,12 month-ending,Number of Drug Overdose Deaths,3531,100,0.153806716,Illinois,Numbers may differ from published reports using final data. See Technical Notes.,**,3581
IL,2020,February,12 month-ending,Number of Drug Overdose Deaths,2939,100,0.13220072,Illinois,Numbers may differ from published reports using final data. See Technical Notes.,**,2973
IL,2020,January,12 month-ending,Number of Drug Overdose Deaths,2840,100,0.131895049,Illinois,Numbers may differ from published reports using final data. See Technical Notes.,**,2873
IL,2020,July,12 month-ending,Number of Drug Overdose Deaths,3443,100,0.141100412,Illinois,Numbers may differ from published reports using final data. See Technical Notes.,**,3486
IL,2020,June,12 month-ending,Number of Drug Overdose Deaths,3369,100,0.136195156,Illinois,Numbers may differ from published reports using final data. See Technical Notes.,**,3409
IL,2020,March,12 month-ending,Number of Drug Overdose Deaths,3019,100,0.131260473,Illinois,Numbers may differ from published reports using final data. See Technical Notes.,**,3053
IL,2020,May,12 month-ending,Number of Drug Overdose Deaths,3295,100,0.136158922,Illinois,Numbers may differ from published reports using final data. See Technical Notes.,**,3334
IL,2020,November,12 month-ending,Number of Drug Overdose Deaths,3577,100,0.148345225,Illinois,Numbers may differ from published reports using final data. See Technical Notes.,**,3625
IL,2020,October,12 month-ending,Number of Drug Overdose Deaths,3538,100,0.141488627,Illinois,Numbers may differ from published reports using final data. See Technical Notes.,**,3583
IL,2020,September,12 month-ending,Number of Drug Overdose Deaths,3521,100,0.142068142,Illinois,Numbers may differ from published reports using final data. See Technical Notes.,**,3566
IL,2021,April,12 month-ending,Number of Drug Overdose Deaths,3532,100,0.156536168,Illinois,Numbers may differ from published reports using final data. See Technical Notes.,**,3583
IL,2021,August,12 month-ending,Number of Drug Overdose Deaths,3576,100,0.155076132,Illinois,Numbers may differ from published reports using final data. See Technical Notes.,**,3627
IL,2021,December,12 month-ending,Number of Drug Overdose Deaths,3786,100,0.17112105,Illinois,Numbers may differ from published reports using final data. See Technical Notes.,**,3848
IL,2021,February,12 month-ending,Number of Drug Overdose Deaths,3478,100,0.152900546,Illinois,Numbers may differ from published reports using final data. See Technical Notes.,**,3527
IL,2021,January,12 month-ending,Number of Drug Overdose Deaths,3516,100,0.15434575,Illinois,Numbers may differ from published reports using final data. See Technical Notes.,**,3566
IL,2021,July,12 month-ending,Number of Drug Overdose Deaths,3536,100,0.14906492,Illinois,Numbers may differ from published reports using final data. See Technical Notes.,**,3584
IL,2021,June,12 month-ending,Number of Drug Overdose Deaths,3474,100,0.152176364,Illinois,Numbers may differ from published reports using final data. See Technical Notes.,**,3522
IL,2021,March,12 month-ending,Number of Drug Overdose Deaths,3512,100,0.150610469,Illinois,Numbers may differ from published reports using final data. See Technical Notes.,**,3560
IL,2021,May,12 month-ending,Number of Drug Overdose Deaths,3442,100,0.15117823,Illinois,Numbers may differ from published reports using final data. See Technical Notes.,**,3490
IL,2021,November,12 month-ending,Number of Drug Overdose Deaths,3708,100,0.163620823,Illinois,Numbers may differ from published reports using final data. See Technical Notes.,**,3765
IL,2021,October,12 month-ending,Number of Drug Overdose Deaths,3674,100,0.163646524,Illinois,Numbers may differ from published reports using final data. See Technical Notes.,**,3730
IL,2021,September,12 month-ending,Number of Drug Overdose Deaths,3593,100,0.161231103,Illinois,Numbers may differ from published reports using final data. See Technical Notes.,**,3647
IL,2022,April,12 month-ending,Number of Drug Overdose Deaths,3918,100,0.187979063,Illinois,Numbers may differ from published reports using final data. See Technical Notes.,**,3990
IL,2022,August,12 month-ending,Number of Drug Overdose Deaths,3818,100,0.171256616,Illinois,Numbers may differ from published reports using final data. See Technical Notes.,**,3880
IL,2022,December,12 month-ending,Number of Drug Overdose Deaths,3863,100,0.128901574,Illinois,Numbers may differ from published reports using final data. See Technical Notes.,**,3906
IL,2022,February,12 month-ending,Number of Drug Overdose Deaths,3967,100,0.183277354,Illinois,Numbers may differ from published reports using final data. See Technical Notes.,**,4037
IL,2022,January,12 month-ending,Number of Drug Overdose Deaths,3903,100,0.176506785,Illinois,Numbers may differ from published reports using final data. See Technical Notes.,**,3969
IL,2022,July,12 month-ending,Number of Drug Overdose Deaths,3830,100,0.176169252,Illinois,Numbers may differ from published reports using final data. See Technical Notes.,**,3895
IL,2022,June,12 month-ending,Number of Drug Overdose Deaths,3892,100,0.18353094,Illinois,Numbers may differ from published reports using final data. See Technical Notes.,**,3961
IL,2022,March,12 month-ending,Number of Drug Overdose Deaths,3969,100,0.188861985,Illinois,Numbers may differ from published reports using final data. See Technical Notes.,**,4042
IL,2022,May,12 month-ending,Number of Drug Overdose Deaths,3928,100,0.185185185,Illinois,Numbers may differ from published reports using final data. See Technical Notes.,**,3999
IL,2022,November,12 month-ending,Number of Drug Overdose Deaths,3847,100,0.143365017,Illinois,Numbers may differ from published reports using final data. See Technical Notes.,**,3896
IL,2022,October,12 month-ending,Number of Drug Overdose Deaths,3809,100,0.161784249,Illinois,Numbers may differ from published reports using final data. See Technical Notes.,**,3867
IL,2022,September,12 month-ending,Number of Drug Overdose Deaths,3821,100,0.165358606,Illinois,Numbers may differ from published reports using final data. See Technical Notes.,**,3880
IL,2023,April,12 month-ending,Number of Drug Overdose Deaths,3805,100,0.11681217,Illinois,Underreported due to incomplete data.,*,3845
IL,2023,August,12 month-ending,Number of Drug Overdose Deaths,3767,100,0.196799558,Illinois,Underreported due to incomplete data.,*,3849
IL,2023,February,12 month-ending,Number of Drug Overdose Deaths,3791,100,0.117745266,Illinois,Underreported due to incomplete data.,*,3821
IL,2023,January,12 month-ending,Number of Drug Overdose Deaths,3801,100,0.121595331,Illinois,Underreported due to incomplete data.,*,3819
IL,2023,July,12 month-ending,Number of Drug Overdose Deaths,3782,100,0.174577293,Illinois,Underreported due to incomplete data.,*,3852
IL,2023,June,12 month-ending,Number of Drug Overdose Deaths,3828,100,0.139315064,Illinois,Underreported due to incomplete data.,*,3878
IL,2023,March,12 month-ending,Number of Drug Overdose Deaths,3805,100,0.114269641,Illinois,Underreported due to incomplete data.,*,3845
IL,2023,May,12 month-ending,Number of Drug Overdose Deaths,3817,100,0.120394049,Illinois,Underreported due to incomplete data.,*,3863
IL,2023,October,12 month-ending,Number of Drug Overdose Deaths,3702,100,0.229936678,Illinois,Underreported due to incomplete data.,*,3795
IL,2023,September,12 month-ending,Number of Drug Overdose Deaths,3729,100,0.210548854,Illinois,Underreported due to incomplete data.,*,3811
IN,2015,April,12 month-ending,Number of Drug Overdose Deaths,1208,100,0.029990214,Indiana,Numbers may differ from published reports using final data. See Technical Notes.,**,1208
IN,2015,August,12 month-ending,Number of Drug Overdose Deaths,1221,100,0.028260119,Indiana,Numbers may differ from published reports using final data. See Technical Notes.,**,1221
IN,2015,December,12 month-ending,Number of Drug Overdose Deaths,1232,100,0.01738993,Indiana,Numbers may differ from published reports using final data. See Technical Notes.,**,1232
IN,2015,February,12 month-ending,Number of Drug Overdose Deaths,1151,100,0.033666255,Indiana,Numbers may differ from published reports using final data. See Technical Notes.,**,1151
IN,2015,January,12 month-ending,Number of Drug Overdose Deaths,1162,100,0.033776177,Indiana,Numbers may differ from published reports using final data. See Technical Notes.,**,1162
IN,2015,July,12 month-ending,Number of Drug Overdose Deaths,1207,100,0.03303445,Indiana,Numbers may differ from published reports using final data. See Technical Notes.,**,1207
IN,2015,June,12 month-ending,Number of Drug Overdose Deaths,1217,100,0.033062015,Indiana,Numbers may differ from published reports using final data. See Technical Notes.,**,1217
IN,2015,March,12 month-ending,Number of Drug Overdose Deaths,1193,100,0.030213402,Indiana,Numbers may differ from published reports using final data. See Technical Notes.,**,1193
IN,2015,May,12 month-ending,Number of Drug Overdose Deaths,1203,100,0.031500528,Indiana,Numbers may differ from published reports using final data. See Technical Notes.,**,1203
IN,2015,November,12 month-ending,Number of Drug Overdose Deaths,1218,100,0.025135496,Indiana,Numbers may differ from published reports using final data. See Technical Notes.,**,1218
IN,2015,October,12 month-ending,Number of Drug Overdose Deaths,1205,100,0.02350029,Indiana,Numbers may differ from published reports using final data. See Technical Notes.,**,1205
IN,2015,September,12 month-ending,Number of Drug Overdose Deaths,1210,100,0.025063834,Indiana,Numbers may differ from published reports using final data. See Technical Notes.,**,1210
IN,2016,April,12 month-ending,Number of Drug Overdose Deaths,1285,100,0.0143287,Indiana,Numbers may differ from published reports using final data. See Technical Notes.,**,1285
IN,2016,August,12 month-ending,Number of Drug Overdose Deaths,1421,100,0.009533949,Indiana,Numbers may differ from published reports using final data. See Technical Notes.,**,1421
IN,2016,December,12 month-ending,Number of Drug Overdose Deaths,1506,100,0.006245023,Indiana,Numbers may differ from published reports using final data. See Technical Notes.,**,1506
IN,2016,February,12 month-ending,Number of Drug Overdose Deaths,1259,100,0.015907609,Indiana,Numbers may differ from published reports using final data. See Technical Notes.,**,1259
IN,2016,January,12 month-ending,Number of Drug Overdose Deaths,1228,100,0.017569078,Indiana,Numbers may differ from published reports using final data. See Technical Notes.,**,1228
IN,2016,July,12 month-ending,Number of Drug Overdose Deaths,1383,100,0.009554901,Indiana,Numbers may differ from published reports using final data. See Technical Notes.,**,1383
IN,2016,June,12 month-ending,Number of Drug Overdose Deaths,1354,100,0.009577321,Indiana,Numbers may differ from published reports using final data. See Technical Notes.,**,1354
IN,2016,March,12 month-ending,Number of Drug Overdose Deaths,1264,100,0.015881082,Indiana,Numbers may differ from published reports using final data. See Technical Notes.,**,1264
IN,2016,May,12 month-ending,Number of Drug Overdose Deaths,1321,100,0.012773023,Indiana,Numbers may differ from published reports using final data. See Technical Notes.,**,1321
IN,2016,November,12 month-ending,Number of Drug Overdose Deaths,1469,100,0.004718465,Indiana,Numbers may differ from published reports using final data. See Technical Notes.,**,1469
IN,2016,October,12 month-ending,Number of Drug Overdose Deaths,1441,100,0.004747962,Indiana,Numbers may differ from published reports using final data. See Technical Notes.,**,1441
IN,2016,September,12 month-ending,Number of Drug Overdose Deaths,1434,100,0.009540316,Indiana,Numbers may differ from published reports using final data. See Technical Notes.,**,1434
IN,2017,April,12 month-ending,Number of Drug Overdose Deaths,1700,100,0.010716309,Indiana,Numbers may differ from published reports using final data. See Technical Notes.,**,1700
IN,2017,August,12 month-ending,Number of Drug Overdose Deaths,1762,100,0.021241409,Indiana,Numbers may differ from published reports using final data. See Technical Notes.,**,1762
IN,2017,December,12 month-ending,Number of Drug Overdose Deaths,1835,100,0.030278716,Indiana,Numbers may differ from published reports using final data. See Technical Notes.,**,1835
IN,2017,February,12 month-ending,Number of Drug Overdose Deaths,1629,100,0.007718074,Indiana,Numbers may differ from published reports using final data. See Technical Notes.,**,1629
IN,2017,January,12 month-ending,Number of Drug Overdose Deaths,1576,100,0.006200974,Indiana,Numbers may differ from published reports using final data. See Technical Notes.,**,1576
IN,2017,July,12 month-ending,Number of Drug Overdose Deaths,1777,100,0.019723567,Indiana,Numbers may differ from published reports using final data. See Technical Notes.,**,1777
IN,2017,June,12 month-ending,Number of Drug Overdose Deaths,1720,100,0.01670032,Indiana,Numbers may differ from published reports using final data. See Technical Notes.,**,1720
IN,2017,March,12 month-ending,Number of Drug Overdose Deaths,1664,100,0.00768238,Indiana,Numbers may differ from published reports using final data. See Technical Notes.,**,1664
IN,2017,May,12 month-ending,Number of Drug Overdose Deaths,1721,100,0.016779035,Indiana,Numbers may differ from published reports using final data. See Technical Notes.,**,1721
IN,2017,November,12 month-ending,Number of Drug Overdose Deaths,1861,100,0.025756015,Indiana,Numbers may differ from published reports using final data. See Technical Notes.,**,1861
IN,2017,October,12 month-ending,Number of Drug Overdose Deaths,1842,100,0.02423508,Indiana,Numbers may differ from published reports using final data. See Technical Notes.,**,1842
IN,2017,September,12 month-ending,Number of Drug Overdose Deaths,1802,100,0.019679973,Indiana,Numbers may differ from published reports using final data. See Technical Notes.,**,1802
IN,2018,April,12 month-ending,Number of Drug Overdose Deaths,1716,100,0.028706544,Indiana,Numbers may differ from published reports using final data. See Technical Notes.,**,1716
IN,2018,August,12 month-ending,Number of Drug Overdose Deaths,1680,100,0.019629753,Indiana,Numbers may differ from published reports using final data. See Technical Notes.,**,1680
IN,2018,December,12 month-ending,Number of Drug Overdose Deaths,1612,100,0.007549905,Indiana,Numbers may differ from published reports using final data. See Technical Notes.,**,1612
IN,2018,February,12 month-ending,Number of Drug Overdose Deaths,1757,100,0.028570999,Indiana,Numbers may differ from published reports using final data. See Technical Notes.,**,1757
IN,2018,January,12 month-ending,Number of Drug Overdose Deaths,1808,100,0.030018762,Indiana,Numbers may differ from published reports using final data. See Technical Notes.,**,1808
IN,2018,July,12 month-ending,Number of Drug Overdose Deaths,1679,100,0.021173944,Indiana,Numbers may differ from published reports using final data. See Technical Notes.,**,1679
IN,2018,June,12 month-ending,Number of Drug Overdose Deaths,1696,100,0.02420758,Indiana,Numbers may differ from published reports using final data. See Technical Notes.,**,1696
IN,2018,March,12 month-ending,Number of Drug Overdose Deaths,1736,100,0.028701773,Indiana,Numbers may differ from published reports using final data. See Technical Notes.,**,1736
IN,2018,May,12 month-ending,Number of Drug Overdose Deaths,1699,100,0.022651083,Indiana,Numbers may differ from published reports using final data. See Technical Notes.,**,1699
IN,2018,November,12 month-ending,Number of Drug Overdose Deaths,1605,100,0.013569135,Indiana,Numbers may differ from published reports using final data. See Technical Notes.,**,1605
IN,2018,October,12 month-ending,Number of Drug Overdose Deaths,1639,100,0.016586248,Indiana,Numbers may differ from published reports using final data. See Technical Notes.,**,1639
IN,2018,September,12 month-ending,Number of Drug Overdose Deaths,1649,100,0.019621457,Indiana,Numbers may differ from published reports using final data. See Technical Notes.,**,1649
IN,2019,April,12 month-ending,Number of Drug Overdose Deaths,1598,100,0.004586455,Indiana,Numbers may differ from published reports using final data. See Technical Notes.,**,1598
IN,2019,August,12 month-ending,Number of Drug Overdose Deaths,1628,100,0.003033428,Indiana,Numbers may differ from published reports using final data. See Technical Notes.,**,1628
IN,2019,December,12 month-ending,Number of Drug Overdose Deaths,1704,100,0.001503398,Indiana,Numbers may differ from published reports using final data. See Technical Notes.,**,1704
IN,2019,February,12 month-ending,Number of Drug Overdose Deaths,1592,100,0.007661544,Indiana,Numbers may differ from published reports using final data. See Technical Notes.,**,1592
IN,2019,January,12 month-ending,Number of Drug Overdose Deaths,1591,100,0.007657554,Indiana,Numbers may differ from published reports using final data. See Technical Notes.,**,1591
IN,2019,July,12 month-ending,Number of Drug Overdose Deaths,1623,100,0.003031773,Indiana,Numbers may differ from published reports using final data. See Technical Notes.,**,1623
IN,2019,June,12 month-ending,Number of Drug Overdose Deaths,1610,100,0.003035132,Indiana,Numbers may differ from published reports using final data. See Technical Notes.,**,1610
IN,2019,March,12 month-ending,Number of Drug Overdose Deaths,1610,100,0.007645961,Indiana,Numbers may differ from published reports using final data. See Technical Notes.,**,1610
IN,2019,May,12 month-ending,Number of Drug Overdose Deaths,1612,100,0.004567392,Indiana,Numbers may differ from published reports using final data. See Technical Notes.,**,1612
IN,2019,November,12 month-ending,Number of Drug Overdose Deaths,1680,100,0.003011141,Indiana,Numbers may differ from published reports using final data. See Technical Notes.,**,1680
IN,2019,October,12 month-ending,Number of Drug Overdose Deaths,1661,100,0.00302092,Indiana,Numbers may differ from published reports using final data. See Technical Notes.,**,1661
IN,2019,September,12 month-ending,Number of Drug Overdose Deaths,1637,100,0.003029339,Indiana,Numbers may differ from published reports using final data. See Technical Notes.,**,1637
IN,2020,April,12 month-ending,Number of Drug Overdose Deaths,1878,100,0.007253841,Indiana,Numbers may differ from published reports using final data. See Technical Notes.,**,1878
IN,2020,August,12 month-ending,Number of Drug Overdose Deaths,2124,100,0.019416668,Indiana,Numbers may differ from published reports using final data. See Technical Notes.,**,2124
IN,2020,December,12 month-ending,Number of Drug Overdose Deaths,2267,100,0.055594163,Indiana,Numbers may differ from published reports using final data. See Technical Notes.,**,2272
IN,2020,February,12 month-ending,Number of Drug Overdose Deaths,1790,100,0.002971327,Indiana,Numbers may differ from published reports using final data. See Technical Notes.,**,1790
IN,2020,January,12 month-ending,Number of Drug Overdose Deaths,1752,100,0.002989581,Indiana,Numbers may differ from published reports using final data. See Technical Notes.,**,1752
IN,2020,July,12 month-ending,Number of Drug Overdose Deaths,2091,100,0.015414798,Indiana,Numbers may differ from published reports using final data. See Technical Notes.,**,2091
IN,2020,June,12 month-ending,Number of Drug Overdose Deaths,2043,100,0.011324868,Indiana,Numbers may differ from published reports using final data. See Technical Notes.,**,2043
IN,2020,March,12 month-ending,Number of Drug Overdose Deaths,1798,100,0.005911476,Indiana,Numbers may differ from published reports using final data. See Technical Notes.,**,1798
IN,2020,May,12 month-ending,Number of Drug Overdose Deaths,1986,100,0.010008293,Indiana,Numbers may differ from published reports using final data. See Technical Notes.,**,1986
IN,2020,November,12 month-ending,Number of Drug Overdose Deaths,2215,100,0.038118272,Indiana,Numbers may differ from published reports using final data. See Technical Notes.,**,2215
IN,2020,October,12 month-ending,Number of Drug Overdose Deaths,2186,100,0.029802222,Indiana,Numbers may differ from published reports using final data. See Technical Notes.,**,2186
IN,2020,September,12 month-ending,Number of Drug Overdose Deaths,2160,100,0.023364807,Indiana,Numbers may differ from published reports using final data. See Technical Notes.,**,2160
IN,2021,April,12 month-ending,Number of Drug Overdose Deaths,2483,100,0.050071978,Indiana,Numbers may differ from published reports using final data. See Technical Notes.,**,2487
IN,2021,August,12 month-ending,Number of Drug Overdose Deaths,2574,100,0.040359706,Indiana,Numbers may differ from published reports using final data. See Technical Notes.,**,2575
IN,2021,December,12 month-ending,Number of Drug Overdose Deaths,2789,100,0.002520415,Indiana,Numbers may differ from published reports using final data. See Technical Notes.,**,2789
IN,2021,February,12 month-ending,Number of Drug Overdose Deaths,2354,100,0.052964145,Indiana,Numbers may differ from published reports using final data. See Technical Notes.,**,2359
IN,2021,January,12 month-ending,Number of Drug Overdose Deaths,2333,100,0.053076591,Indiana,Numbers may differ from published reports using final data. See Technical Notes.,**,2338
IN,2021,July,12 month-ending,Number of Drug Overdose Deaths,2508,100,0.044439366,Indiana,Numbers may differ from published reports using final data. See Technical Notes.,**,2510
IN,2021,June,12 month-ending,Number of Drug Overdose Deaths,2488,100,0.046865698,Indiana,Numbers may differ from published reports using final data. See Technical Notes.,**,2491
IN,2021,March,12 month-ending,Number of Drug Overdose Deaths,2430,100,0.050717467,Indiana,Numbers may differ from published reports using final data. See Technical Notes.,**,2434
IN,2021,May,12 month-ending,Number of Drug Overdose Deaths,2473,100,0.04801314,Indiana,Numbers may differ from published reports using final data. See Technical Notes.,**,2476
IN,2021,November,12 month-ending,Number of Drug Overdose Deaths,2771,100,0.021171665,Indiana,Numbers may differ from published reports using final data. See Technical Notes.,**,2771
IN,2021,October,12 month-ending,Number of Drug Overdose Deaths,2684,100,0.028377195,Indiana,Numbers may differ from published reports using final data. See Technical Notes.,**,2684
IN,2021,September,12 month-ending,Number of Drug Overdose Deaths,2663,100,0.035967654,Indiana,Numbers may differ from published reports using final data. See Technical Notes.,**,2663
IN,2022,April,12 month-ending,Number of Drug Overdose Deaths,2792,100,0.004952579,Indiana,Numbers may differ from published reports using final data. See Technical Notes.,**,2792
IN,2022,August,12 month-ending,Number of Drug Overdose Deaths,2766,100,0.004978902,Indiana,Numbers may differ from published reports using final data. See Technical Notes.,**,2766
IN,2022,December,12 month-ending,Number of Drug Overdose Deaths,2666,100,0.006571079,Indiana,Numbers may differ from published reports using final data. See Technical Notes.,**,2666
IN,2022,February,12 month-ending,Number of Drug Overdose Deaths,2869,100,0.003716275,Indiana,Numbers may differ from published reports using final data. See Technical Notes.,**,2869
IN,2022,January,12 month-ending,Number of Drug Overdose Deaths,2791,100,0.002500344,Indiana,Numbers may differ from published reports using final data. See Technical Notes.,**,2791
IN,2022,July,12 month-ending,Number of Drug Overdose Deaths,2769,100,0.003715078,Indiana,Numbers may differ from published reports using final data. See Technical Notes.,**,2769
IN,2022,June,12 month-ending,Number of Drug Overdose Deaths,2747,100,0.004968142,Indiana,Numbers may differ from published reports using final data. See Technical Notes.,**,2747
IN,2022,March,12 month-ending,Number of Drug Overdose Deaths,2863,100,0.004942177,Indiana,Numbers may differ from published reports using final data. See Technical Notes.,**,2863
IN,2022,May,12 month-ending,Number of Drug Overdose Deaths,2751,100,0.004963949,Indiana,Numbers may differ from published reports using final data. See Technical Notes.,**,2751
IN,2022,November,12 month-ending,Number of Drug Overdose Deaths,2673,100,0.005188875,Indiana,Numbers may differ from published reports using final data. See Technical Notes.,**,2673
IN,2022,October,12 month-ending,Number of Drug Overdose Deaths,2734,100,0.005120131,Indiana,Numbers may differ from published reports using final data. See Technical Notes.,**,2734
IN,2022,September,12 month-ending,Number of Drug Overdose Deaths,2711,100,0.005068359,Indiana,Numbers may differ from published reports using final data. See Technical Notes.,**,2711
IN,2023,April,12 month-ending,Number of Drug Overdose Deaths,2505,100,0.004132174,Indiana,Underreported due to incomplete data.,*,2505
IN,2023,August,12 month-ending,Number of Drug Overdose Deaths,2368,100,0.004185852,Indiana,Underreported due to incomplete data.,*,2368
IN,2023,February,12 month-ending,Number of Drug Overdose Deaths,2553,100,0.005518459,Indiana,Underreported due to incomplete data.,*,2553
IN,2023,January,12 month-ending,Number of Drug Overdose Deaths,2629,100,0.006779661,Indiana,Underreported due to incomplete data.,*,2629
IN,2023,July,12 month-ending,Number of Drug Overdose Deaths,2396,100,0.005548312,Indiana,Underreported due to incomplete data.,*,2396
IN,2023,June,12 month-ending,Number of Drug Overdose Deaths,2452,100,0.005509718,Indiana,Underreported due to incomplete data.,*,2452
IN,2023,March,12 month-ending,Number of Drug Overdose Deaths,2505,100,0.004142445,Indiana,Underreported due to incomplete data.,*,2505
IN,2023,May,12 month-ending,Number of Drug Overdose Deaths,2492,100,0.005501004,Indiana,Underreported due to incomplete data.,*,2492
IN,2023,October,12 month-ending,Number of Drug Overdose Deaths,2259,100,0.004222022,Indiana,Underreported due to incomplete data.,*,2259
IN,2023,September,12 month-ending,Number of Drug Overdose Deaths,2330,100,0.004198388,Indiana,Underreported due to incomplete data.,*,2330
KS,2015,April,12 month-ending,Number of Drug Overdose Deaths,332,100,0.035444234,Kansas,Numbers may differ from published reports using final data. See Technical Notes.,**,332
KS,2015,August,12 month-ending,Number of Drug Overdose Deaths,337,100,0.034769171,Kansas,Numbers may differ from published reports using final data. See Technical Notes.,**,337
KS,2015,December,12 month-ending,Number of Drug Overdose Deaths,323,100,0.054131385,Kansas,Numbers may differ from published reports using final data. See Technical Notes.,**,324
KS,2015,February,12 month-ending,Number of Drug Overdose Deaths,308,100,0.031595577,Kansas,Numbers may differ from published reports using final data. See Technical Notes.,**,308
KS,2015,January,12 month-ending,Number of Drug Overdose Deaths,312,100,0.031735957,Kansas,Numbers may differ from published reports using final data. See Technical Notes.,**,312
KS,2015,July,12 month-ending,Number of Drug Overdose Deaths,328,100,0.031004147,Kansas,Numbers may differ from published reports using final data. See Technical Notes.,**,328
KS,2015,June,12 month-ending,Number of Drug Overdose Deaths,330,100,0.035078146,Kansas,Numbers may differ from published reports using final data. See Technical Notes.,**,330
KS,2015,March,12 month-ending,Number of Drug Overdose Deaths,323,100,0.031505986,Kansas,Numbers may differ from published reports using final data. See Technical Notes.,**,323
KS,2015,May,12 month-ending,Number of Drug Overdose Deaths,337,100,0.035355123,Kansas,Numbers may differ from published reports using final data. See Technical Notes.,**,337
KS,2015,November,12 month-ending,Number of Drug Overdose Deaths,328,100,0.042413727,Kansas,Numbers may differ from published reports using final data. See Technical Notes.,**,329
KS,2015,October,12 month-ending,Number of Drug Overdose Deaths,334,100,0.034592766,Kansas,Numbers may differ from published reports using final data. See Technical Notes.,**,334
KS,2015,September,12 month-ending,Number of Drug Overdose Deaths,334,100,0.034722222,Kansas,Numbers may differ from published reports using final data. See Technical Notes.,**,334
KS,2016,April,12 month-ending,Number of Drug Overdose Deaths,312,100,0.058909005,Kansas,Numbers may differ from published reports using final data. See Technical Notes.,**,313
KS,2016,August,12 month-ending,Number of Drug Overdose Deaths,320,100,0.059269796,Kansas,Numbers may differ from published reports using final data. See Technical Notes.,**,321
KS,2016,December,12 month-ending,Number of Drug Overdose Deaths,313,100,0.043155871,Kansas,Numbers may differ from published reports using final data. See Technical Notes.,**,314
KS,2016,February,12 month-ending,Number of Drug Overdose Deaths,317,100,0.062727879,Kansas,Numbers may differ from published reports using final data. See Technical Notes.,**,318
KS,2016,January,12 month-ending,Number of Drug Overdose Deaths,313,100,0.062504883,Kansas,Numbers may differ from published reports using final data. See Technical Notes.,**,314
KS,2016,July,12 month-ending,Number of Drug Overdose Deaths,320,100,0.071168749,Kansas,Numbers may differ from published reports using final data. See Technical Notes.,**,322
KS,2016,June,12 month-ending,Number of Drug Overdose Deaths,319,100,0.063108902,Kansas,Numbers may differ from published reports using final data. See Technical Notes.,**,320
KS,2016,March,12 month-ending,Number of Drug Overdose Deaths,313,100,0.062954948,Kansas,Numbers may differ from published reports using final data. See Technical Notes.,**,314
KS,2016,May,12 month-ending,Number of Drug Overdose Deaths,305,100,0.062992126,Kansas,Numbers may differ from published reports using final data. See Technical Notes.,**,306
KS,2016,November,12 month-ending,Number of Drug Overdose Deaths,315,100,0.059297913,Kansas,Numbers may differ from published reports using final data. See Technical Notes.,**,316
KS,2016,October,12 month-ending,Number of Drug Overdose Deaths,312,100,0.055612934,Kansas,Numbers may differ from published reports using final data. See Technical Notes.,**,313
KS,2016,September,12 month-ending,Number of Drug Overdose Deaths,315,100,0.055504896,Kansas,Numbers may differ from published reports using final data. See Technical Notes.,**,316
KS,2017,April,12 month-ending,Number of Drug Overdose Deaths,317,100,0.045917196,Kansas,Numbers may differ from published reports using final data. See Technical Notes.,**,318
KS,2017,August,12 month-ending,Number of Drug Overdose Deaths,297,100,0.049978855,Kansas,Numbers may differ from published reports using final data. See Technical Notes.,**,298
KS,2017,December,12 month-ending,Number of Drug Overdose Deaths,323,100,0.045892611,Kansas,Numbers may differ from published reports using final data. See Technical Notes.,**,324
KS,2017,February,12 month-ending,Number of Drug Overdose Deaths,324,100,0.046273088,Kansas,Numbers may differ from published reports using final data. See Technical Notes.,**,325
KS,2017,January,12 month-ending,Number of Drug Overdose Deaths,327,100,0.0427716,Kansas,Numbers may differ from published reports using final data. See Technical Notes.,**,328
KS,2017,July,12 month-ending,Number of Drug Overdose Deaths,310,100,0.042092374,Kansas,Numbers may differ from published reports using final data. See Technical Notes.,**,311
KS,2017,June,12 month-ending,Number of Drug Overdose Deaths,301,100,0.049848537,Kansas,Numbers may differ from published reports using final data. See Technical Notes.,**,302
KS,2017,March,12 month-ending,Number of Drug Overdose Deaths,323,100,0.045924225,Kansas,Numbers may differ from published reports using final data. See Technical Notes.,**,324
KS,2017,May,12 month-ending,Number of Drug Overdose Deaths,317,100,0.042063401,Kansas,Numbers may differ from published reports using final data. See Technical Notes.,**,318
KS,2017,November,12 month-ending,Number of Drug Overdose Deaths,313,100,0.045920710000000003,Kansas,Numbers may differ from published reports using final data. See Technical Notes.,**,314
KS,2017,October,12 month-ending,Number of Drug Overdose Deaths,316,100,0.057383321,Kansas,Numbers may differ from published reports using final data. See Technical Notes.,**,317
KS,2017,September,12 month-ending,Number of Drug Overdose Deaths,303,100,0.057506517,Kansas,Numbers may differ from published reports using final data. See Technical Notes.,**,304
KS,2018,April,12 month-ending,Number of Drug Overdose Deaths,322,100,0.041772681,Kansas,Numbers may differ from published reports using final data. See Technical Notes.,**,323
KS,2018,August,12 month-ending,Number of Drug Overdose Deaths,354,100,0.026443034,Kansas,Numbers may differ from published reports using final data. See Technical Notes.,**,354
KS,2018,December,12 month-ending,Number of Drug Overdose Deaths,341,100,0.011324173,Kansas,Numbers may differ from published reports using final data. See Technical Notes.,**,341
KS,2018,February,12 month-ending,Number of Drug Overdose Deaths,317,100,0.038025705,Kansas,Numbers may differ from published reports using final data. See Technical Notes.,**,317
KS,2018,January,12 month-ending,Number of Drug Overdose Deaths,319,100,0.038050302,Kansas,Numbers may differ from published reports using final data. See Technical Notes.,**,319
KS,2018,July,12 month-ending,Number of Drug Overdose Deaths,344,100,0.034057368,Kansas,Numbers may differ from published reports using final data. See Technical Notes.,**,344
KS,2018,June,12 month-ending,Number of Drug Overdose Deaths,347,100,0.033935372,Kansas,Numbers may differ from published reports using final data. See Technical Notes.,**,347
KS,2018,March,12 month-ending,Number of Drug Overdose Deaths,318,100,0.041863297,Kansas,Numbers may differ from published reports using final data. See Technical Notes.,**,319
KS,2018,May,12 month-ending,Number of Drug Overdose Deaths,332,100,0.037926196,Kansas,Numbers may differ from published reports using final data. See Technical Notes.,**,332
KS,2018,November,12 month-ending,Number of Drug Overdose Deaths,350,100,0.015073862,Kansas,Numbers may differ from published reports using final data. See Technical Notes.,**,350
KS,2018,October,12 month-ending,Number of Drug Overdose Deaths,347,100,0.015088077,Kansas,Numbers may differ from published reports using final data. See Technical Notes.,**,347
KS,2018,September,12 month-ending,Number of Drug Overdose Deaths,354,100,0.018827428,Kansas,Numbers may differ from published reports using final data. See Technical Notes.,**,354
KS,2019,April,12 month-ending,Number of Drug Overdose Deaths,368,100,0.003814755,Kansas,Numbers may differ from published reports using final data. See Technical Notes.,**,368
KS,2019,August,12 month-ending,Number of Drug Overdose Deaths,372,100,0.007554867,Kansas,Numbers may differ from published reports using final data. See Technical Notes.,**,372
KS,2019,December,12 month-ending,Number of Drug Overdose Deaths,380,100,0.02245593,Kansas,Numbers may differ from published reports using final data. See Technical Notes.,**,380
KS,2019,February,12 month-ending,Number of Drug Overdose Deaths,361,100,0.007640295,Kansas,Numbers may differ from published reports using final data. See Technical Notes.,**,361
KS,2019,January,12 month-ending,Number of Drug Overdose Deaths,348,100,0.01141596,Kansas,Numbers may differ from published reports using final data. See Technical Notes.,**,348
KS,2019,July,12 month-ending,Number of Drug Overdose Deaths,376,100,0.007555153,Kansas,Numbers may differ from published reports using final data. See Technical Notes.,**,376
KS,2019,June,12 month-ending,Number of Drug Overdose Deaths,374,100,0.007588117,Kansas,Numbers may differ from published reports using final data. See Technical Notes.,**,374
KS,2019,March,12 month-ending,Number of Drug Overdose Deaths,363,100,0.003809814,Kansas,Numbers may differ from published reports using final data. See Technical Notes.,**,363
KS,2019,May,12 month-ending,Number of Drug Overdose Deaths,371,100,0.003799248,Kansas,Numbers may differ from published reports using final data. See Technical Notes.,**,371
KS,2019,November,12 month-ending,Number of Drug Overdose Deaths,378,100,0.014986886,Kansas,Numbers may differ from published reports using final data. See Technical Notes.,**,378
KS,2019,October,12 month-ending,Number of Drug Overdose Deaths,366,100,0.007504409,Kansas,Numbers may differ from published reports using final data. See Technical Notes.,**,366
KS,2019,September,12 month-ending,Number of Drug Overdose Deaths,376,100,0.007536647,Kansas,Numbers may differ from published reports using final data. See Technical Notes.,**,376
KS,2020,April,12 month-ending,Number of Drug Overdose Deaths,383,100,0.022225515,Kansas,Numbers may differ from published reports using final data. See Technical Notes.,**,383
KS,2020,August,12 month-ending,Number of Drug Overdose Deaths,427,100,0.014394185,Kansas,Numbers may differ from published reports using final data. See Technical Notes.,**,427
KS,2020,December,12 month-ending,Number of Drug Overdose Deaths,473,100,0.080321285,Kansas,Numbers may differ from published reports using final data. See Technical Notes.,**,476
KS,2020,February,12 month-ending,Number of Drug Overdose Deaths,383,100,0.022291574,Kansas,Numbers may differ from published reports using final data. See Technical Notes.,**,383
KS,2020,January,12 month-ending,Number of Drug Overdose Deaths,387,100,0.022367195,Kansas,Numbers may differ from published reports using final data. See Technical Notes.,**,387
KS,2020,July,12 month-ending,Number of Drug Overdose Deaths,412,100,0.014609737,Kansas,Numbers may differ from published reports using final data. See Technical Notes.,**,412
KS,2020,June,12 month-ending,Number of Drug Overdose Deaths,396,100,0.01472483,Kansas,Numbers may differ from published reports using final data. See Technical Notes.,**,396
KS,2020,March,12 month-ending,Number of Drug Overdose Deaths,387,100,0.022364694,Kansas,Numbers may differ from published reports using final data. See Technical Notes.,**,387
KS,2020,May,12 month-ending,Number of Drug Overdose Deaths,391,100,0.022141038,Kansas,Numbers may differ from published reports using final data. See Technical Notes.,**,391
KS,2020,November,12 month-ending,Number of Drug Overdose Deaths,445,100,0.040468081,Kansas,Numbers may differ from published reports using final data. See Technical Notes.,**,446
KS,2020,October,12 month-ending,Number of Drug Overdose Deaths,449,100,0.027938814,Kansas,Numbers may differ from published reports using final data. See Technical Notes.,**,449
KS,2020,September,12 month-ending,Number of Drug Overdose Deaths,429,100,0.017792328,Kansas,Numbers may differ from published reports using final data. See Technical Notes.,**,429
KS,2021,April,12 month-ending,Number of Drug Overdose Deaths,557,100,0.090951858,Kansas,Numbers may differ from published reports using final data. See Technical Notes.,**,561
KS,2021,August,12 month-ending,Number of Drug Overdose Deaths,622,100,0.09955821,Kansas,Numbers may differ from published reports using final data. See Technical Notes.,**,627
KS,2021,December,12 month-ending,Number of Drug Overdose Deaths,682,100,0.070867156,Kansas,Numbers may differ from published reports using final data. See Technical Notes.,**,685
KS,2021,February,12 month-ending,Number of Drug Overdose Deaths,494,100,0.081214469,Kansas,Numbers may differ from published reports using final data. See Technical Notes.,**,497
KS,2021,January,12 month-ending,Number of Drug Overdose Deaths,477,100,0.078480615,Kansas,Numbers may differ from published reports using final data. See Technical Notes.,**,480
KS,2021,July,12 month-ending,Number of Drug Overdose Deaths,586,100,0.094014416,Kansas,Numbers may differ from published reports using final data. See Technical Notes.,**,590
KS,2021,June,12 month-ending,Number of Drug Overdose Deaths,576,100,0.090949006,Kansas,Numbers may differ from published reports using final data. See Technical Notes.,**,580
KS,2021,March,12 month-ending,Number of Drug Overdose Deaths,528,100,0.084382911,Kansas,Numbers may differ from published reports using final data. See Technical Notes.,**,531
KS,2021,May,12 month-ending,Number of Drug Overdose Deaths,563,100,0.091006088,Kansas,Numbers may differ from published reports using final data. See Technical Notes.,**,567
KS,2021,November,12 month-ending,Number of Drug Overdose Deaths,683,100,0.08182791,Kansas,Numbers may differ from published reports using final data. See Technical Notes.,**,687
KS,2021,October,12 month-ending,Number of Drug Overdose Deaths,662,100,0.092741437,Kansas,Numbers may differ from published reports using final data. See Technical Notes.,**,667
KS,2021,September,12 month-ending,Number of Drug Overdose Deaths,649,100,0.09555809,Kansas,Numbers may differ from published reports using final data. See Technical Notes.,**,654
KS,2022,April,12 month-ending,Number of Drug Overdose Deaths,708,100,0.056123722,Kansas,Numbers may differ from published reports using final data. See Technical Notes.,**,710
KS,2022,August,12 month-ending,Number of Drug Overdose Deaths,719,100,0.047169811,Kansas,Numbers may differ from published reports using final data. See Technical Notes.,**,720
KS,2022,December,12 month-ending,Number of Drug Overdose Deaths,755,100,0.003264134,Kansas,Numbers may differ from published reports using final data. See Technical Notes.,**,755
KS,2022,February,12 month-ending,Number of Drug Overdose Deaths,703,100,0.065998303,Kansas,Numbers may differ from published reports using final data. See Technical Notes.,**,706
KS,2022,January,12 month-ending,Number of Drug Overdose Deaths,695,100,0.069847922,Kansas,Numbers may differ from published reports using final data. See Technical Notes.,**,698
KS,2022,July,12 month-ending,Number of Drug Overdose Deaths,727,100,0.052964452,Kansas,Numbers may differ from published reports using final data. See Technical Notes.,**,729
KS,2022,June,12 month-ending,Number of Drug Overdose Deaths,721,100,0.056001493,Kansas,Numbers may differ from published reports using final data. See Technical Notes.,**,723
KS,2022,March,12 month-ending,Number of Drug Overdose Deaths,704,100,0.062404443,Kansas,Numbers may differ from published reports using final data. See Technical Notes.,**,707
KS,2022,May,12 month-ending,Number of Drug Overdose Deaths,715,100,0.056004978,Kansas,Numbers may differ from published reports using final data. See Technical Notes.,**,717
KS,2022,November,12 month-ending,Number of Drug Overdose Deaths,738,100,0.038787252,Kansas,Numbers may differ from published reports using final data. See Technical Notes.,**,739
KS,2022,October,12 month-ending,Number of Drug Overdose Deaths,719,100,0.04497703,Kansas,Numbers may differ from published reports using final data. See Technical Notes.,**,720
KS,2022,September,12 month-ending,Number of Drug Overdose Deaths,720,100,0.051031799,Kansas,Numbers may differ from published reports using final data. See Technical Notes.,**,722
KS,2023,April,12 month-ending,Number of Drug Overdose Deaths,722,100,0.00339824,Kansas,Underreported due to incomplete data.,*,722
KS,2023,August,12 month-ending,Number of Drug Overdose Deaths,700,100,0.010360905,Kansas,Underreported due to incomplete data.,*,700
KS,2023,February,12 month-ending,Number of Drug Overdose Deaths,751,100,0.003425948,Kansas,Underreported due to incomplete data.,*,751
KS,2023,January,12 month-ending,Number of Drug Overdose Deaths,758,100,0.003377351,Kansas,Underreported due to incomplete data.,*,758
KS,2023,July,12 month-ending,Number of Drug Overdose Deaths,719,100,0.006865538,Kansas,Underreported due to incomplete data.,*,719
KS,2023,June,12 month-ending,Number of Drug Overdose Deaths,731,100,0.006821748,Kansas,Underreported due to incomplete data.,*,731
KS,2023,March,12 month-ending,Number of Drug Overdose Deaths,739,100,0.003423134,Kansas,Underreported due to incomplete data.,*,739
KS,2023,May,12 month-ending,Number of Drug Overdose Deaths,722,100,0.003406459,Kansas,Underreported due to incomplete data.,*,722
KS,2023,October,12 month-ending,Number of Drug Overdose Deaths,674,100,0.128302934,Kansas,Underreported due to incomplete data.,*,683
KS,2023,September,12 month-ending,Number of Drug Overdose Deaths,683,100,0.038030701,Kansas,Underreported due to incomplete data.,*,684
KY,2015,April,12 month-ending,Number of Drug Overdose Deaths,1172,100,0.015339104,Kentucky,Numbers may differ from published reports using final data. See Technical Notes.,**,1172
KY,2015,August,12 month-ending,Number of Drug Overdose Deaths,1208,100,0.0152207,Kentucky,Numbers may differ from published reports using final data. See Technical Notes.,**,1208
KY,2015,December,12 month-ending,Number of Drug Overdose Deaths,1248,100,0.004329473,Kentucky,Numbers may differ from published reports using final data. See Technical Notes.,**,1248
KY,2015,February,12 month-ending,Number of Drug Overdose Deaths,1121,100,0.015441971,Kentucky,Numbers may differ from published reports using final data. See Technical Notes.,**,1121
KY,2015,January,12 month-ending,Number of Drug Overdose Deaths,1101,100,0.015586382,Kentucky,Numbers may differ from published reports using final data. See Technical Notes.,**,1101
KY,2015,July,12 month-ending,Number of Drug Overdose Deaths,1211,100,0.017422741,Kentucky,Numbers may differ from published reports using final data. See Technical Notes.,**,1211
KY,2015,June,12 month-ending,Number of Drug Overdose Deaths,1198,100,0.017452388,Kentucky,Numbers may differ from published reports using final data. See Technical Notes.,**,1198
KY,2015,March,12 month-ending,Number of Drug Overdose Deaths,1152,100,0.015400524,Kentucky,Numbers may differ from published reports using final data. See Technical Notes.,**,1152
KY,2015,May,12 month-ending,Number of Drug Overdose Deaths,1185,100,0.01744744,Kentucky,Numbers may differ from published reports using final data. See Technical Notes.,**,1185
KY,2015,November,12 month-ending,Number of Drug Overdose Deaths,1240,100,0.006466075,Kentucky,Numbers may differ from published reports using final data. See Technical Notes.,**,1240
KY,2015,October,12 month-ending,Number of Drug Overdose Deaths,1217,100,0.010782369,Kentucky,Numbers may differ from published reports using final data. See Technical Notes.,**,1217
KY,2015,September,12 month-ending,Number of Drug Overdose Deaths,1233,100,0.010829778,Kentucky,Numbers may differ from published reports using final data. See Technical Notes.,**,1233
KY,2016,April,12 month-ending,Number of Drug Overdose Deaths,1291,100,0.004319001,Kentucky,Numbers may differ from published reports using final data. See Technical Notes.,**,1291
KY,2016,August,12 month-ending,Number of Drug Overdose Deaths,1404,100,0.002138168,Kentucky,Numbers may differ from published reports using final data. See Technical Notes.,**,1404
KY,2016,December,12 month-ending,Number of Drug Overdose Deaths,1437,100,0.010502878,Kentucky,Numbers may differ from published reports using final data. See Technical Notes.,**,1437
KY,2016,February,12 month-ending,Number of Drug Overdose Deaths,1228,100,0.002180835,Kentucky,Numbers may differ from published reports using final data. See Technical Notes.,**,1228
KY,2016,January,12 month-ending,Number of Drug Overdose Deaths,1253,100,0.002182501,Kentucky,Numbers may differ from published reports using final data. See Technical Notes.,**,1253
KY,2016,July,12 month-ending,Number of Drug Overdose Deaths,1376,100,0.002146245,Kentucky,Numbers may differ from published reports using final data. See Technical Notes.,**,1376
KY,2016,June,12 month-ending,Number of Drug Overdose Deaths,1371,100,0.002152574,Kentucky,Numbers may differ from published reports using final data. See Technical Notes.,**,1371
KY,2016,March,12 month-ending,Number of Drug Overdose Deaths,1253,100,0.002172072,Kentucky,Numbers may differ from published reports using final data. See Technical Notes.,**,1253
KY,2016,May,12 month-ending,Number of Drug Overdose Deaths,1320,100,0.002161274,Kentucky,Numbers may differ from published reports using final data. See Technical Notes.,**,1320
KY,2016,November,12 month-ending,Number of Drug Overdose Deaths,1395,100,0.010574625,Kentucky,Numbers may differ from published reports using final data. See Technical Notes.,**,1395
KY,2016,October,12 month-ending,Number of Drug Overdose Deaths,1416,100,0.004248991,Kentucky,Numbers may differ from published reports using final data. See Technical Notes.,**,1416
KY,2016,September,12 month-ending,Number of Drug Overdose Deaths,1411,100,0.002125308,Kentucky,Numbers may differ from published reports using final data. See Technical Notes.,**,1411
KY,2017,April,12 month-ending,Number of Drug Overdose Deaths,1580,100,0.012488032,Kentucky,Numbers may differ from published reports using final data. See Technical Notes.,**,1580
KY,2017,August,12 month-ending,Number of Drug Overdose Deaths,1575,100,0.018693918,Kentucky,Numbers may differ from published reports using final data. See Technical Notes.,**,1575
KY,2017,December,12 month-ending,Number of Drug Overdose Deaths,1566,100,0.016661807,Kentucky,Numbers may differ from published reports using final data. See Technical Notes.,**,1566
KY,2017,February,12 month-ending,Number of Drug Overdose Deaths,1545,100,0.012519823,Kentucky,Numbers may differ from published reports using final data. See Technical Notes.,**,1545
KY,2017,January,12 month-ending,Number of Drug Overdose Deaths,1480,100,0.012542068,Kentucky,Numbers may differ from published reports using final data. See Technical Notes.,**,1480
KY,2017,July,12 month-ending,Number of Drug Overdose Deaths,1568,100,0.016587874,Kentucky,Numbers may differ from published reports using final data. See Technical Notes.,**,1568
KY,2017,June,12 month-ending,Number of Drug Overdose Deaths,1564,100,0.016578936,Kentucky,Numbers may differ from published reports using final data. See Technical Notes.,**,1564
KY,2017,March,12 month-ending,Number of Drug Overdose Deaths,1552,100,0.012494794,Kentucky,Numbers may differ from published reports using final data. See Technical Notes.,**,1552
KY,2017,May,12 month-ending,Number of Drug Overdose Deaths,1583,100,0.014542131,Kentucky,Numbers may differ from published reports using final data. See Technical Notes.,**,1583
KY,2017,November,12 month-ending,Number of Drug Overdose Deaths,1594,100,0.012540495,Kentucky,Numbers may differ from published reports using final data. See Technical Notes.,**,1594
KY,2017,October,12 month-ending,Number of Drug Overdose Deaths,1564,100,0.016678133,Kentucky,Numbers may differ from published reports using final data. See Technical Notes.,**,1564
KY,2017,September,12 month-ending,Number of Drug Overdose Deaths,1566,100,0.018745314,Kentucky,Numbers may differ from published reports using final data. See Technical Notes.,**,1566
KY,2018,April,12 month-ending,Number of Drug Overdose Deaths,1418,100,0.020753777,Kentucky,Numbers may differ from published reports using final data. See Technical Notes.,**,1418
KY,2018,August,12 month-ending,Number of Drug Overdose Deaths,1372,100,0.016602333,Kentucky,Numbers may differ from published reports using final data. See Technical Notes.,**,1372
KY,2018,December,12 month-ending,Number of Drug Overdose Deaths,1336,100,0.014480162,Kentucky,Numbers may differ from published reports using final data. See Technical Notes.,**,1336
KY,2018,February,12 month-ending,Number of Drug Overdose Deaths,1490,100,0.016548072,Kentucky,Numbers may differ from published reports using final data. See Technical Notes.,**,1490
KY,2018,January,12 month-ending,Number of Drug Overdose Deaths,1529,100,0.016524829,Kentucky,Numbers may differ from published reports using final data. See Technical Notes.,**,1529
KY,2018,July,12 month-ending,Number of Drug Overdose Deaths,1380,100,0.018719191,Kentucky,Numbers may differ from published reports using final data. See Technical Notes.,**,1380
KY,2018,June,12 month-ending,Number of Drug Overdose Deaths,1379,100,0.018722696,Kentucky,Numbers may differ from published reports using final data. See Technical Notes.,**,1379
KY,2018,March,12 month-ending,Number of Drug Overdose Deaths,1450,100,0.016580998,Kentucky,Numbers may differ from published reports using final data. See Technical Notes.,**,1450
KY,2018,May,12 month-ending,Number of Drug Overdose Deaths,1381,100,0.020754639,Kentucky,Numbers may differ from published reports using final data. See Technical Notes.,**,1381
KY,2018,November,12 month-ending,Number of Drug Overdose Deaths,1369,100,0.016434191,Kentucky,Numbers may differ from published reports using final data. See Technical Notes.,**,1369
KY,2018,October,12 month-ending,Number of Drug Overdose Deaths,1383,100,0.016499948,Kentucky,Numbers may differ from published reports using final data. See Technical Notes.,**,1383
KY,2018,September,12 month-ending,Number of Drug Overdose Deaths,1381,100,0.016572411,Kentucky,Numbers may differ from published reports using final data. See Technical Notes.,**,1381
KY,2019,April,12 month-ending,Number of Drug Overdose Deaths,1330,100,0.010381198,Kentucky,Numbers may differ from published reports using final data. See Technical Notes.,**,1330
KY,2019,August,12 month-ending,Number of Drug Overdose Deaths,1307,100,0.018533773,Kentucky,Numbers may differ from published reports using final data. See Technical Notes.,**,1307
KY,2019,December,12 month-ending,Number of Drug Overdose Deaths,1369,100,0.020482989,Kentucky,Numbers may differ from published reports using final data. See Technical Notes.,**,1369
KY,2019,February,12 month-ending,Number of Drug Overdose Deaths,1320,100,0.016726254,Kentucky,Numbers may differ from published reports using final data. See Technical Notes.,**,1320
KY,2019,January,12 month-ending,Number of Drug Overdose Deaths,1339,100,0.016729402,Kentucky,Numbers may differ from published reports using final data. See Technical Notes.,**,1339
KY,2019,July,12 month-ending,Number of Drug Overdose Deaths,1341,100,0.01235763,Kentucky,Numbers may differ from published reports using final data. See Technical Notes.,**,1341
KY,2019,June,12 month-ending,Number of Drug Overdose Deaths,1339,100,0.012377514,Kentucky,Numbers may differ from published reports using final data. See Technical Notes.,**,1339
KY,2019,March,12 month-ending,Number of Drug Overdose Deaths,1332,100,0.016649324,Kentucky,Numbers may differ from published reports using final data. See Technical Notes.,**,1332
KY,2019,May,12 month-ending,Number of Drug Overdose Deaths,1346,100,0.010358401,Kentucky,Numbers may differ from published reports using final data. See Technical Notes.,**,1346
KY,2019,November,12 month-ending,Number of Drug Overdose Deaths,1320,100,0.022638869,Kentucky,Numbers may differ from published reports using final data. See Technical Notes.,**,1320
KY,2019,October,12 month-ending,Number of Drug Overdose Deaths,1310,100,0.022632348,Kentucky,Numbers may differ from published reports using final data. See Technical Notes.,**,1310
KY,2019,September,12 month-ending,Number of Drug Overdose Deaths,1300,100,0.020552027,Kentucky,Numbers may differ from published reports using final data. See Technical Notes.,**,1300
KY,2020,April,12 month-ending,Number of Drug Overdose Deaths,1501,100,0.028455285,Kentucky,Numbers may differ from published reports using final data. See Technical Notes.,**,1501
KY,2020,August,12 month-ending,Number of Drug Overdose Deaths,1876,100,0.027409061,Kentucky,Numbers may differ from published reports using final data. See Technical Notes.,**,1876
KY,2020,December,12 month-ending,Number of Drug Overdose Deaths,2104,100,0.032310758,Kentucky,Numbers may differ from published reports using final data. See Technical Notes.,**,2104
KY,2020,February,12 month-ending,Number of Drug Overdose Deaths,1418,100,0.020359964,Kentucky,Numbers may differ from published reports using final data. See Technical Notes.,**,1418
KY,2020,January,12 month-ending,Number of Drug Overdose Deaths,1374,100,0.018370346,Kentucky,Numbers may differ from published reports using final data. See Technical Notes.,**,1374
KY,2020,July,12 month-ending,Number of Drug Overdose Deaths,1789,100,0.029766039,Kentucky,Numbers may differ from published reports using final data. See Technical Notes.,**,1789
KY,2020,June,12 month-ending,Number of Drug Overdose Deaths,1706,100,0.030083632,Kentucky,Numbers may differ from published reports using final data. See Technical Notes.,**,1706
KY,2020,March,12 month-ending,Number of Drug Overdose Deaths,1447,100,0.022450812,Kentucky,Numbers may differ from published reports using final data. See Technical Notes.,**,1447
KY,2020,May,12 month-ending,Number of Drug Overdose Deaths,1647,100,0.026190668,Kentucky,Numbers may differ from published reports using final data. See Technical Notes.,**,1647
KY,2020,November,12 month-ending,Number of Drug Overdose Deaths,2044,100,0.029703889,Kentucky,Numbers may differ from published reports using final data. See Technical Notes.,**,2044
KY,2020,October,12 month-ending,Number of Drug Overdose Deaths,1993,100,0.032349527,Kentucky,Numbers may differ from published reports using final data. See Technical Notes.,**,1993
KY,2020,September,12 month-ending,Number of Drug Overdose Deaths,1943,100,0.025178184,Kentucky,Numbers may differ from published reports using final data. See Technical Notes.,**,1943
KY,2021,April,12 month-ending,Number of Drug Overdose Deaths,2321,100,0.03787944,Kentucky,Numbers may differ from published reports using final data. See Technical Notes.,**,2321
KY,2021,August,12 month-ending,Number of Drug Overdose Deaths,2341,100,0.038923017,Kentucky,Numbers may differ from published reports using final data. See Technical Notes.,**,2342
KY,2021,December,12 month-ending,Number of Drug Overdose Deaths,2397,100,0.057967174,Kentucky,Numbers may differ from published reports using final data. See Technical Notes.,**,2403
KY,2021,February,12 month-ending,Number of Drug Overdose Deaths,2218,100,0.033011902,Kentucky,Numbers may differ from published reports using final data. See Technical Notes.,**,2218
KY,2021,January,12 month-ending,Number of Drug Overdose Deaths,2189,100,0.033313462,Kentucky,Numbers may differ from published reports using final data. See Technical Notes.,**,2189
KY,2021,July,12 month-ending,Number of Drug Overdose Deaths,2313,100,0.039387608,Kentucky,Numbers may differ from published reports using final data. See Technical Notes.,**,2314
KY,2021,June,12 month-ending,Number of Drug Overdose Deaths,2310,100,0.037698345,Kentucky,Numbers may differ from published reports using final data. See Technical Notes.,**,2310
KY,2021,March,12 month-ending,Number of Drug Overdose Deaths,2271,100,0.039736015,Kentucky,Numbers may differ from published reports using final data. See Technical Notes.,**,2272
KY,2021,May,12 month-ending,Number of Drug Overdose Deaths,2272,100,0.037873571,Kentucky,Numbers may differ from published reports using final data. See Technical Notes.,**,2272
KY,2021,November,12 month-ending,Number of Drug Overdose Deaths,2418,100,0.054137411,Kentucky,Numbers may differ from published reports using final data. See Technical Notes.,**,2423
KY,2021,October,12 month-ending,Number of Drug Overdose Deaths,2420,100,0.0423943,Kentucky,Numbers may differ from published reports using final data. See Technical Notes.,**,2422
KY,2021,September,12 month-ending,Number of Drug Overdose Deaths,2389,100,0.042757532,Kentucky,Numbers may differ from published reports using final data. See Technical Notes.,**,2391
KY,2022,April,12 month-ending,Number of Drug Overdose Deaths,2315,100,0.048817001,Kentucky,Numbers may differ from published reports using final data. See Technical Notes.,**,2318
KY,2022,August,12 month-ending,Number of Drug Overdose Deaths,2309,100,0.042945393,Kentucky,Numbers may differ from published reports using final data. See Technical Notes.,**,2311
KY,2022,December,12 month-ending,Number of Drug Overdose Deaths,2309,100,0.026231572,Kentucky,Numbers may differ from published reports using final data. See Technical Notes.,**,2309
KY,2022,February,12 month-ending,Number of Drug Overdose Deaths,2386,100,0.053738051,Kentucky,Numbers may differ from published reports using final data. See Technical Notes.,**,2391
KY,2022,January,12 month-ending,Number of Drug Overdose Deaths,2381,100,0.055944056,Kentucky,Numbers may differ from published reports using final data. See Technical Notes.,**,2386
KY,2022,July,12 month-ending,Number of Drug Overdose Deaths,2314,100,0.045672528,Kentucky,Numbers may differ from published reports using final data. See Technical Notes.,**,2316
KY,2022,June,12 month-ending,Number of Drug Overdose Deaths,2301,100,0.045687433,Kentucky,Numbers may differ from published reports using final data. See Technical Notes.,**,2303
KY,2022,March,12 month-ending,Number of Drug Overdose Deaths,2365,100,0.048729777,Kentucky,Numbers may differ from published reports using final data. See Technical Notes.,**,2368
KY,2022,May,12 month-ending,Number of Drug Overdose Deaths,2298,100,0.048927669,Kentucky,Numbers may differ from published reports using final data. See Technical Notes.,**,2301
KY,2022,November,12 month-ending,Number of Drug Overdose Deaths,2308,100,0.026013666,Kentucky,Numbers may differ from published reports using final data. See Technical Notes.,**,2308
KY,2022,October,12 month-ending,Number of Drug Overdose Deaths,2265,100,0.032867423,Kentucky,Numbers may differ from published reports using final data. See Technical Notes.,**,2265
KY,2022,September,12 month-ending,Number of Drug Overdose Deaths,2254,100,0.040914438,Kentucky,Numbers may differ from published reports using final data. See Technical Notes.,**,2255
KY,2023,April,12 month-ending,Number of Drug Overdose Deaths,2340,100,0.020077389,Kentucky,Underreported due to incomplete data.,*,2340
KY,2023,August,12 month-ending,Number of Drug Overdose Deaths,2258,100,0.031493729,Kentucky,Underreported due to incomplete data.,*,2262
KY,2023,February,12 month-ending,Number of Drug Overdose Deaths,2307,100,0.027248451,Kentucky,Underreported due to incomplete data.,*,2307
KY,2023,January,12 month-ending,Number of Drug Overdose Deaths,2304,100,0.025039348,Kentucky,Underreported due to incomplete data.,*,2304
KY,2023,July,12 month-ending,Number of Drug Overdose Deaths,2275,100,0.027625327,Kentucky,Underreported due to incomplete data.,*,2277
KY,2023,June,12 month-ending,Number of Drug Overdose Deaths,2317,100,0.020172382,Kentucky,Underreported due to incomplete data.,*,2317
KY,2023,March,12 month-ending,Number of Drug Overdose Deaths,2321,100,0.023689342,Kentucky,Underreported due to incomplete data.,*,2321
KY,2023,May,12 month-ending,Number of Drug Overdose Deaths,2354,100,0.020085821,Kentucky,Underreported due to incomplete data.,*,2354
KY,2023,October,12 month-ending,Number of Drug Overdose Deaths,2197,100,0.033536415,Kentucky,Underreported due to incomplete data.,*,2200
KY,2023,September,12 month-ending,Number of Drug Overdose Deaths,2257,100,0.033427425,Kentucky,Underreported due to incomplete data.,*,2258
LA,2015,April,12 month-ending,Number of Drug Overdose Deaths,796,100,0.052000904,Louisiana,Numbers may differ from published reports using final data. See Technical Notes.,**,798
LA,2015,August,12 month-ending,Number of Drug Overdose Deaths,823,100,0.076853526,Louisiana,Numbers may differ from published reports using final data. See Technical Notes.,**,827
LA,2015,December,12 month-ending,Number of Drug Overdose Deaths,875,100,0.08425559,Louisiana,Numbers may differ from published reports using final data. See Technical Notes.,**,880
LA,2015,February,12 month-ending,Number of Drug Overdose Deaths,785,100,0.043035108,Louisiana,Numbers may differ from published reports using final data. See Technical Notes.,**,786
LA,2015,January,12 month-ending,Number of Drug Overdose Deaths,782,100,0.036281179,Louisiana,Numbers may differ from published reports using final data. See Technical Notes.,**,782
LA,2015,July,12 month-ending,Number of Drug Overdose Deaths,825,100,0.072391639,Louisiana,Numbers may differ from published reports using final data. See Technical Notes.,**,829
LA,2015,June,12 month-ending,Number of Drug Overdose Deaths,802,100,0.065624222,Louisiana,Numbers may differ from published reports using final data. See Technical Notes.,**,805
LA,2015,March,12 month-ending,Number of Drug Overdose Deaths,784,100,0.040631137,Louisiana,Numbers may differ from published reports using final data. See Technical Notes.,**,785
LA,2015,May,12 month-ending,Number of Drug Overdose Deaths,803,100,0.056620012,Louisiana,Numbers may differ from published reports using final data. See Technical Notes.,**,805
LA,2015,November,12 month-ending,Number of Drug Overdose Deaths,853,100,0.076977065,Louisiana,Numbers may differ from published reports using final data. See Technical Notes.,**,857
LA,2015,October,12 month-ending,Number of Drug Overdose Deaths,834,100,0.078921259,Louisiana,Numbers may differ from published reports using final data. See Technical Notes.,**,839
LA,2015,September,12 month-ending,Number of Drug Overdose Deaths,838,100,0.081134074,Louisiana,Numbers may differ from published reports using final data. See Technical Notes.,**,843
LA,2016,April,12 month-ending,Number of Drug Overdose Deaths,893,100,0.06649851,Louisiana,Numbers may differ from published reports using final data. See Technical Notes.,**,896
LA,2016,August,12 month-ending,Number of Drug Overdose Deaths,979,100,0.029586472,Louisiana,Numbers may differ from published reports using final data. See Technical Notes.,**,979
LA,2016,December,12 month-ending,Number of Drug Overdose Deaths,1004,100,0.009006778,Louisiana,Numbers may differ from published reports using final data. See Technical Notes.,**,1004
LA,2016,February,12 month-ending,Number of Drug Overdose Deaths,901,100,0.075987842,Louisiana,Numbers may differ from published reports using final data. See Technical Notes.,**,906
LA,2016,January,12 month-ending,Number of Drug Overdose Deaths,890,100,0.082768134,Louisiana,Numbers may differ from published reports using final data. See Technical Notes.,**,895
LA,2016,July,12 month-ending,Number of Drug Overdose Deaths,962,100,0.034291985,Louisiana,Numbers may differ from published reports using final data. See Technical Notes.,**,962
LA,2016,June,12 month-ending,Number of Drug Overdose Deaths,941,100,0.04798026,Louisiana,Numbers may differ from published reports using final data. See Technical Notes.,**,943
LA,2016,March,12 month-ending,Number of Drug Overdose Deaths,894,100,0.075958108,Louisiana,Numbers may differ from published reports using final data. See Technical Notes.,**,899
LA,2016,May,12 month-ending,Number of Drug Overdose Deaths,899,100,0.059438082,Louisiana,Numbers may differ from published reports using final data. See Technical Notes.,**,902
LA,2016,November,12 month-ending,Number of Drug Overdose Deaths,1012,100,0.0157871,Louisiana,Numbers may differ from published reports using final data. See Technical Notes.,**,1012
LA,2016,October,12 month-ending,Number of Drug Overdose Deaths,1021,100,0.018089316,Louisiana,Numbers may differ from published reports using final data. See Technical Notes.,**,1021
LA,2016,September,12 month-ending,Number of Drug Overdose Deaths,997,100,0.024981264,Louisiana,Numbers may differ from published reports using final data. See Technical Notes.,**,997
LA,2017,April,12 month-ending,Number of Drug Overdose Deaths,1036,100,0.002230351,Louisiana,Numbers may differ from published reports using final data. See Technical Notes.,**,1036
LA,2017,August,12 month-ending,Number of Drug Overdose Deaths,1020,100,0.004441385,Louisiana,Numbers may differ from published reports using final data. See Technical Notes.,**,1020
LA,2017,December,12 month-ending,Number of Drug Overdose Deaths,1102,100,0.002176136,Louisiana,Numbers may differ from published reports using final data. See Technical Notes.,**,1102
LA,2017,February,12 month-ending,Number of Drug Overdose Deaths,1010,100,0.00672691,Louisiana,Numbers may differ from published reports using final data. See Technical Notes.,**,1010
LA,2017,January,12 month-ending,Number of Drug Overdose Deaths,1015,100,0.006729626,Louisiana,Numbers may differ from published reports using final data. See Technical Notes.,**,1015
LA,2017,July,12 month-ending,Number of Drug Overdose Deaths,1007,100,0.004444938,Louisiana,Numbers may differ from published reports using final data. See Technical Notes.,**,1007
LA,2017,June,12 month-ending,Number of Drug Overdose Deaths,1016,100,0.004446816,Louisiana,Numbers may differ from published reports using final data. See Technical Notes.,**,1016
LA,2017,March,12 month-ending,Number of Drug Overdose Deaths,1020,100,0.004467377,Louisiana,Numbers may differ from published reports using final data. See Technical Notes.,**,1020
LA,2017,May,12 month-ending,Number of Drug Overdose Deaths,1030,100,0.002226527,Louisiana,Numbers may differ from published reports using final data. See Technical Notes.,**,1030
LA,2017,November,12 month-ending,Number of Drug Overdose Deaths,1059,100,0.002205996,Louisiana,Numbers may differ from published reports using final data. See Technical Notes.,**,1059
LA,2017,October,12 month-ending,Number of Drug Overdose Deaths,1015,100,0.002218869,Louisiana,Numbers may differ from published reports using final data. See Technical Notes.,**,1015
LA,2017,September,12 month-ending,Number of Drug Overdose Deaths,1014,100,0.002221284,Louisiana,Numbers may differ from published reports using final data. See Technical Notes.,**,1014
LA,2018,April,12 month-ending,Number of Drug Overdose Deaths,1174,100,0.002148828,Louisiana,Numbers may differ from published reports using final data. See Technical Notes.,**,1174
LA,2018,August,12 month-ending,Number of Drug Overdose Deaths,1202,100,0,Louisiana,Numbers may differ from published reports using final data. See Technical Notes.,**,1202
LA,2018,December,12 month-ending,Number of Drug Overdose Deaths,1167,100,0.002165111,Louisiana,Numbers may differ from published reports using final data. See Technical Notes.,**,1167
LA,2018,February,12 month-ending,Number of Drug Overdose Deaths,1136,100,0.002132469,Louisiana,Numbers may differ from published reports using final data. See Technical Notes.,**,1136
LA,2018,January,12 month-ending,Number of Drug Overdose Deaths,1113,100,0.00213762,Louisiana,Numbers may differ from published reports using final data. See Technical Notes.,**,1113
LA,2018,July,12 month-ending,Number of Drug Overdose Deaths,1210,100,0,Louisiana,Numbers may differ from published reports using final data. See Technical Notes.,**,1210
LA,2018,June,12 month-ending,Number of Drug Overdose Deaths,1212,100,0,Louisiana,Numbers may differ from published reports using final data. See Technical Notes.,**,1212
LA,2018,March,12 month-ending,Number of Drug Overdose Deaths,1167,100,0.002145969,Louisiana,Numbers may differ from published reports using final data. See Technical Notes.,**,1167
LA,2018,May,12 month-ending,Number of Drug Overdose Deaths,1203,100,0.002145048,Louisiana,Numbers may differ from published reports using final data. See Technical Notes.,**,1203
LA,2018,November,12 month-ending,Number of Drug Overdose Deaths,1193,100,0.002150538,Louisiana,Numbers may differ from published reports using final data. See Technical Notes.,**,1193
LA,2018,October,12 month-ending,Number of Drug Overdose Deaths,1212,100,0.002147443,Louisiana,Numbers may differ from published reports using final data. See Technical Notes.,**,1212
LA,2018,September,12 month-ending,Number of Drug Overdose Deaths,1210,100,0.002139724,Louisiana,Numbers may differ from published reports using final data. See Technical Notes.,**,1210
LA,2019,April,12 month-ending,Number of Drug Overdose Deaths,1125,100,0.002186366,Louisiana,Numbers may differ from published reports using final data. See Technical Notes.,**,1125
LA,2019,August,12 month-ending,Number of Drug Overdose Deaths,1161,100,0.00218374,Louisiana,Numbers may differ from published reports using final data. See Technical Notes.,**,1161
LA,2019,December,12 month-ending,Number of Drug Overdose Deaths,1304,100,0.004337924,Louisiana,Numbers may differ from published reports using final data. See Technical Notes.,**,1304
LA,2019,February,12 month-ending,Number of Drug Overdose Deaths,1156,100,0.002200414,Louisiana,Numbers may differ from published reports using final data. See Technical Notes.,**,1156
LA,2019,January,12 month-ending,Number of Drug Overdose Deaths,1162,100,0.002199591,Louisiana,Numbers may differ from published reports using final data. See Technical Notes.,**,1162
LA,2019,July,12 month-ending,Number of Drug Overdose Deaths,1122,100,0.002186127,Louisiana,Numbers may differ from published reports using final data. See Technical Notes.,**,1122
LA,2019,June,12 month-ending,Number of Drug Overdose Deaths,1115,100,0.002186079,Louisiana,Numbers may differ from published reports using final data. See Technical Notes.,**,1115
LA,2019,March,12 month-ending,Number of Drug Overdose Deaths,1128,100,0.002185601,Louisiana,Numbers may differ from published reports using final data. See Technical Notes.,**,1128
LA,2019,May,12 month-ending,Number of Drug Overdose Deaths,1126,100,0.002191253,Louisiana,Numbers may differ from published reports using final data. See Technical Notes.,**,1126
LA,2019,November,12 month-ending,Number of Drug Overdose Deaths,1278,100,0.002169715,Louisiana,Numbers may differ from published reports using final data. See Technical Notes.,**,1278
LA,2019,October,12 month-ending,Number of Drug Overdose Deaths,1244,100,0,Louisiana,Numbers may differ from published reports using final data. See Technical Notes.,**,1244
LA,2019,September,12 month-ending,Number of Drug Overdose Deaths,1185,100,0,Louisiana,Numbers may differ from published reports using final data. See Technical Notes.,**,1185
LA,2020,April,12 month-ending,Number of Drug Overdose Deaths,1463,100,0.006098677,Louisiana,Numbers may differ from published reports using final data. See Technical Notes.,**,1463
LA,2020,August,12 month-ending,Number of Drug Overdose Deaths,1772,100,0.005602973,Louisiana,Numbers may differ from published reports using final data. See Technical Notes.,**,1772
LA,2020,December,12 month-ending,Number of Drug Overdose Deaths,1929,100,0.001759696,Louisiana,Numbers may differ from published reports using final data. See Technical Notes.,**,1929
LA,2020,February,12 month-ending,Number of Drug Overdose Deaths,1341,100,0.00430413,Louisiana,Numbers may differ from published reports using final data. See Technical Notes.,**,1341
LA,2020,January,12 month-ending,Number of Drug Overdose Deaths,1330,100,0.004327787,Louisiana,Numbers may differ from published reports using final data. See Technical Notes.,**,1330
LA,2020,July,12 month-ending,Number of Drug Overdose Deaths,1722,100,0.005755506,Louisiana,Numbers may differ from published reports using final data. See Technical Notes.,**,1722
LA,2020,June,12 month-ending,Number of Drug Overdose Deaths,1641,100,0.005906791,Louisiana,Numbers may differ from published reports using final data. See Technical Notes.,**,1641
LA,2020,March,12 month-ending,Number of Drug Overdose Deaths,1388,100,0.004243311,Louisiana,Numbers may differ from published reports using final data. See Technical Notes.,**,1388
LA,2020,May,12 month-ending,Number of Drug Overdose Deaths,1562,100,0.005973597,Louisiana,Numbers may differ from published reports using final data. See Technical Notes.,**,1562
LA,2020,November,12 month-ending,Number of Drug Overdose Deaths,1850,100,0.003597252,Louisiana,Numbers may differ from published reports using final data. See Technical Notes.,**,1850
LA,2020,October,12 month-ending,Number of Drug Overdose Deaths,1830,100,0.00545395,Louisiana,Numbers may differ from published reports using final data. See Technical Notes.,**,1830
LA,2020,September,12 month-ending,Number of Drug Overdose Deaths,1823,100,0.005516227,Louisiana,Numbers may differ from published reports using final data. See Technical Notes.,**,1823
LA,2021,April,12 month-ending,Number of Drug Overdose Deaths,2225,100,0,Louisiana,Numbers may differ from published reports using final data. See Technical Notes.,**,2225
LA,2021,August,12 month-ending,Number of Drug Overdose Deaths,2368,100,0,Louisiana,Numbers may differ from published reports using final data. See Technical Notes.,**,2368
LA,2021,December,12 month-ending,Number of Drug Overdose Deaths,2512,100,0.005217482,Louisiana,Numbers may differ from published reports using final data. See Technical Notes.,**,2512
LA,2021,February,12 month-ending,Number of Drug Overdose Deaths,2097,100,0.001690503,Louisiana,Numbers may differ from published reports using final data. See Technical Notes.,**,2097
LA,2021,January,12 month-ending,Number of Drug Overdose Deaths,2022,100,0.001708438,Louisiana,Numbers may differ from published reports using final data. See Technical Notes.,**,2022
LA,2021,July,12 month-ending,Number of Drug Overdose Deaths,2330,100,0,Louisiana,Numbers may differ from published reports using final data. See Technical Notes.,**,2330
LA,2021,June,12 month-ending,Number of Drug Overdose Deaths,2258,100,0,Louisiana,Numbers may differ from published reports using final data. See Technical Notes.,**,2258
LA,2021,March,12 month-ending,Number of Drug Overdose Deaths,2174,100,0.001695835,Louisiana,Numbers may differ from published reports using final data. See Technical Notes.,**,2174
LA,2021,May,12 month-ending,Number of Drug Overdose Deaths,2230,100,0,Louisiana,Numbers may differ from published reports using final data. See Technical Notes.,**,2230
LA,2021,November,12 month-ending,Number of Drug Overdose Deaths,2513,100,0.003420733,Louisiana,Numbers may differ from published reports using final data. See Technical Notes.,**,2513
LA,2021,October,12 month-ending,Number of Drug Overdose Deaths,2471,100,0.001704739,Louisiana,Numbers may differ from published reports using final data. See Technical Notes.,**,2471
LA,2021,September,12 month-ending,Number of Drug Overdose Deaths,2435,100,0.001709139,Louisiana,Numbers may differ from published reports using final data. See Technical Notes.,**,2435
LA,2022,April,12 month-ending,Number of Drug Overdose Deaths,2551,100,0.005260666,Louisiana,Numbers may differ from published reports using final data. See Technical Notes.,**,2551
LA,2022,August,12 month-ending,Number of Drug Overdose Deaths,2493,100,0.022082367,Louisiana,Numbers may differ from published reports using final data. See Technical Notes.,**,2493
LA,2022,December,12 month-ending,Number of Drug Overdose Deaths,2433,100,0.022845394,Louisiana,Numbers may differ from published reports using final data. See Technical Notes.,**,2433
LA,2022,February,12 month-ending,Number of Drug Overdose Deaths,2546,100,0.005222387,Louisiana,Numbers may differ from published reports using final data. See Technical Notes.,**,2546
LA,2022,January,12 month-ending,Number of Drug Overdose Deaths,2527,100,0.005240724,Louisiana,Numbers may differ from published reports using final data. See Technical Notes.,**,2527
LA,2022,July,12 month-ending,Number of Drug Overdose Deaths,2519,100,0.012437148,Louisiana,Numbers may differ from published reports using final data. See Technical Notes.,**,2519
LA,2022,June,12 month-ending,Number of Drug Overdose Deaths,2566,100,0.010588547,Louisiana,Numbers may differ from published reports using final data. See Technical Notes.,**,2566
LA,2022,March,12 month-ending,Number of Drug Overdose Deaths,2561,100,0.005236516,Louisiana,Numbers may differ from published reports using final data. See Technical Notes.,**,2561
LA,2022,May,12 month-ending,Number of Drug Overdose Deaths,2551,100,0.008780556,Louisiana,Numbers may differ from published reports using final data. See Technical Notes.,**,2551
LA,2022,November,12 month-ending,Number of Drug Overdose Deaths,2427,100,0.020997175,Louisiana,Numbers may differ from published reports using final data. See Technical Notes.,**,2427
LA,2022,October,12 month-ending,Number of Drug Overdose Deaths,2451,100,0.022887223,Louisiana,Numbers may differ from published reports using final data. See Technical Notes.,**,2451
LA,2022,September,12 month-ending,Number of Drug Overdose Deaths,2453,100,0.02269804,Louisiana,Numbers may differ from published reports using final data. See Technical Notes.,**,2453
LA,2023,April,12 month-ending,Number of Drug Overdose Deaths,2317,100,0.035676061,Louisiana,Underreported due to incomplete data.,*,2319
LA,2023,August,12 month-ending,Number of Drug Overdose Deaths,2328,100,0.042235675,Louisiana,Underreported due to incomplete data.,*,2335
LA,2023,February,12 month-ending,Number of Drug Overdose Deaths,2366,100,0.03158248,Louisiana,Underreported due to incomplete data.,*,2366
LA,2023,January,12 month-ending,Number of Drug Overdose Deaths,2388,100,0.027230467,Louisiana,Underreported due to incomplete data.,*,2388
LA,2023,July,12 month-ending,Number of Drug Overdose Deaths,2303,100,0.042107796,Louisiana,Underreported due to incomplete data.,*,2309
LA,2023,June,12 month-ending,Number of Drug Overdose Deaths,2301,100,0.037799662,Louisiana,Underreported due to incomplete data.,*,2303
LA,2023,March,12 month-ending,Number of Drug Overdose Deaths,2334,100,0.035661218,Louisiana,Underreported due to incomplete data.,*,2337
LA,2023,May,12 month-ending,Number of Drug Overdose Deaths,2307,100,0.037716373,Louisiana,Underreported due to incomplete data.,*,2312
LA,2023,October,12 month-ending,Number of Drug Overdose Deaths,2283,100,0.056402715,Louisiana,Underreported due to incomplete data.,*,2292
LA,2023,September,12 month-ending,Number of Drug Overdose Deaths,2321,100,0.050285622,Louisiana,Underreported due to incomplete data.,*,2327
MA,2015,April,12 month-ending,Number of Drug Overdose Deaths,1376,100,1.390106019,Massachusetts,Numbers may differ from published reports using final data. See Technical Notes.,**,1642
MA,2015,August,12 month-ending,Number of Drug Overdose Deaths,1494,100,1.401598911,Massachusetts,Numbers may differ from published reports using final data. See Technical Notes.,**,1786
MA,2015,December,12 month-ending,Number of Drug Overdose Deaths,1723,100,0.813464713,Massachusetts,Numbers may differ from published reports using final data. See Technical Notes.,**,1900
MA,2015,February,12 month-ending,Number of Drug Overdose Deaths,1288,100,1.336777863,Massachusetts,Numbers may differ from published reports using final data. See Technical Notes.,**,1526
MA,2015,January,12 month-ending,Number of Drug Overdose Deaths,1296,100,1.298997265,Massachusetts,Numbers may differ from published reports using final data. See Technical Notes.,**,1527
MA,2015,July,12 month-ending,Number of Drug Overdose Deaths,1453,100,1.41156839,Massachusetts,Numbers may differ from published reports using final data. See Technical Notes.,**,1739
MA,2015,June,12 month-ending,Number of Drug Overdose Deaths,1408,100,1.406284709,Massachusetts,Numbers may differ from published reports using final data. See Technical Notes.,**,1684
MA,2015,March,12 month-ending,Number of Drug Overdose Deaths,1331,100,1.343530384,Massachusetts,Numbers may differ from published reports using final data. See Technical Notes.,**,1578
MA,2015,May,12 month-ending,Number of Drug Overdose Deaths,1395,100,1.37946398,Massachusetts,Numbers may differ from published reports using final data. See Technical Notes.,**,1662
MA,2015,November,12 month-ending,Number of Drug Overdose Deaths,1702,100,1.082837033,Massachusetts,Numbers may differ from published reports using final data. See Technical Notes.,**,1946
MA,2015,October,12 month-ending,Number of Drug Overdose Deaths,1623,100,1.274703724,Massachusetts,Numbers may differ from published reports using final data. See Technical Notes.,**,1905
MA,2015,September,12 month-ending,Number of Drug Overdose Deaths,1549,100,1.33222456,Massachusetts,Numbers may differ from published reports using final data. See Technical Notes.,**,1833
MA,2016,April,12 month-ending,Number of Drug Overdose Deaths,1889,100,0.572910279,Massachusetts,Numbers may differ from published reports using final data. See Technical Notes.,**,2019
MA,2016,August,12 month-ending,Number of Drug Overdose Deaths,2089,100,0.391358523,Massachusetts,Numbers may differ from published reports using final data. See Technical Notes.,**,2182
MA,2016,December,12 month-ending,Number of Drug Overdose Deaths,2198,100,0.480461796,Massachusetts,Numbers may differ from published reports using final data. See Technical Notes.,**,2321
MA,2016,February,12 month-ending,Number of Drug Overdose Deaths,1788,100,0.676886669,Massachusetts,Numbers may differ from published reports using final data. See Technical Notes.,**,1936
MA,2016,January,12 month-ending,Number of Drug Overdose Deaths,1738,100,0.749904966,Massachusetts,Numbers may differ from published reports using final data. See Technical Notes.,**,1900
MA,2016,July,12 month-ending,Number of Drug Overdose Deaths,2073,100,0.392654024,Massachusetts,Numbers may differ from published reports using final data. See Technical Notes.,**,2165
MA,2016,June,12 month-ending,Number of Drug Overdose Deaths,2001,100,0.447863428,Massachusetts,Numbers may differ from published reports using final data. See Technical Notes.,**,2105
MA,2016,March,12 month-ending,Number of Drug Overdose Deaths,1812,100,0.64628821,Massachusetts,Numbers may differ from published reports using final data. See Technical Notes.,**,1955
MA,2016,May,12 month-ending,Number of Drug Overdose Deaths,1932,100,0.526925914,Massachusetts,Numbers may differ from published reports using final data. See Technical Notes.,**,2053
MA,2016,November,12 month-ending,Number of Drug Overdose Deaths,2157,100,0.453261741,Massachusetts,Numbers may differ from published reports using final data. See Technical Notes.,**,2270
MA,2016,October,12 month-ending,Number of Drug Overdose Deaths,2143,100,0.369701961,Massachusetts,Numbers may differ from published reports using final data. See Technical Notes.,**,2232
MA,2016,September,12 month-ending,Number of Drug Overdose Deaths,2131,100,0.385093385,Massachusetts,Numbers may differ from published reports using final data. See Technical Notes.,**,2224
MA,2017,April,12 month-ending,Number of Drug Overdose Deaths,2168,100,0.565268164,Massachusetts,Numbers may differ from published reports using final data. See Technical Notes.,**,2314
MA,2017,August,12 month-ending,Number of Drug Overdose Deaths,2104,100,0.704828072,Massachusetts,Numbers may differ from published reports using final data. See Technical Notes.,**,2287
MA,2017,December,12 month-ending,Number of Drug Overdose Deaths,2138,100,0.602742478,Massachusetts,Numbers may differ from published reports using final data. See Technical Notes.,**,2293
MA,2017,February,12 month-ending,Number of Drug Overdose Deaths,2206,100,0.518733949,Massachusetts,Numbers may differ from published reports using final data. See Technical Notes.,**,2341
MA,2017,January,12 month-ending,Number of Drug Overdose Deaths,2224,100,0.484141376,Massachusetts,Numbers may differ from published reports using final data. See Technical Notes.,**,2350
MA,2017,July,12 month-ending,Number of Drug Overdose Deaths,2078,100,0.676369143,Massachusetts,Numbers may differ from published reports using final data. See Technical Notes.,**,2250
MA,2017,June,12 month-ending,Number of Drug Overdose Deaths,2105,100,0.654091877,Massachusetts,Numbers may differ from published reports using final data. See Technical Notes.,**,2273
MA,2017,March,12 month-ending,Number of Drug Overdose Deaths,2203,100,0.537607055,Massachusetts,Numbers may differ from published reports using final data. See Technical Notes.,**,2344
MA,2017,May,12 month-ending,Number of Drug Overdose Deaths,2143,100,0.594190141,Massachusetts,Numbers may differ from published reports using final data. See Technical Notes.,**,2296
MA,2017,November,12 month-ending,Number of Drug Overdose Deaths,2102,100,0.636343794,Massachusetts,Numbers may differ from published reports using final data. See Technical Notes.,**,2265
MA,2017,October,12 month-ending,Number of Drug Overdose Deaths,2093,100,0.701059976,Massachusetts,Numbers may differ from published reports using final data. See Technical Notes.,**,2274
MA,2017,September,12 month-ending,Number of Drug Overdose Deaths,2106,100,0.695389267,Massachusetts,Numbers may differ from published reports using final data. See Technical Notes.,**,2286
MA,2018,April,12 month-ending,Number of Drug Overdose Deaths,2166,100,0.482913579,Massachusetts,Numbers may differ from published reports using final data. See Technical Notes.,**,2288
MA,2018,August,12 month-ending,Number of Drug Overdose Deaths,2308,100,0.27951662,Massachusetts,Numbers may differ from published reports using final data. See Technical Notes.,**,2377
MA,2018,December,12 month-ending,Number of Drug Overdose Deaths,2238,100,0.161564343,Massachusetts,Numbers may differ from published reports using final data. See Technical Notes.,**,2272
MA,2018,February,12 month-ending,Number of Drug Overdose Deaths,2167,100,0.556372385,Massachusetts,Numbers may differ from published reports using final data. See Technical Notes.,**,2311
MA,2018,January,12 month-ending,Number of Drug Overdose Deaths,2160,100,0.583061238,Massachusetts,Numbers may differ from published reports using final data. See Technical Notes.,**,2311
MA,2018,July,12 month-ending,Number of Drug Overdose Deaths,2321,100,0.340470985,Massachusetts,Numbers may differ from published reports using final data. See Technical Notes.,**,2409
MA,2018,June,12 month-ending,Number of Drug Overdose Deaths,2289,100,0.382348522,Massachusetts,Numbers may differ from published reports using final data. See Technical Notes.,**,2388
MA,2018,March,12 month-ending,Number of Drug Overdose Deaths,2161,100,0.527020244,Massachusetts,Numbers may differ from published reports using final data. See Technical Notes.,**,2296
MA,2018,May,12 month-ending,Number of Drug Overdose Deaths,2227,100,0.454416359,Massachusetts,Numbers may differ from published reports using final data. See Technical Notes.,**,2344
MA,2018,November,12 month-ending,Number of Drug Overdose Deaths,2245,100,0.19007603,Massachusetts,Numbers may differ from published reports using final data. See Technical Notes.,**,2287
MA,2018,October,12 month-ending,Number of Drug Overdose Deaths,2254,100,0.209926526,Massachusetts,Numbers may differ from published reports using final data. See Technical Notes.,**,2302
MA,2018,September,12 month-ending,Number of Drug Overdose Deaths,2272,100,0.250304537,Massachusetts,Numbers may differ from published reports using final data. See Technical Notes.,**,2332
MA,2019,April,12 month-ending,Number of Drug Overdose Deaths,2217,100,0.190842889,Massachusetts,Numbers may differ from published reports using final data. See Technical Notes.,**,2259
MA,2019,August,12 month-ending,Number of Drug Overdose Deaths,2150,100,0.2148408,Massachusetts,Numbers may differ from published reports using final data. See Technical Notes.,**,2197
MA,2019,December,12 month-ending,Number of Drug Overdose Deaths,2215,100,0.255003607,Massachusetts,Numbers may differ from published reports using final data. See Technical Notes.,**,2274
MA,2019,February,12 month-ending,Number of Drug Overdose Deaths,2198,100,0.162558027,Massachusetts,Numbers may differ from published reports using final data. See Technical Notes.,**,2232
MA,2019,January,12 month-ending,Number of Drug Overdose Deaths,2212,100,0.160664078,Massachusetts,Numbers may differ from published reports using final data. See Technical Notes.,**,2245
MA,2019,July,12 month-ending,Number of Drug Overdose Deaths,2153,100,0.206736587,Massachusetts,Numbers may differ from published reports using final data. See Technical Notes.,**,2198
MA,2019,June,12 month-ending,Number of Drug Overdose Deaths,2170,100,0.195020259,Massachusetts,Numbers may differ from published reports using final data. See Technical Notes.,**,2212
MA,2019,March,12 month-ending,Number of Drug Overdose Deaths,2220,100,0.169298334,Massachusetts,Numbers may differ from published reports using final data. See Technical Notes.,**,2256
MA,2019,May,12 month-ending,Number of Drug Overdose Deaths,2190,100,0.188146754,Massachusetts,Numbers may differ from published reports using final data. See Technical Notes.,**,2230
MA,2019,November,12 month-ending,Number of Drug Overdose Deaths,2211,100,0.233076781,Massachusetts,Numbers may differ from published reports using final data. See Technical Notes.,**,2264
MA,2019,October,12 month-ending,Number of Drug Overdose Deaths,2191,100,0.230124469,Massachusetts,Numbers may differ from published reports using final data. See Technical Notes.,**,2243
MA,2019,September,12 month-ending,Number of Drug Overdose Deaths,2153,100,0.211562033,Massachusetts,Numbers may differ from published reports using final data. See Technical Notes.,**,2199
MA,2020,April,12 month-ending,Number of Drug Overdose Deaths,2244,100,0.21040906,Massachusetts,Numbers may differ from published reports using final data. See Technical Notes.,**,2292
MA,2020,August,12 month-ending,Number of Drug Overdose Deaths,2310,100,0.181890777,Massachusetts,Numbers may differ from published reports using final data. See Technical Notes.,**,2351
MA,2020,December,12 month-ending,Number of Drug Overdose Deaths,2296,100,0.1334668,Massachusetts,Numbers may differ from published reports using final data. See Technical Notes.,**,2323
MA,2020,February,12 month-ending,Number of Drug Overdose Deaths,2221,100,0.24661533,Massachusetts,Numbers may differ from published reports using final data. See Technical Notes.,**,2278
MA,2020,January,12 month-ending,Number of Drug Overdose Deaths,2197,100,0.255638339,Massachusetts,Numbers may differ from published reports using final data. See Technical Notes.,**,2256
MA,2020,July,12 month-ending,Number of Drug Overdose Deaths,2321,100,0.191853601,Massachusetts,Numbers may differ from published reports using final data. See Technical Notes.,**,2365
MA,2020,June,12 month-ending,Number of Drug Overdose Deaths,2298,100,0.194650072,Massachusetts,Numbers may differ from published reports using final data. See Technical Notes.,**,2342
MA,2020,March,12 month-ending,Number of Drug Overdose Deaths,2214,100,0.241981242,Massachusetts,Numbers may differ from published reports using final data. See Technical Notes.,**,2270
MA,2020,May,12 month-ending,Number of Drug Overdose Deaths,2284,100,0.199721869,Massachusetts,Numbers may differ from published reports using final data. See Technical Notes.,**,2329
MA,2020,November,12 month-ending,Number of Drug Overdose Deaths,2298,100,0.144340526,Massachusetts,Numbers may differ from published reports using final data. See Technical Notes.,**,2328
MA,2020,October,12 month-ending,Number of Drug Overdose Deaths,2308,100,0.152393916,Massachusetts,Numbers may differ from published reports using final data. See Technical Notes.,**,2340
MA,2020,September,12 month-ending,Number of Drug Overdose Deaths,2314,100,0.170133444,Massachusetts,Numbers may differ from published reports using final data. See Technical Notes.,**,2352
MA,2021,April,12 month-ending,Number of Drug Overdose Deaths,2402,100,0.123715119,Massachusetts,Numbers may differ from published reports using final data. See Technical Notes.,**,2427
MA,2021,August,12 month-ending,Number of Drug Overdose Deaths,2445,100,0.119104335,Massachusetts,Numbers may differ from published reports using final data. See Technical Notes.,**,2469
MA,2021,December,12 month-ending,Number of Drug Overdose Deaths,2555,100,0.136026768,Massachusetts,Numbers may differ from published reports using final data. See Technical Notes.,**,2586
MA,2021,February,12 month-ending,Number of Drug Overdose Deaths,2337,100,0.127397551,Massachusetts,Numbers may differ from published reports using final data. See Technical Notes.,**,2363
MA,2021,January,12 month-ending,Number of Drug Overdose Deaths,2332,100,0.132258202,Massachusetts,Numbers may differ from published reports using final data. See Technical Notes.,**,2359
MA,2021,July,12 month-ending,Number of Drug Overdose Deaths,2383,100,0.110361153,Massachusetts,Numbers may differ from published reports using final data. See Technical Notes.,**,2404
MA,2021,June,12 month-ending,Number of Drug Overdose Deaths,2381,100,0.113776581,Massachusetts,Numbers may differ from published reports using final data. See Technical Notes.,**,2403
MA,2021,March,12 month-ending,Number of Drug Overdose Deaths,2383,100,0.11946072,Massachusetts,Numbers may differ from published reports using final data. See Technical Notes.,**,2407
MA,2021,May,12 month-ending,Number of Drug Overdose Deaths,2373,100,0.119764304,Massachusetts,Numbers may differ from published reports using final data. See Technical Notes.,**,2397
MA,2021,November,12 month-ending,Number of Drug Overdose Deaths,2524,100,0.137336912,Massachusetts,Numbers may differ from published reports using final data. See Technical Notes.,**,2555
MA,2021,October,12 month-ending,Number of Drug Overdose Deaths,2510,100,0.141034883,Massachusetts,Numbers may differ from published reports using final data. See Technical Notes.,**,2542
MA,2021,September,12 month-ending,Number of Drug Overdose Deaths,2482,100,0.137219646,Massachusetts,Numbers may differ from published reports using final data. See Technical Notes.,**,2512
MA,2022,April,12 month-ending,Number of Drug Overdose Deaths,2562,100,0.137504297,Massachusetts,Numbers may differ from published reports using final data. See Technical Notes.,**,2593
MA,2022,August,12 month-ending,Number of Drug Overdose Deaths,2606,100,0.160039394,Massachusetts,Numbers may differ from published reports using final data. See Technical Notes.,**,2645
MA,2022,December,12 month-ending,Number of Drug Overdose Deaths,2647,100,0.174389636,Massachusetts,Numbers may differ from published reports using final data. See Technical Notes.,**,2691
MA,2022,February,12 month-ending,Number of Drug Overdose Deaths,2578,100,0.126235078,Massachusetts,Numbers may differ from published reports using final data. See Technical Notes.,**,2606
MA,2022,January,12 month-ending,Number of Drug Overdose Deaths,2558,100,0.132268957,Massachusetts,Numbers may differ from published reports using final data. See Technical Notes.,**,2588
MA,2022,July,12 month-ending,Number of Drug Overdose Deaths,2626,100,0.164978337,Massachusetts,Numbers may differ from published reports using final data. See Technical Notes.,**,2667
MA,2022,June,12 month-ending,Number of Drug Overdose Deaths,2598,100,0.168722815,Massachusetts,Numbers may differ from published reports using final data. See Technical Notes.,**,2640
MA,2022,March,12 month-ending,Number of Drug Overdose Deaths,2560,100,0.131161876,Massachusetts,Numbers may differ from published reports using final data. See Technical Notes.,**,2589
MA,2022,May,12 month-ending,Number of Drug Overdose Deaths,2580,100,0.147669159,Massachusetts,Numbers may differ from published reports using final data. See Technical Notes.,**,2615
MA,2022,November,12 month-ending,Number of Drug Overdose Deaths,2650,100,0.179638864,Massachusetts,Numbers may differ from published reports using final data. See Technical Notes.,**,2696
MA,2022,October,12 month-ending,Number of Drug Overdose Deaths,2635,100,0.16634066,Massachusetts,Numbers may differ from published reports using final data. See Technical Notes.,**,2676
MA,2022,September,12 month-ending,Number of Drug Overdose Deaths,2607,100,0.152664693,Massachusetts,Numbers may differ from published reports using final data. See Technical Notes.,**,2644
MA,2023,April,12 month-ending,Number of Drug Overdose Deaths,2584,100,0.176378053,Massachusetts,Underreported due to incomplete data.,*,2630
MA,2023,August,12 month-ending,Number of Drug Overdose Deaths,2543,100,0.138172587,Massachusetts,Underreported due to incomplete data.,*,2580
MA,2023,February,12 month-ending,Number of Drug Overdose Deaths,2641,100,0.18029805,Massachusetts,Underreported due to incomplete data.,*,2682
MA,2023,January,12 month-ending,Number of Drug Overdose Deaths,2673,100,0.181050091,Massachusetts,Underreported due to incomplete data.,*,2705
MA,2023,July,12 month-ending,Number of Drug Overdose Deaths,2552,100,0.14270825,Massachusetts,Underreported due to incomplete data.,*,2590
MA,2023,June,12 month-ending,Number of Drug Overdose Deaths,2600,100,0.148612154,Massachusetts,Underreported due to incomplete data.,*,2637
MA,2023,March,12 month-ending,Number of Drug Overdose Deaths,2625,100,0.179913387,Massachusetts,Underreported due to incomplete data.,*,2674
MA,2023,May,12 month-ending,Number of Drug Overdose Deaths,2614,100,0.169215542,Massachusetts,Underreported due to incomplete data.,*,2661
MA,2023,October,12 month-ending,Number of Drug Overdose Deaths,2440,100,0.138691782,Massachusetts,Underreported due to incomplete data.,*,2474
MA,2023,September,12 month-ending,Number of Drug Overdose Deaths,2524,100,0.146217623,Massachusetts,Underreported due to incomplete data.,*,2560
MD,2015,April,12 month-ending,Number of Drug Overdose Deaths,1125,100,0.01065462,Maryland,Numbers may differ from published reports using final data. See Technical Notes.,**,1125
MD,2015,August,12 month-ending,Number of Drug Overdose Deaths,1169,100,0.010535854,Maryland,Numbers may differ from published reports using final data. See Technical Notes.,**,1169
MD,2015,December,12 month-ending,Number of Drug Overdose Deaths,1320,100,0.021203511,Maryland,Numbers may differ from published reports using final data. See Technical Notes.,**,1320
MD,2015,February,12 month-ending,Number of Drug Overdose Deaths,1115,100,0.008553405,Maryland,Numbers may differ from published reports using final data. See Technical Notes.,**,1115
MD,2015,January,12 month-ending,Number of Drug Overdose Deaths,1078,100,0.008585165,Maryland,Numbers may differ from published reports using final data. See Technical Notes.,**,1078
MD,2015,July,12 month-ending,Number of Drug Overdose Deaths,1146,100,0.01055164,Maryland,Numbers may differ from published reports using final data. See Technical Notes.,**,1146
MD,2015,June,12 month-ending,Number of Drug Overdose Deaths,1137,100,0.010570601,Maryland,Numbers may differ from published reports using final data. See Technical Notes.,**,1137
MD,2015,March,12 month-ending,Number of Drug Overdose Deaths,1129,100,0.008543722,Maryland,Numbers may differ from published reports using final data. See Technical Notes.,**,1129
MD,2015,May,12 month-ending,Number of Drug Overdose Deaths,1137,100,0.010616838,Maryland,Numbers may differ from published reports using final data. See Technical Notes.,**,1137
MD,2015,November,12 month-ending,Number of Drug Overdose Deaths,1282,100,0.021015909,Maryland,Numbers may differ from published reports using final data. See Technical Notes.,**,1282
MD,2015,October,12 month-ending,Number of Drug Overdose Deaths,1251,100,0.018895654,Maryland,Numbers may differ from published reports using final data. See Technical Notes.,**,1251
MD,2015,September,12 month-ending,Number of Drug Overdose Deaths,1212,100,0.014741497,Maryland,Numbers may differ from published reports using final data. See Technical Notes.,**,1212
MD,2016,April,12 month-ending,Number of Drug Overdose Deaths,1479,100,0.019190584,Maryland,Numbers may differ from published reports using final data. See Technical Notes.,**,1479
MD,2016,August,12 month-ending,Number of Drug Overdose Deaths,1848,100,0.027340792,Maryland,Numbers may differ from published reports using final data. See Technical Notes.,**,1848
MD,2016,December,12 month-ending,Number of Drug Overdose Deaths,2074,100,0.016437906,Maryland,Numbers may differ from published reports using final data. See Technical Notes.,**,2074
MD,2016,February,12 month-ending,Number of Drug Overdose Deaths,1336,100,0.021419698,Maryland,Numbers may differ from published reports using final data. See Technical Notes.,**,1336
MD,2016,January,12 month-ending,Number of Drug Overdose Deaths,1303,100,0.021452322,Maryland,Numbers may differ from published reports using final data. See Technical Notes.,**,1303
MD,2016,July,12 month-ending,Number of Drug Overdose Deaths,1758,100,0.027475431,Maryland,Numbers may differ from published reports using final data. See Technical Notes.,**,1758
MD,2016,June,12 month-ending,Number of Drug Overdose Deaths,1683,100,0.025466893,Maryland,Numbers may differ from published reports using final data. See Technical Notes.,**,1683
MD,2016,March,12 month-ending,Number of Drug Overdose Deaths,1381,100,0.021418321,Maryland,Numbers may differ from published reports using final data. See Technical Notes.,**,1381
MD,2016,May,12 month-ending,Number of Drug Overdose Deaths,1580,100,0.023377396,Maryland,Numbers may differ from published reports using final data. See Technical Notes.,**,1580
MD,2016,November,12 month-ending,Number of Drug Overdose Deaths,1997,100,0.018613886,Maryland,Numbers may differ from published reports using final data. See Technical Notes.,**,1997
MD,2016,October,12 month-ending,Number of Drug Overdose Deaths,1945,100,0.022895202,Maryland,Numbers may differ from published reports using final data. See Technical Notes.,**,1945
MD,2016,September,12 month-ending,Number of Drug Overdose Deaths,1907,100,0.02506894,Maryland,Numbers may differ from published reports using final data. See Technical Notes.,**,1907
MD,2017,April,12 month-ending,Number of Drug Overdose Deaths,2265,100,0.020171051,Maryland,Numbers may differ from published reports using final data. See Technical Notes.,**,2265
MD,2017,August,12 month-ending,Number of Drug Overdose Deaths,2250,100,0.02421845,Maryland,Numbers may differ from published reports using final data. See Technical Notes.,**,2250
MD,2017,December,12 month-ending,Number of Drug Overdose Deaths,2284,100,0.036239179,Maryland,Numbers may differ from published reports using final data. See Technical Notes.,**,2284
MD,2017,February,12 month-ending,Number of Drug Overdose Deaths,2188,100,0.018296774,Maryland,Numbers may differ from published reports using final data. See Technical Notes.,**,2188
MD,2017,January,12 month-ending,Number of Drug Overdose Deaths,2174,100,0.016316208,Maryland,Numbers may differ from published reports using final data. See Technical Notes.,**,2174
MD,2017,July,12 month-ending,Number of Drug Overdose Deaths,2259,100,0.022208762,Maryland,Numbers may differ from published reports using final data. See Technical Notes.,**,2259
MD,2017,June,12 month-ending,Number of Drug Overdose Deaths,2273,100,0.024167237,Maryland,Numbers may differ from published reports using final data. See Technical Notes.,**,2273
MD,2017,March,12 month-ending,Number of Drug Overdose Deaths,2230,100,0.020206511,Maryland,Numbers may differ from published reports using final data. See Technical Notes.,**,2230
MD,2017,May,12 month-ending,Number of Drug Overdose Deaths,2267,100,0.020179191,Maryland,Numbers may differ from published reports using final data. See Technical Notes.,**,2267
MD,2017,November,12 month-ending,Number of Drug Overdose Deaths,2285,100,0.032297786,Maryland,Numbers may differ from published reports using final data. See Technical Notes.,**,2285
MD,2017,October,12 month-ending,Number of Drug Overdose Deaths,2277,100,0.026248309,Maryland,Numbers may differ from published reports using final data. See Technical Notes.,**,2277
MD,2017,September,12 month-ending,Number of Drug Overdose Deaths,2262,100,0.024201843,Maryland,Numbers may differ from published reports using final data. See Technical Notes.,**,2262
MD,2018,April,12 month-ending,Number of Drug Overdose Deaths,2410,100,0.032100797,Maryland,Numbers may differ from published reports using final data. See Technical Notes.,**,2410
MD,2018,August,12 month-ending,Number of Drug Overdose Deaths,2428,100,0.025987006,Maryland,Numbers may differ from published reports using final data. See Technical Notes.,**,2428
MD,2018,December,12 month-ending,Number of Drug Overdose Deaths,2393,100,0.03580522,Maryland,Numbers may differ from published reports using final data. See Technical Notes.,**,2393
MD,2018,February,12 month-ending,Number of Drug Overdose Deaths,2359,100,0.034026541,Maryland,Numbers may differ from published reports using final data. See Technical Notes.,**,2359
MD,2018,January,12 month-ending,Number of Drug Overdose Deaths,2289,100,0.036030265,Maryland,Numbers may differ from published reports using final data. See Technical Notes.,**,2289
MD,2018,July,12 month-ending,Number of Drug Overdose Deaths,2432,100,0.021975388,Maryland,Numbers may differ from published reports using final data. See Technical Notes.,**,2432
MD,2018,June,12 month-ending,Number of Drug Overdose Deaths,2438,100,0.022065313,Maryland,Numbers may differ from published reports using final data. See Technical Notes.,**,2438
MD,2018,March,12 month-ending,Number of Drug Overdose Deaths,2397,100,0.03205064,Maryland,Numbers may differ from published reports using final data. See Technical Notes.,**,2397
MD,2018,May,12 month-ending,Number of Drug Overdose Deaths,2425,100,0.028103985,Maryland,Numbers may differ from published reports using final data. See Technical Notes.,**,2425
MD,2018,November,12 month-ending,Number of Drug Overdose Deaths,2412,100,0.033902361,Maryland,Numbers may differ from published reports using final data. See Technical Notes.,**,2412
MD,2018,October,12 month-ending,Number of Drug Overdose Deaths,2413,100,0.033948398,Maryland,Numbers may differ from published reports using final data. See Technical Notes.,**,2413
MD,2018,September,12 month-ending,Number of Drug Overdose Deaths,2420,100,0.030039652,Maryland,Numbers may differ from published reports using final data. See Technical Notes.,**,2420
MD,2019,April,12 month-ending,Number of Drug Overdose Deaths,2324,100,0.039844606,Maryland,Numbers may differ from published reports using final data. See Technical Notes.,**,2325
MD,2019,August,12 month-ending,Number of Drug Overdose Deaths,2328,100,0.03968254,Maryland,Numbers may differ from published reports using final data. See Technical Notes.,**,2329
MD,2019,December,12 month-ending,Number of Drug Overdose Deaths,2360,100,0.039614943,Maryland,Numbers may differ from published reports using final data. See Technical Notes.,**,2361
MD,2019,February,12 month-ending,Number of Drug Overdose Deaths,2353,100,0.038182512,Maryland,Numbers may differ from published reports using final data. See Technical Notes.,**,2353
MD,2019,January,12 month-ending,Number of Drug Overdose Deaths,2392,100,0.03806471,Maryland,Numbers may differ from published reports using final data. See Technical Notes.,**,2392
MD,2019,July,12 month-ending,Number of Drug Overdose Deaths,2284,100,0.041722131,Maryland,Numbers may differ from published reports using final data. See Technical Notes.,**,2285
MD,2019,June,12 month-ending,Number of Drug Overdose Deaths,2261,100,0.039710116,Maryland,Numbers may differ from published reports using final data. See Technical Notes.,**,2262
MD,2019,March,12 month-ending,Number of Drug Overdose Deaths,2341,100,0.039983207,Maryland,Numbers may differ from published reports using final data. See Technical Notes.,**,2342
MD,2019,May,12 month-ending,Number of Drug Overdose Deaths,2289,100,0.039732205,Maryland,Numbers may differ from published reports using final data. See Technical Notes.,**,2290
MD,2019,November,12 month-ending,Number of Drug Overdose Deaths,2374,100,0.031603065,Maryland,Numbers may differ from published reports using final data. See Technical Notes.,**,2374
MD,2019,October,12 month-ending,Number of Drug Overdose Deaths,2355,100,0.033694726,Maryland,Numbers may differ from published reports using final data. See Technical Notes.,**,2355
MD,2019,September,12 month-ending,Number of Drug Overdose Deaths,2341,100,0.033698065,Maryland,Numbers may differ from published reports using final data. See Technical Notes.,**,2341
MD,2020,April,12 month-ending,Number of Drug Overdose Deaths,2373,100,0.038073482,Maryland,Numbers may differ from published reports using final data. See Technical Notes.,**,2373
MD,2020,August,12 month-ending,Number of Drug Overdose Deaths,2556,100,0.035516409,Maryland,Numbers may differ from published reports using final data. See Technical Notes.,**,2556
MD,2020,December,12 month-ending,Number of Drug Overdose Deaths,2761,100,0.023472604,Maryland,Numbers may differ from published reports using final data. See Technical Notes.,**,2761
MD,2020,February,12 month-ending,Number of Drug Overdose Deaths,2360,100,0.037539021,Maryland,Numbers may differ from published reports using final data. See Technical Notes.,**,2360
MD,2020,January,12 month-ending,Number of Drug Overdose Deaths,2334,100,0.03766553,Maryland,Numbers may differ from published reports using final data. See Technical Notes.,**,2334
MD,2020,July,12 month-ending,Number of Drug Overdose Deaths,2526,100,0.039458345,Maryland,Numbers may differ from published reports using final data. See Technical Notes.,**,2527
MD,2020,June,12 month-ending,Number of Drug Overdose Deaths,2491,100,0.039838473,Maryland,Numbers may differ from published reports using final data. See Technical Notes.,**,2492
MD,2020,March,12 month-ending,Number of Drug Overdose Deaths,2381,100,0.037474606,Maryland,Numbers may differ from published reports using final data. See Technical Notes.,**,2381
MD,2020,May,12 month-ending,Number of Drug Overdose Deaths,2450,100,0.038534938,Maryland,Numbers may differ from published reports using final data. See Technical Notes.,**,2450
MD,2020,November,12 month-ending,Number of Drug Overdose Deaths,2725,100,0.034496438,Maryland,Numbers may differ from published reports using final data. See Technical Notes.,**,2725
MD,2020,October,12 month-ending,Number of Drug Overdose Deaths,2698,100,0.031370362,Maryland,Numbers may differ from published reports using final data. See Technical Notes.,**,2698
MD,2020,September,12 month-ending,Number of Drug Overdose Deaths,2612,100,0.038694245,Maryland,Numbers may differ from published reports using final data. See Technical Notes.,**,2613
MD,2021,April,12 month-ending,Number of Drug Overdose Deaths,2872,100,0.029615492,Maryland,Numbers may differ from published reports using final data. See Technical Notes.,**,2872
MD,2021,August,12 month-ending,Number of Drug Overdose Deaths,2843,100,0.04314585,Maryland,Numbers may differ from published reports using final data. See Technical Notes.,**,2845
MD,2021,December,12 month-ending,Number of Drug Overdose Deaths,2724,100,0.127009534,Maryland,Numbers may differ from published reports using final data. See Technical Notes.,**,2754
MD,2021,February,12 month-ending,Number of Drug Overdose Deaths,2829,100,0.029083389,Maryland,Numbers may differ from published reports using final data. See Technical Notes.,**,2829
MD,2021,January,12 month-ending,Number of Drug Overdose Deaths,2832,100,0.027770064,Maryland,Numbers may differ from published reports using final data. See Technical Notes.,**,2832
MD,2021,July,12 month-ending,Number of Drug Overdose Deaths,2890,100,0.036095498,Maryland,Numbers may differ from published reports using final data. See Technical Notes.,**,2890
MD,2021,June,12 month-ending,Number of Drug Overdose Deaths,2868,100,0.034130275,Maryland,Numbers may differ from published reports using final data. See Technical Notes.,**,2868
MD,2021,March,12 month-ending,Number of Drug Overdose Deaths,2830,100,0.027353178,Maryland,Numbers may differ from published reports using final data. See Technical Notes.,**,2830
MD,2021,May,12 month-ending,Number of Drug Overdose Deaths,2857,100,0.032065887,Maryland,Numbers may differ from published reports using final data. See Technical Notes.,**,2857
MD,2021,November,12 month-ending,Number of Drug Overdose Deaths,2719,100,0.091145162,Maryland,Numbers may differ from published reports using final data. See Technical Notes.,**,2737
MD,2021,October,12 month-ending,Number of Drug Overdose Deaths,2753,100,0.075290897,Maryland,Numbers may differ from published reports using final data. See Technical Notes.,**,2766
MD,2021,September,12 month-ending,Number of Drug Overdose Deaths,2808,100,0.049760634,Maryland,Numbers may differ from published reports using final data. See Technical Notes.,**,2812
MD,2022,April,12 month-ending,Number of Drug Overdose Deaths,2640,100,0.138930412,Maryland,Numbers may differ from published reports using final data. See Technical Notes.,**,2673
MD,2022,August,12 month-ending,Number of Drug Overdose Deaths,2479,100,0.133614627,Maryland,Numbers may differ from published reports using final data. See Technical Notes.,**,2508
MD,2022,December,12 month-ending,Number of Drug Overdose Deaths,2523,100,0.084532374,Maryland,Numbers may differ from published reports using final data. See Technical Notes.,**,2537
MD,2022,February,12 month-ending,Number of Drug Overdose Deaths,2703,100,0.129881375,Maryland,Numbers may differ from published reports using final data. See Technical Notes.,**,2733
MD,2022,January,12 month-ending,Number of Drug Overdose Deaths,2699,100,0.12572767,Maryland,Numbers may differ from published reports using final data. See Technical Notes.,**,2728
MD,2022,July,12 month-ending,Number of Drug Overdose Deaths,2487,100,0.140689024,Maryland,Numbers may differ from published reports using final data. See Technical Notes.,**,2518
MD,2022,June,12 month-ending,Number of Drug Overdose Deaths,2529,100,0.144406875,Maryland,Numbers may differ from published reports using final data. See Technical Notes.,**,2562
MD,2022,March,12 month-ending,Number of Drug Overdose Deaths,2690,100,0.135980893,Maryland,Numbers may differ from published reports using final data. See Technical Notes.,**,2722
MD,2022,May,12 month-ending,Number of Drug Overdose Deaths,2576,100,0.14668976,Maryland,Numbers may differ from published reports using final data. See Technical Notes.,**,2610
MD,2022,November,12 month-ending,Number of Drug Overdose Deaths,2501,100,0.108808105,Maryland,Numbers may differ from published reports using final data. See Technical Notes.,**,2523
MD,2022,October,12 month-ending,Number of Drug Overdose Deaths,2445,100,0.117926635,Maryland,Numbers may differ from published reports using final data. See Technical Notes.,**,2469
MD,2022,September,12 month-ending,Number of Drug Overdose Deaths,2459,100,0.134957559,Maryland,Numbers may differ from published reports using final data. See Technical Notes.,**,2488
MD,2023,April,12 month-ending,Number of Drug Overdose Deaths,2488,100,0.091755145,Maryland,Underreported due to incomplete data.,*,2507
MD,2023,August,12 month-ending,Number of Drug Overdose Deaths,2539,100,0.13041506,Maryland,Underreported due to incomplete data.,*,2574
MD,2023,February,12 month-ending,Number of Drug Overdose Deaths,2486,100,0.087768441,Maryland,Underreported due to incomplete data.,*,2497
MD,2023,January,12 month-ending,Number of Drug Overdose Deaths,2504,100,0.087245457,Maryland,Underreported due to incomplete data.,*,2506
MD,2023,July,12 month-ending,Number of Drug Overdose Deaths,2536,100,0.111478507,Maryland,Underreported due to incomplete data.,*,2564
MD,2023,June,12 month-ending,Number of Drug Overdose Deaths,2535,100,0.103587908,Maryland,Underreported due to incomplete data.,*,2557
MD,2023,March,12 month-ending,Number of Drug Overdose Deaths,2463,100,0.087871819,Maryland,Underreported due to incomplete data.,*,2481
MD,2023,May,12 month-ending,Number of Drug Overdose Deaths,2515,100,0.091875574,Maryland,Underreported due to incomplete data.,*,2537
MD,2023,October,12 month-ending,Number of Drug Overdose Deaths,2530,100,0.215704825,Maryland,Underreported due to incomplete data.,*,2590
MD,2023,September,12 month-ending,Number of Drug Overdose Deaths,2514,100,0.172120295,Maryland,Underreported due to incomplete data.,*,2558
ME,2015,April,12 month-ending,Number of Drug Overdose Deaths,243,100,0.021439291,Maine,Numbers may differ from published reports using final data. See Technical Notes.,**,243
ME,2015,August,12 month-ending,Number of Drug Overdose Deaths,245,100,0.014105367,Maine,Numbers may differ from published reports using final data. See Technical Notes.,**,245
ME,2015,December,12 month-ending,Number of Drug Overdose Deaths,267,100,0,Maine,Numbers may differ from published reports using final data. See Technical Notes.,**,267
ME,2015,February,12 month-ending,Number of Drug Overdose Deaths,218,100,0.043336945,Maine,Numbers may differ from published reports using final data. See Technical Notes.,**,219
ME,2015,January,12 month-ending,Number of Drug Overdose Deaths,213,100,0.058706979,Maine,Numbers may differ from published reports using final data. See Technical Notes.,**,214
ME,2015,July,12 month-ending,Number of Drug Overdose Deaths,253,100,0.014232849,Maine,Numbers may differ from published reports using final data. See Technical Notes.,**,253
ME,2015,June,12 month-ending,Number of Drug Overdose Deaths,238,100,0.014269406,Maine,Numbers may differ from published reports using final data. See Technical Notes.,**,238
ME,2015,March,12 month-ending,Number of Drug Overdose Deaths,230,100,0.028774908,Maine,Numbers may differ from published reports using final data. See Technical Notes.,**,230
ME,2015,May,12 month-ending,Number of Drug Overdose Deaths,239,100,0.014262283,Maine,Numbers may differ from published reports using final data. See Technical Notes.,**,239
ME,2015,November,12 month-ending,Number of Drug Overdose Deaths,271,100,0,Maine,Numbers may differ from published reports using final data. See Technical Notes.,**,271
ME,2015,October,12 month-ending,Number of Drug Overdose Deaths,265,100,0.006959911,Maine,Numbers may differ from published reports using final data. See Technical Notes.,**,265
ME,2015,September,12 month-ending,Number of Drug Overdose Deaths,258,100,0.006994964,Maine,Numbers may differ from published reports using final data. See Technical Notes.,**,258
ME,2016,April,12 month-ending,Number of Drug Overdose Deaths,290,100,0,Maine,Numbers may differ from published reports using final data. See Technical Notes.,**,290
ME,2016,August,12 month-ending,Number of Drug Overdose Deaths,345,100,0,Maine,Numbers may differ from published reports using final data. See Technical Notes.,**,345
ME,2016,December,12 month-ending,Number of Drug Overdose Deaths,357,100,0,Maine,Numbers may differ from published reports using final data. See Technical Notes.,**,357
ME,2016,February,12 month-ending,Number of Drug Overdose Deaths,271,100,0,Maine,Numbers may differ from published reports using final data. See Technical Notes.,**,271
ME,2016,January,12 month-ending,Number of Drug Overdose Deaths,270,100,0,Maine,Numbers may differ from published reports using final data. See Technical Notes.,**,270
ME,2016,July,12 month-ending,Number of Drug Overdose Deaths,334,100,0,Maine,Numbers may differ from published reports using final data. See Technical Notes.,**,334
ME,2016,June,12 month-ending,Number of Drug Overdose Deaths,327,100,0,Maine,Numbers may differ from published reports using final data. See Technical Notes.,**,327
ME,2016,March,12 month-ending,Number of Drug Overdose Deaths,279,100,0,Maine,Numbers may differ from published reports using final data. See Technical Notes.,**,279
ME,2016,May,12 month-ending,Number of Drug Overdose Deaths,303,100,0,Maine,Numbers may differ from published reports using final data. See Technical Notes.,**,303
ME,2016,November,12 month-ending,Number of Drug Overdose Deaths,341,100,0,Maine,Numbers may differ from published reports using final data. See Technical Notes.,**,341
ME,2016,October,12 month-ending,Number of Drug Overdose Deaths,337,100,0,Maine,Numbers may differ from published reports using final data. See Technical Notes.,**,337
ME,2016,September,12 month-ending,Number of Drug Overdose Deaths,342,100,0,Maine,Numbers may differ from published reports using final data. See Technical Notes.,**,342
ME,2017,April,12 month-ending,Number of Drug Overdose Deaths,375,100,0,Maine,Numbers may differ from published reports using final data. See Technical Notes.,**,375
ME,2017,August,12 month-ending,Number of Drug Overdose Deaths,362,100,0,Maine,Numbers may differ from published reports using final data. See Technical Notes.,**,362
ME,2017,December,12 month-ending,Number of Drug Overdose Deaths,409,100,0,Maine,Numbers may differ from published reports using final data. See Technical Notes.,**,409
ME,2017,February,12 month-ending,Number of Drug Overdose Deaths,366,100,0,Maine,Numbers may differ from published reports using final data. See Technical Notes.,**,366
ME,2017,January,12 month-ending,Number of Drug Overdose Deaths,368,100,0,Maine,Numbers may differ from published reports using final data. See Technical Notes.,**,368
ME,2017,July,12 month-ending,Number of Drug Overdose Deaths,355,100,0,Maine,Numbers may differ from published reports using final data. See Technical Notes.,**,355
ME,2017,June,12 month-ending,Number of Drug Overdose Deaths,356,100,0,Maine,Numbers may differ from published reports using final data. See Technical Notes.,**,356
ME,2017,March,12 month-ending,Number of Drug Overdose Deaths,368,100,0,Maine,Numbers may differ from published reports using final data. See Technical Notes.,**,368
ME,2017,May,12 month-ending,Number of Drug Overdose Deaths,369,100,0,Maine,Numbers may differ from published reports using final data. See Technical Notes.,**,369
ME,2017,November,12 month-ending,Number of Drug Overdose Deaths,396,100,0,Maine,Numbers may differ from published reports using final data. See Technical Notes.,**,396
ME,2017,October,12 month-ending,Number of Drug Overdose Deaths,394,100,0,Maine,Numbers may differ from published reports using final data. See Technical Notes.,**,394
ME,2017,September,12 month-ending,Number of Drug Overdose Deaths,376,100,0,Maine,Numbers may differ from published reports using final data. See Technical Notes.,**,376
ME,2018,April,12 month-ending,Number of Drug Overdose Deaths,404,100,0,Maine,Numbers may differ from published reports using final data. See Technical Notes.,**,404
ME,2018,August,12 month-ending,Number of Drug Overdose Deaths,402,100,0,Maine,Numbers may differ from published reports using final data. See Technical Notes.,**,402
ME,2018,December,12 month-ending,Number of Drug Overdose Deaths,338,100,0,Maine,Numbers may differ from published reports using final data. See Technical Notes.,**,338
ME,2018,February,12 month-ending,Number of Drug Overdose Deaths,411,100,0,Maine,Numbers may differ from published reports using final data. See Technical Notes.,**,411
ME,2018,January,12 month-ending,Number of Drug Overdose Deaths,408,100,0,Maine,Numbers may differ from published reports using final data. See Technical Notes.,**,408
ME,2018,July,12 month-ending,Number of Drug Overdose Deaths,404,100,0,Maine,Numbers may differ from published reports using final data. See Technical Notes.,**,404
ME,2018,June,12 month-ending,Number of Drug Overdose Deaths,404,100,0,Maine,Numbers may differ from published reports using final data. See Technical Notes.,**,404
ME,2018,March,12 month-ending,Number of Drug Overdose Deaths,410,100,0,Maine,Numbers may differ from published reports using final data. See Technical Notes.,**,410
ME,2018,May,12 month-ending,Number of Drug Overdose Deaths,402,100,0,Maine,Numbers may differ from published reports using final data. See Technical Notes.,**,402
ME,2018,November,12 month-ending,Number of Drug Overdose Deaths,367,100,0,Maine,Numbers may differ from published reports using final data. See Technical Notes.,**,367
ME,2018,October,12 month-ending,Number of Drug Overdose Deaths,370,100,0,Maine,Numbers may differ from published reports using final data. See Technical Notes.,**,370
ME,2018,September,12 month-ending,Number of Drug Overdose Deaths,385,100,0,Maine,Numbers may differ from published reports using final data. See Technical Notes.,**,385
ME,2019,April,12 month-ending,Number of Drug Overdose Deaths,310,100,0,Maine,Numbers may differ from published reports using final data. See Technical Notes.,**,310
ME,2019,August,12 month-ending,Number of Drug Overdose Deaths,330,100,0,Maine,Numbers may differ from published reports using final data. See Technical Notes.,**,330
ME,2019,December,12 month-ending,Number of Drug Overdose Deaths,362,100,0,Maine,Numbers may differ from published reports using final data. See Technical Notes.,**,362
ME,2019,February,12 month-ending,Number of Drug Overdose Deaths,330,100,0,Maine,Numbers may differ from published reports using final data. See Technical Notes.,**,330
ME,2019,January,12 month-ending,Number of Drug Overdose Deaths,324,100,0,Maine,Numbers may differ from published reports using final data. See Technical Notes.,**,324
ME,2019,July,12 month-ending,Number of Drug Overdose Deaths,322,100,0,Maine,Numbers may differ from published reports using final data. See Technical Notes.,**,322
ME,2019,June,12 month-ending,Number of Drug Overdose Deaths,328,100,0,Maine,Numbers may differ from published reports using final data. See Technical Notes.,**,328
ME,2019,March,12 month-ending,Number of Drug Overdose Deaths,318,100,0,Maine,Numbers may differ from published reports using final data. See Technical Notes.,**,318
ME,2019,May,12 month-ending,Number of Drug Overdose Deaths,319,100,0,Maine,Numbers may differ from published reports using final data. See Technical Notes.,**,319
ME,2019,November,12 month-ending,Number of Drug Overdose Deaths,356,100,0,Maine,Numbers may differ from published reports using final data. See Technical Notes.,**,356
ME,2019,October,12 month-ending,Number of Drug Overdose Deaths,358,100,0,Maine,Numbers may differ from published reports using final data. See Technical Notes.,**,358
ME,2019,September,12 month-ending,Number of Drug Overdose Deaths,334,100,0,Maine,Numbers may differ from published reports using final data. See Technical Notes.,**,334
ME,2020,April,12 month-ending,Number of Drug Overdose Deaths,425,100,0,Maine,Numbers may differ from published reports using final data. See Technical Notes.,**,425
ME,2020,August,12 month-ending,Number of Drug Overdose Deaths,454,100,0,Maine,Numbers may differ from published reports using final data. See Technical Notes.,**,454
ME,2020,December,12 month-ending,Number of Drug Overdose Deaths,490,100,0.006402049,Maine,Numbers may differ from published reports using final data. See Technical Notes.,**,490
ME,2020,February,12 month-ending,Number of Drug Overdose Deaths,401,100,0,Maine,Numbers may differ from published reports using final data. See Technical Notes.,**,401
ME,2020,January,12 month-ending,Number of Drug Overdose Deaths,390,100,0,Maine,Numbers may differ from published reports using final data. See Technical Notes.,**,390
ME,2020,July,12 month-ending,Number of Drug Overdose Deaths,456,100,0,Maine,Numbers may differ from published reports using final data. See Technical Notes.,**,456
ME,2020,June,12 month-ending,Number of Drug Overdose Deaths,444,100,0,Maine,Numbers may differ from published reports using final data. See Technical Notes.,**,444
ME,2020,March,12 month-ending,Number of Drug Overdose Deaths,420,100,0,Maine,Numbers may differ from published reports using final data. See Technical Notes.,**,420
ME,2020,May,12 month-ending,Number of Drug Overdose Deaths,437,100,0,Maine,Numbers may differ from published reports using final data. See Technical Notes.,**,437
ME,2020,November,12 month-ending,Number of Drug Overdose Deaths,467,100,0,Maine,Numbers may differ from published reports using final data. See Technical Notes.,**,467
ME,2020,October,12 month-ending,Number of Drug Overdose Deaths,449,100,0,Maine,Numbers may differ from published reports using final data. See Technical Notes.,**,449
ME,2020,September,12 month-ending,Number of Drug Overdose Deaths,462,100,0,Maine,Numbers may differ from published reports using final data. See Technical Notes.,**,462
ME,2021,April,12 month-ending,Number of Drug Overdose Deaths,528,100,0.006362942,Maine,Numbers may differ from published reports using final data. See Technical Notes.,**,528
ME,2021,August,12 month-ending,Number of Drug Overdose Deaths,549,100,0.006203089,Maine,Numbers may differ from published reports using final data. See Technical Notes.,**,549
ME,2021,December,12 month-ending,Number of Drug Overdose Deaths,620,100,0,Maine,Numbers may differ from published reports using final data. See Technical Notes.,**,620
ME,2021,February,12 month-ending,Number of Drug Overdose Deaths,503,100,0.006354451,Maine,Numbers may differ from published reports using final data. See Technical Notes.,**,503
ME,2021,January,12 month-ending,Number of Drug Overdose Deaths,502,100,0.006327112,Maine,Numbers may differ from published reports using final data. See Technical Notes.,**,502
ME,2021,July,12 month-ending,Number of Drug Overdose Deaths,538,100,0.006232083,Maine,Numbers may differ from published reports using final data. See Technical Notes.,**,538
ME,2021,June,12 month-ending,Number of Drug Overdose Deaths,538,100,0.006257431,Maine,Numbers may differ from published reports using final data. See Technical Notes.,**,538
ME,2021,March,12 month-ending,Number of Drug Overdose Deaths,518,100,0.00637105,Maine,Numbers may differ from published reports using final data. See Technical Notes.,**,518
ME,2021,May,12 month-ending,Number of Drug Overdose Deaths,532,100,0.006312733,Maine,Numbers may differ from published reports using final data. See Technical Notes.,**,532
ME,2021,November,12 month-ending,Number of Drug Overdose Deaths,615,100,0.005935775,Maine,Numbers may differ from published reports using final data. See Technical Notes.,**,615
ME,2021,October,12 month-ending,Number of Drug Overdose Deaths,599,100,0.006026638,Maine,Numbers may differ from published reports using final data. See Technical Notes.,**,599
ME,2021,September,12 month-ending,Number of Drug Overdose Deaths,569,100,0.006152332,Maine,Numbers may differ from published reports using final data. See Technical Notes.,**,569
ME,2022,April,12 month-ending,Number of Drug Overdose Deaths,634,100,0,Maine,Numbers may differ from published reports using final data. See Technical Notes.,**,634
ME,2022,August,12 month-ending,Number of Drug Overdose Deaths,684,100,0,Maine,Numbers may differ from published reports using final data. See Technical Notes.,**,684
ME,2022,December,12 month-ending,Number of Drug Overdose Deaths,706,100,0,Maine,Numbers may differ from published reports using final data. See Technical Notes.,**,706
ME,2022,February,12 month-ending,Number of Drug Overdose Deaths,614,100,0,Maine,Numbers may differ from published reports using final data. See Technical Notes.,**,614
ME,2022,January,12 month-ending,Number of Drug Overdose Deaths,607,100,0,Maine,Numbers may differ from published reports using final data. See Technical Notes.,**,607
ME,2022,July,12 month-ending,Number of Drug Overdose Deaths,669,100,0,Maine,Numbers may differ from published reports using final data. See Technical Notes.,**,669
ME,2022,June,12 month-ending,Number of Drug Overdose Deaths,645,100,0,Maine,Numbers may differ from published reports using final data. See Technical Notes.,**,645
ME,2022,March,12 month-ending,Number of Drug Overdose Deaths,621,100,0,Maine,Numbers may differ from published reports using final data. See Technical Notes.,**,621
ME,2022,May,12 month-ending,Number of Drug Overdose Deaths,633,100,0,Maine,Numbers may differ from published reports using final data. See Technical Notes.,**,633
ME,2022,November,12 month-ending,Number of Drug Overdose Deaths,683,100,0,Maine,Numbers may differ from published reports using final data. See Technical Notes.,**,683
ME,2022,October,12 month-ending,Number of Drug Overdose Deaths,679,100,0,Maine,Numbers may differ from published reports using final data. See Technical Notes.,**,679
ME,2022,September,12 month-ending,Number of Drug Overdose Deaths,681,100,0,Maine,Numbers may differ from published reports using final data. See Technical Notes.,**,681
ME,2023,April,12 month-ending,Number of Drug Overdose Deaths,697,100,0.011791758,Maine,Underreported due to incomplete data.,*,697
ME,2023,August,12 month-ending,Number of Drug Overdose Deaths,648,100,0.035542918,Maine,Underreported due to incomplete data.,*,650
ME,2023,February,12 month-ending,Number of Drug Overdose Deaths,718,100,0,Maine,Underreported due to incomplete data.,*,718
ME,2023,January,12 month-ending,Number of Drug Overdose Deaths,718,100,0,Maine,Underreported due to incomplete data.,*,718
ME,2023,July,12 month-ending,Number of Drug Overdose Deaths,672,100,0.0237431,Maine,Underreported due to incomplete data.,*,673
ME,2023,June,12 month-ending,Number of Drug Overdose Deaths,689,100,0.01187719,Maine,Underreported due to incomplete data.,*,689
ME,2023,March,12 month-ending,Number of Drug Overdose Deaths,693,100,0,Maine,Underreported due to incomplete data.,*,693
ME,2023,May,12 month-ending,Number of Drug Overdose Deaths,697,100,0.011804982,Maine,Underreported due to incomplete data.,*,697
ME,2023,October,12 month-ending,Number of Drug Overdose Deaths,633,100,0.101900138,Maine,Underreported due to incomplete data.,*,639
ME,2023,September,12 month-ending,Number of Drug Overdose Deaths,647,100,0.041758635,Maine,Underreported due to incomplete data.,*,648
MI,2015,April,12 month-ending,Number of Drug Overdose Deaths,1941,100,0.046517037,Michigan,Numbers may differ from published reports using final data. See Technical Notes.,**,1943
MI,2015,August,12 month-ending,Number of Drug Overdose Deaths,2009,100,0.051475995,Michigan,Numbers may differ from published reports using final data. See Technical Notes.,**,2013
MI,2015,December,12 month-ending,Number of Drug Overdose Deaths,1973,100,0.033006814,Michigan,Numbers may differ from published reports using final data. See Technical Notes.,**,1973
MI,2015,February,12 month-ending,Number of Drug Overdose Deaths,1822,100,0.045960303,Michigan,Numbers may differ from published reports using final data. See Technical Notes.,**,1824
MI,2015,January,12 month-ending,Number of Drug Overdose Deaths,1796,100,0.045028625,Michigan,Numbers may differ from published reports using final data. See Technical Notes.,**,1798
MI,2015,July,12 month-ending,Number of Drug Overdose Deaths,2017,100,0.052603339,Michigan,Numbers may differ from published reports using final data. See Technical Notes.,**,2021
MI,2015,June,12 month-ending,Number of Drug Overdose Deaths,2012,100,0.048453185,Michigan,Numbers may differ from published reports using final data. See Technical Notes.,**,2015
MI,2015,March,12 month-ending,Number of Drug Overdose Deaths,1861,100,0.045702868,Michigan,Numbers may differ from published reports using final data. See Technical Notes.,**,1863
MI,2015,May,12 month-ending,Number of Drug Overdose Deaths,1986,100,0.045426214,Michigan,Numbers may differ from published reports using final data. See Technical Notes.,**,1988
MI,2015,November,12 month-ending,Number of Drug Overdose Deaths,1997,100,0.04121271,Michigan,Numbers may differ from published reports using final data. See Technical Notes.,**,1998
MI,2015,October,12 month-ending,Number of Drug Overdose Deaths,1997,100,0.044173792,Michigan,Numbers may differ from published reports using final data. See Technical Notes.,**,1999
MI,2015,September,12 month-ending,Number of Drug Overdose Deaths,2006,100,0.048384382,Michigan,Numbers may differ from published reports using final data. See Technical Notes.,**,2009
MI,2016,April,12 month-ending,Number of Drug Overdose Deaths,1927,100,0.0417702,Michigan,Numbers may differ from published reports using final data. See Technical Notes.,**,1928
MI,2016,August,12 month-ending,Number of Drug Overdose Deaths,1977,100,0.0599283,Michigan,Numbers may differ from published reports using final data. See Technical Notes.,**,1983
MI,2016,December,12 month-ending,Number of Drug Overdose Deaths,2342,100,0.087515816,Michigan,Numbers may differ from published reports using final data. See Technical Notes.,**,2356
MI,2016,February,12 month-ending,Number of Drug Overdose Deaths,1963,100,0.034258674,Michigan,Numbers may differ from published reports using final data. See Technical Notes.,**,1963
MI,2016,January,12 month-ending,Number of Drug Overdose Deaths,1944,100,0.034357989,Michigan,Numbers may differ from published reports using final data. See Technical Notes.,**,1944
MI,2016,July,12 month-ending,Number of Drug Overdose Deaths,1950,100,0.050324432,Michigan,Numbers may differ from published reports using final data. See Technical Notes.,**,1953
MI,2016,June,12 month-ending,Number of Drug Overdose Deaths,1926,100,0.049212598,Michigan,Numbers may differ from published reports using final data. See Technical Notes.,**,1929
MI,2016,March,12 month-ending,Number of Drug Overdose Deaths,1975,100,0.036454089,Michigan,Numbers may differ from published reports using final data. See Technical Notes.,**,1975
MI,2016,May,12 month-ending,Number of Drug Overdose Deaths,1927,100,0.044902977,Michigan,Numbers may differ from published reports using final data. See Technical Notes.,**,1929
MI,2016,November,12 month-ending,Number of Drug Overdose Deaths,2193,100,0.071062652,Michigan,Numbers may differ from published reports using final data. See Technical Notes.,**,2202
MI,2016,October,12 month-ending,Number of Drug Overdose Deaths,2108,100,0.068129318,Michigan,Numbers may differ from published reports using final data. See Technical Notes.,**,2116
MI,2016,September,12 month-ending,Number of Drug Overdose Deaths,2013,100,0.06293132,Michigan,Numbers may differ from published reports using final data. See Technical Notes.,**,2019
MI,2017,April,12 month-ending,Number of Drug Overdose Deaths,2511,100,0.080088201,Michigan,Numbers may differ from published reports using final data. See Technical Notes.,**,2524
MI,2017,August,12 month-ending,Number of Drug Overdose Deaths,2696,100,0.063366748,Michigan,Numbers may differ from published reports using final data. See Technical Notes.,**,2705
MI,2017,December,12 month-ending,Number of Drug Overdose Deaths,2665,100,0.056094571,Michigan,Numbers may differ from published reports using final data. See Technical Notes.,**,2671
MI,2017,February,12 month-ending,Number of Drug Overdose Deaths,2469,100,0.085819841,Michigan,Numbers may differ from published reports using final data. See Technical Notes.,**,2484
MI,2017,January,12 month-ending,Number of Drug Overdose Deaths,2435,100,0.084845184,Michigan,Numbers may differ from published reports using final data. See Technical Notes.,**,2449
MI,2017,July,12 month-ending,Number of Drug Overdose Deaths,2630,100,0.068574278,Michigan,Numbers may differ from published reports using final data. See Technical Notes.,**,2640
MI,2017,June,12 month-ending,Number of Drug Overdose Deaths,2591,100,0.071713643999999993,Michigan,Numbers may differ from published reports using final data. See Technical Notes.,**,2602
MI,2017,March,12 month-ending,Number of Drug Overdose Deaths,2491,100,0.085401543,Michigan,Numbers may differ from published reports using final data. See Technical Notes.,**,2506
MI,2017,May,12 month-ending,Number of Drug Overdose Deaths,2547,100,0.076991905,Michigan,Numbers may differ from published reports using final data. See Technical Notes.,**,2559
MI,2017,November,12 month-ending,Number of Drug Overdose Deaths,2708,100,0.059361396,Michigan,Numbers may differ from published reports using final data. See Technical Notes.,**,2715
MI,2017,October,12 month-ending,Number of Drug Overdose Deaths,2707,100,0.059397893,Michigan,Numbers may differ from published reports using final data. See Technical Notes.,**,2714
MI,2017,September,12 month-ending,Number of Drug Overdose Deaths,2725,100,0.062443411,Michigan,Numbers may differ from published reports using final data. See Technical Notes.,**,2733
MI,2018,April,12 month-ending,Number of Drug Overdose Deaths,2707,100,0.07727816,Michigan,Numbers may differ from published reports using final data. See Technical Notes.,**,2720
MI,2018,August,12 month-ending,Number of Drug Overdose Deaths,2701,100,0.095446288,Michigan,Numbers may differ from published reports using final data. See Technical Notes.,**,2720
MI,2018,December,12 month-ending,Number of Drug Overdose Deaths,2575,100,0.104567123,Michigan,Numbers may differ from published reports using final data. See Technical Notes.,**,2596
MI,2018,February,12 month-ending,Number of Drug Overdose Deaths,2673,100,0.068993924,Michigan,Numbers may differ from published reports using final data. See Technical Notes.,**,2683
MI,2018,January,12 month-ending,Number of Drug Overdose Deaths,2654,100,0.058901944,Michigan,Numbers may differ from published reports using final data. See Technical Notes.,**,2661
MI,2018,July,12 month-ending,Number of Drug Overdose Deaths,2734,100,0.09039548,Michigan,Numbers may differ from published reports using final data. See Technical Notes.,**,2752
MI,2018,June,12 month-ending,Number of Drug Overdose Deaths,2701,100,0.084441195,Michigan,Numbers may differ from published reports using final data. See Technical Notes.,**,2716
MI,2018,March,12 month-ending,Number of Drug Overdose Deaths,2685,100,0.072199187,Michigan,Numbers may differ from published reports using final data. See Technical Notes.,**,2696
MI,2018,May,12 month-ending,Number of Drug Overdose Deaths,2672,100,0.081425671,Michigan,Numbers may differ from published reports using final data. See Technical Notes.,**,2686
MI,2018,November,12 month-ending,Number of Drug Overdose Deaths,2590,100,0.102096032,Michigan,Numbers may differ from published reports using final data. See Technical Notes.,**,2610
MI,2018,October,12 month-ending,Number of Drug Overdose Deaths,2634,100,0.097275269,Michigan,Numbers may differ from published reports using final data. See Technical Notes.,**,2653
MI,2018,September,12 month-ending,Number of Drug Overdose Deaths,2667,100,0.100483964,Michigan,Numbers may differ from published reports using final data. See Technical Notes.,**,2687
MI,2019,April,12 month-ending,Number of Drug Overdose Deaths,2406,100,0.091808204,Michigan,Numbers may differ from published reports using final data. See Technical Notes.,**,2422
MI,2019,August,12 month-ending,Number of Drug Overdose Deaths,2334,100,0.103438289,Michigan,Numbers may differ from published reports using final data. See Technical Notes.,**,2353
MI,2019,December,12 month-ending,Number of Drug Overdose Deaths,2358,100,0.126846434,Michigan,Numbers may differ from published reports using final data. See Technical Notes.,**,2384
MI,2019,February,12 month-ending,Number of Drug Overdose Deaths,2463,100,0.098826565,Michigan,Numbers may differ from published reports using final data. See Technical Notes.,**,2481
MI,2019,January,12 month-ending,Number of Drug Overdose Deaths,2513,100,0.107574708,Michigan,Numbers may differ from published reports using final data. See Technical Notes.,**,2534
MI,2019,July,12 month-ending,Number of Drug Overdose Deaths,2376,100,0.097387124,Michigan,Numbers may differ from published reports using final data. See Technical Notes.,**,2393
MI,2019,June,12 month-ending,Number of Drug Overdose Deaths,2420,100,0.097615685,Michigan,Numbers may differ from published reports using final data. See Technical Notes.,**,2438
MI,2019,March,12 month-ending,Number of Drug Overdose Deaths,2416,100,0.096776208,Michigan,Numbers may differ from published reports using final data. See Technical Notes.,**,2433
MI,2019,May,12 month-ending,Number of Drug Overdose Deaths,2460,100,0.095697762,Michigan,Numbers may differ from published reports using final data. See Technical Notes.,**,2477
MI,2019,November,12 month-ending,Number of Drug Overdose Deaths,2373,100,0.132546957,Michigan,Numbers may differ from published reports using final data. See Technical Notes.,**,2401
MI,2019,October,12 month-ending,Number of Drug Overdose Deaths,2346,100,0.128751828,Michigan,Numbers may differ from published reports using final data. See Technical Notes.,**,2372
MI,2019,September,12 month-ending,Number of Drug Overdose Deaths,2338,100,0.126957258,Michigan,Numbers may differ from published reports using final data. See Technical Notes.,**,2364
MI,2020,April,12 month-ending,Number of Drug Overdose Deaths,2451,100,0.111646548,Michigan,Numbers may differ from published reports using final data. See Technical Notes.,**,2473
MI,2020,August,12 month-ending,Number of Drug Overdose Deaths,2717,100,0.11971269,Michigan,Numbers may differ from published reports using final data. See Technical Notes.,**,2744
MI,2020,December,12 month-ending,Number of Drug Overdose Deaths,2750,100,0.129884749,Michigan,Numbers may differ from published reports using final data. See Technical Notes.,**,2781
MI,2020,February,12 month-ending,Number of Drug Overdose Deaths,2388,100,0.118642005,Michigan,Numbers may differ from published reports using final data. See Technical Notes.,**,2412
MI,2020,January,12 month-ending,Number of Drug Overdose Deaths,2360,100,0.121317158,Michigan,Numbers may differ from published reports using final data. See Technical Notes.,**,2384
MI,2020,July,12 month-ending,Number of Drug Overdose Deaths,2672,100,0.120544975,Michigan,Numbers may differ from published reports using final data. See Technical Notes.,**,2699
MI,2020,June,12 month-ending,Number of Drug Overdose Deaths,2638,100,0.109838528,Michigan,Numbers may differ from published reports using final data. See Technical Notes.,**,2661
MI,2020,March,12 month-ending,Number of Drug Overdose Deaths,2409,100,0.116350214,Michigan,Numbers may differ from published reports using final data. See Technical Notes.,**,2432
MI,2020,May,12 month-ending,Number of Drug Overdose Deaths,2538,100,0.107587769,Michigan,Numbers may differ from published reports using final data. See Technical Notes.,**,2560
MI,2020,November,12 month-ending,Number of Drug Overdose Deaths,2720,100,0.124069479,Michigan,Numbers may differ from published reports using final data. See Technical Notes.,**,2749
MI,2020,October,12 month-ending,Number of Drug Overdose Deaths,2746,100,0.109475067,Michigan,Numbers may differ from published reports using final data. See Technical Notes.,**,2770
MI,2020,September,12 month-ending,Number of Drug Overdose Deaths,2721,100,0.097730982,Michigan,Numbers may differ from published reports using final data. See Technical Notes.,**,2741
MI,2021,April,12 month-ending,Number of Drug Overdose Deaths,2950,100,0.148403339,Michigan,Numbers may differ from published reports using final data. See Technical Notes.,**,2990
MI,2021,August,12 month-ending,Number of Drug Overdose Deaths,2945,100,0.1233252,Michigan,Numbers may differ from published reports using final data. See Technical Notes.,**,2976
MI,2021,December,12 month-ending,Number of Drug Overdose Deaths,3092,100,0.104266301,Michigan,Numbers may differ from published reports using final data. See Technical Notes.,**,3117
MI,2021,February,12 month-ending,Number of Drug Overdose Deaths,2820,100,0.133991056,Michigan,Numbers may differ from published reports using final data. See Technical Notes.,**,2853
MI,2021,January,12 month-ending,Number of Drug Overdose Deaths,2817,100,0.128293947,Michigan,Numbers may differ from published reports using final data. See Technical Notes.,**,2848
MI,2021,July,12 month-ending,Number of Drug Overdose Deaths,2886,100,0.130709718,Michigan,Numbers may differ from published reports using final data. See Technical Notes.,**,2919
MI,2021,June,12 month-ending,Number of Drug Overdose Deaths,2875,100,0.139408485,Michigan,Numbers may differ from published reports using final data. See Technical Notes.,**,2911
MI,2021,March,12 month-ending,Number of Drug Overdose Deaths,2889,100,0.139157325,Michigan,Numbers may differ from published reports using final data. See Technical Notes.,**,2925
MI,2021,May,12 month-ending,Number of Drug Overdose Deaths,2899,100,0.146437424,Michigan,Numbers may differ from published reports using final data. See Technical Notes.,**,2937
MI,2021,November,12 month-ending,Number of Drug Overdose Deaths,3063,100,0.109211941,Michigan,Numbers may differ from published reports using final data. See Technical Notes.,**,3090
MI,2021,October,12 month-ending,Number of Drug Overdose Deaths,3007,100,0.117621433,Michigan,Numbers may differ from published reports using final data. See Technical Notes.,**,3036
MI,2021,September,12 month-ending,Number of Drug Overdose Deaths,2986,100,0.124392274,Michigan,Numbers may differ from published reports using final data. See Technical Notes.,**,3018
MI,2022,April,12 month-ending,Number of Drug Overdose Deaths,3035,100,0.132632804,Michigan,Numbers may differ from published reports using final data. See Technical Notes.,**,3070
MI,2022,August,12 month-ending,Number of Drug Overdose Deaths,2953,100,0.174163455,Michigan,Numbers may differ from published reports using final data. See Technical Notes.,**,3002
MI,2022,December,12 month-ending,Number of Drug Overdose Deaths,2969,100,0.19633748,Michigan,Numbers may differ from published reports using final data. See Technical Notes.,**,3027
MI,2022,February,12 month-ending,Number of Drug Overdose Deaths,3126,100,0.123147516,Michigan,Numbers may differ from published reports using final data. See Technical Notes.,**,3158
MI,2022,January,12 month-ending,Number of Drug Overdose Deaths,3107,100,0.116213969,Michigan,Numbers may differ from published reports using final data. See Technical Notes.,**,3137
MI,2022,July,12 month-ending,Number of Drug Overdose Deaths,2980,100,0.168581848,Michigan,Numbers may differ from published reports using final data. See Technical Notes.,**,3028
MI,2022,June,12 month-ending,Number of Drug Overdose Deaths,2974,100,0.163581576,Michigan,Numbers may differ from published reports using final data. See Technical Notes.,**,3020
MI,2022,March,12 month-ending,Number of Drug Overdose Deaths,3090,100,0.130849169,Michigan,Numbers may differ from published reports using final data. See Technical Notes.,**,3125
MI,2022,May,12 month-ending,Number of Drug Overdose Deaths,2994,100,0.149753423,Michigan,Numbers may differ from published reports using final data. See Technical Notes.,**,3035
MI,2022,November,12 month-ending,Number of Drug Overdose Deaths,2971,100,0.191170428,Michigan,Numbers may differ from published reports using final data. See Technical Notes.,**,3027
MI,2022,October,12 month-ending,Number of Drug Overdose Deaths,2953,100,0.187224959,Michigan,Numbers may differ from published reports using final data. See Technical Notes.,**,3007
MI,2022,September,12 month-ending,Number of Drug Overdose Deaths,2940,100,0.180283253,Michigan,Numbers may differ from published reports using final data. See Technical Notes.,**,2991
MI,2023,April,12 month-ending,Number of Drug Overdose Deaths,3056,100,0.24494446,Michigan,Underreported due to incomplete data.,*,3136
MI,2023,August,12 month-ending,Number of Drug Overdose Deaths,2982,100,0.358612468,Michigan,Underreported due to incomplete data.,*,3108
MI,2023,February,12 month-ending,Number of Drug Overdose Deaths,2988,100,0.213949508,Michigan,Underreported due to incomplete data.,*,3047
MI,2023,January,12 month-ending,Number of Drug Overdose Deaths,2986,100,0.212830075,Michigan,Underreported due to incomplete data.,*,3034
MI,2023,July,12 month-ending,Number of Drug Overdose Deaths,3002,100,0.30856212,Michigan,Underreported due to incomplete data.,*,3108
MI,2023,June,12 month-ending,Number of Drug Overdose Deaths,3029,100,0.262574953,Michigan,Underreported due to incomplete data.,*,3115
MI,2023,March,12 month-ending,Number of Drug Overdose Deaths,3027,100,0.230951272,Michigan,Underreported due to incomplete data.,*,3103
MI,2023,May,12 month-ending,Number of Drug Overdose Deaths,3056,100,0.248375094,Michigan,Underreported due to incomplete data.,*,3141
MI,2023,October,12 month-ending,Number of Drug Overdose Deaths,2852,100,0.538785794,Michigan,Underreported due to incomplete data.,*,3038
MI,2023,September,12 month-ending,Number of Drug Overdose Deaths,2941,100,0.431288172,Michigan,Underreported due to incomplete data.,*,3089
MN,2015,April,12 month-ending,Number of Drug Overdose Deaths,541,100,0,Minnesota,Numbers may differ from published reports using final data. See Technical Notes.,**,541
MN,2015,August,12 month-ending,Number of Drug Overdose Deaths,563,100,0,Minnesota,Numbers may differ from published reports using final data. See Technical Notes.,**,563
MN,2015,December,12 month-ending,Number of Drug Overdose Deaths,592,100,0,Minnesota,Numbers may differ from published reports using final data. See Technical Notes.,**,592
MN,2015,February,12 month-ending,Number of Drug Overdose Deaths,523,100,0,Minnesota,Numbers may differ from published reports using final data. See Technical Notes.,**,523
MN,2015,January,12 month-ending,Number of Drug Overdose Deaths,530,100,0,Minnesota,Numbers may differ from published reports using final data. See Technical Notes.,**,530
MN,2015,July,12 month-ending,Number of Drug Overdose Deaths,549,100,0,Minnesota,Numbers may differ from published reports using final data. See Technical Notes.,**,549
MN,2015,June,12 month-ending,Number of Drug Overdose Deaths,544,100,0,Minnesota,Numbers may differ from published reports using final data. See Technical Notes.,**,544
MN,2015,March,12 month-ending,Number of Drug Overdose Deaths,529,100,0,Minnesota,Numbers may differ from published reports using final data. See Technical Notes.,**,529
MN,2015,May,12 month-ending,Number of Drug Overdose Deaths,550,100,0,Minnesota,Numbers may differ from published reports using final data. See Technical Notes.,**,550
MN,2015,November,12 month-ending,Number of Drug Overdose Deaths,588,100,0,Minnesota,Numbers may differ from published reports using final data. See Technical Notes.,**,588
MN,2015,October,12 month-ending,Number of Drug Overdose Deaths,586,100,0,Minnesota,Numbers may differ from published reports using final data. See Technical Notes.,**,586
MN,2015,September,12 month-ending,Number of Drug Overdose Deaths,574,100,0,Minnesota,Numbers may differ from published reports using final data. See Technical Notes.,**,574
MN,2016,April,12 month-ending,Number of Drug Overdose Deaths,627,100,0,Minnesota,Numbers may differ from published reports using final data. See Technical Notes.,**,627
MN,2016,August,12 month-ending,Number of Drug Overdose Deaths,649,100,0,Minnesota,Numbers may differ from published reports using final data. See Technical Notes.,**,649
MN,2016,December,12 month-ending,Number of Drug Overdose Deaths,664,100,0,Minnesota,Numbers may differ from published reports using final data. See Technical Notes.,**,664
MN,2016,February,12 month-ending,Number of Drug Overdose Deaths,631,100,0,Minnesota,Numbers may differ from published reports using final data. See Technical Notes.,**,631
MN,2016,January,12 month-ending,Number of Drug Overdose Deaths,607,100,0,Minnesota,Numbers may differ from published reports using final data. See Technical Notes.,**,607
MN,2016,July,12 month-ending,Number of Drug Overdose Deaths,645,100,0,Minnesota,Numbers may differ from published reports using final data. See Technical Notes.,**,645
MN,2016,June,12 month-ending,Number of Drug Overdose Deaths,649,100,0,Minnesota,Numbers may differ from published reports using final data. See Technical Notes.,**,649
MN,2016,March,12 month-ending,Number of Drug Overdose Deaths,626,100,0,Minnesota,Numbers may differ from published reports using final data. See Technical Notes.,**,626
MN,2016,May,12 month-ending,Number of Drug Overdose Deaths,631,100,0,Minnesota,Numbers may differ from published reports using final data. See Technical Notes.,**,631
MN,2016,November,12 month-ending,Number of Drug Overdose Deaths,654,100,0,Minnesota,Numbers may differ from published reports using final data. See Technical Notes.,**,654
MN,2016,October,12 month-ending,Number of Drug Overdose Deaths,638,100,0,Minnesota,Numbers may differ from published reports using final data. See Technical Notes.,**,638
MN,2016,September,12 month-ending,Number of Drug Overdose Deaths,647,100,0,Minnesota,Numbers may differ from published reports using final data. See Technical Notes.,**,647
MN,2017,April,12 month-ending,Number of Drug Overdose Deaths,668,100,0,Minnesota,Numbers may differ from published reports using final data. See Technical Notes.,**,668
MN,2017,August,12 month-ending,Number of Drug Overdose Deaths,698,100,0,Minnesota,Numbers may differ from published reports using final data. See Technical Notes.,**,698
MN,2017,December,12 month-ending,Number of Drug Overdose Deaths,728,100,0,Minnesota,Numbers may differ from published reports using final data. See Technical Notes.,**,728
MN,2017,February,12 month-ending,Number of Drug Overdose Deaths,652,100,0,Minnesota,Numbers may differ from published reports using final data. See Technical Notes.,**,652
MN,2017,January,12 month-ending,Number of Drug Overdose Deaths,655,100,0,Minnesota,Numbers may differ from published reports using final data. See Technical Notes.,**,655
MN,2017,July,12 month-ending,Number of Drug Overdose Deaths,686,100,0,Minnesota,Numbers may differ from published reports using final data. See Technical Notes.,**,686
MN,2017,June,12 month-ending,Number of Drug Overdose Deaths,685,100,0,Minnesota,Numbers may differ from published reports using final data. See Technical Notes.,**,685
MN,2017,March,12 month-ending,Number of Drug Overdose Deaths,664,100,0,Minnesota,Numbers may differ from published reports using final data. See Technical Notes.,**,664
MN,2017,May,12 month-ending,Number of Drug Overdose Deaths,676,100,0,Minnesota,Numbers may differ from published reports using final data. See Technical Notes.,**,676
MN,2017,November,12 month-ending,Number of Drug Overdose Deaths,729,100,0,Minnesota,Numbers may differ from published reports using final data. See Technical Notes.,**,729
MN,2017,October,12 month-ending,Number of Drug Overdose Deaths,727,100,0,Minnesota,Numbers may differ from published reports using final data. See Technical Notes.,**,727
MN,2017,September,12 month-ending,Number of Drug Overdose Deaths,720,100,0,Minnesota,Numbers may differ from published reports using final data. See Technical Notes.,**,720
MN,2018,April,12 month-ending,Number of Drug Overdose Deaths,698,100,0,Minnesota,Numbers may differ from published reports using final data. See Technical Notes.,**,698
MN,2018,August,12 month-ending,Number of Drug Overdose Deaths,670,100,0,Minnesota,Numbers may differ from published reports using final data. See Technical Notes.,**,670
MN,2018,December,12 month-ending,Number of Drug Overdose Deaths,639,100,0,Minnesota,Numbers may differ from published reports using final data. See Technical Notes.,**,639
MN,2018,February,12 month-ending,Number of Drug Overdose Deaths,719,100,0,Minnesota,Numbers may differ from published reports using final data. See Technical Notes.,**,719
MN,2018,January,12 month-ending,Number of Drug Overdose Deaths,718,100,0,Minnesota,Numbers may differ from published reports using final data. See Technical Notes.,**,718
MN,2018,July,12 month-ending,Number of Drug Overdose Deaths,687,100,0,Minnesota,Numbers may differ from published reports using final data. See Technical Notes.,**,687
MN,2018,June,12 month-ending,Number of Drug Overdose Deaths,677,100,0,Minnesota,Numbers may differ from published reports using final data. See Technical Notes.,**,677
MN,2018,March,12 month-ending,Number of Drug Overdose Deaths,713,100,0,Minnesota,Numbers may differ from published reports using final data. See Technical Notes.,**,713
MN,2018,May,12 month-ending,Number of Drug Overdose Deaths,690,100,0,Minnesota,Numbers may differ from published reports using final data. See Technical Notes.,**,690
MN,2018,November,12 month-ending,Number of Drug Overdose Deaths,641,100,0,Minnesota,Numbers may differ from published reports using final data. See Technical Notes.,**,641
MN,2018,October,12 month-ending,Number of Drug Overdose Deaths,644,100,0,Minnesota,Numbers may differ from published reports using final data. See Technical Notes.,**,644
MN,2018,September,12 month-ending,Number of Drug Overdose Deaths,644,100,0,Minnesota,Numbers may differ from published reports using final data. See Technical Notes.,**,644
MN,2019,April,12 month-ending,Number of Drug Overdose Deaths,675,100,0,Minnesota,Numbers may differ from published reports using final data. See Technical Notes.,**,675
MN,2019,August,12 month-ending,Number of Drug Overdose Deaths,741,100,0,Minnesota,Numbers may differ from published reports using final data. See Technical Notes.,**,741
MN,2019,December,12 month-ending,Number of Drug Overdose Deaths,788,100,0,Minnesota,Numbers may differ from published reports using final data. See Technical Notes.,**,788
MN,2019,February,12 month-ending,Number of Drug Overdose Deaths,658,100,0,Minnesota,Numbers may differ from published reports using final data. See Technical Notes.,**,658
MN,2019,January,12 month-ending,Number of Drug Overdose Deaths,665,100,0,Minnesota,Numbers may differ from published reports using final data. See Technical Notes.,**,665
MN,2019,July,12 month-ending,Number of Drug Overdose Deaths,721,100,0,Minnesota,Numbers may differ from published reports using final data. See Technical Notes.,**,721
MN,2019,June,12 month-ending,Number of Drug Overdose Deaths,708,100,0,Minnesota,Numbers may differ from published reports using final data. See Technical Notes.,**,708
MN,2019,March,12 month-ending,Number of Drug Overdose Deaths,650,100,0,Minnesota,Numbers may differ from published reports using final data. See Technical Notes.,**,650
MN,2019,May,12 month-ending,Number of Drug Overdose Deaths,690,100,0,Minnesota,Numbers may differ from published reports using final data. See Technical Notes.,**,690
MN,2019,November,12 month-ending,Number of Drug Overdose Deaths,769,100,0,Minnesota,Numbers may differ from published reports using final data. See Technical Notes.,**,769
MN,2019,October,12 month-ending,Number of Drug Overdose Deaths,767,100,0,Minnesota,Numbers may differ from published reports using final data. See Technical Notes.,**,767
MN,2019,September,12 month-ending,Number of Drug Overdose Deaths,753,100,0,Minnesota,Numbers may differ from published reports using final data. See Technical Notes.,**,753
MN,2020,April,12 month-ending,Number of Drug Overdose Deaths,858,100,0,Minnesota,Numbers may differ from published reports using final data. See Technical Notes.,**,858
MN,2020,August,12 month-ending,Number of Drug Overdose Deaths,976,100,0,Minnesota,Numbers may differ from published reports using final data. See Technical Notes.,**,976
MN,2020,December,12 month-ending,Number of Drug Overdose Deaths,1065,100,0,Minnesota,Numbers may differ from published reports using final data. See Technical Notes.,**,1065
MN,2020,February,12 month-ending,Number of Drug Overdose Deaths,791,100,0,Minnesota,Numbers may differ from published reports using final data. See Technical Notes.,**,791
MN,2020,January,12 month-ending,Number of Drug Overdose Deaths,782,100,0,Minnesota,Numbers may differ from published reports using final data. See Technical Notes.,**,782
MN,2020,July,12 month-ending,Number of Drug Overdose Deaths,937,100,0,Minnesota,Numbers may differ from published reports using final data. See Technical Notes.,**,937
MN,2020,June,12 month-ending,Number of Drug Overdose Deaths,919,100,0,Minnesota,Numbers may differ from published reports using final data. See Technical Notes.,**,919
MN,2020,March,12 month-ending,Number of Drug Overdose Deaths,827,100,0,Minnesota,Numbers may differ from published reports using final data. See Technical Notes.,**,827
MN,2020,May,12 month-ending,Number of Drug Overdose Deaths,905,100,0,Minnesota,Numbers may differ from published reports using final data. See Technical Notes.,**,905
MN,2020,November,12 month-ending,Number of Drug Overdose Deaths,1040,100,0,Minnesota,Numbers may differ from published reports using final data. See Technical Notes.,**,1040
MN,2020,October,12 month-ending,Number of Drug Overdose Deaths,1015,100,0,Minnesota,Numbers may differ from published reports using final data. See Technical Notes.,**,1015
MN,2020,September,12 month-ending,Number of Drug Overdose Deaths,994,100,0,Minnesota,Numbers may differ from published reports using final data. See Technical Notes.,**,994
MN,2021,April,12 month-ending,Number of Drug Overdose Deaths,1190,100,0,Minnesota,Numbers may differ from published reports using final data. See Technical Notes.,**,1190
MN,2021,August,12 month-ending,Number of Drug Overdose Deaths,1250,100,0,Minnesota,Numbers may differ from published reports using final data. See Technical Notes.,**,1250
MN,2021,December,12 month-ending,Number of Drug Overdose Deaths,1344,100,0,Minnesota,Numbers may differ from published reports using final data. See Technical Notes.,**,1344
MN,2021,February,12 month-ending,Number of Drug Overdose Deaths,1139,100,0,Minnesota,Numbers may differ from published reports using final data. See Technical Notes.,**,1139
MN,2021,January,12 month-ending,Number of Drug Overdose Deaths,1106,100,0,Minnesota,Numbers may differ from published reports using final data. See Technical Notes.,**,1106
MN,2021,July,12 month-ending,Number of Drug Overdose Deaths,1223,100,0,Minnesota,Numbers may differ from published reports using final data. See Technical Notes.,**,1223
MN,2021,June,12 month-ending,Number of Drug Overdose Deaths,1186,100,0,Minnesota,Numbers may differ from published reports using final data. See Technical Notes.,**,1186
MN,2021,March,12 month-ending,Number of Drug Overdose Deaths,1178,100,0,Minnesota,Numbers may differ from published reports using final data. See Technical Notes.,**,1178
MN,2021,May,12 month-ending,Number of Drug Overdose Deaths,1184,100,0,Minnesota,Numbers may differ from published reports using final data. See Technical Notes.,**,1184
MN,2021,November,12 month-ending,Number of Drug Overdose Deaths,1325,100,0,Minnesota,Numbers may differ from published reports using final data. See Technical Notes.,**,1325
MN,2021,October,12 month-ending,Number of Drug Overdose Deaths,1297,100,0,Minnesota,Numbers may differ from published reports using final data. See Technical Notes.,**,1297
MN,2021,September,12 month-ending,Number of Drug Overdose Deaths,1277,100,0,Minnesota,Numbers may differ from published reports using final data. See Technical Notes.,**,1277
MN,2022,April,12 month-ending,Number of Drug Overdose Deaths,1335,100,0,Minnesota,Numbers may differ from published reports using final data. See Technical Notes.,**,1335
MN,2022,August,12 month-ending,Number of Drug Overdose Deaths,1353,100,0,Minnesota,Numbers may differ from published reports using final data. See Technical Notes.,**,1353
MN,2022,December,12 month-ending,Number of Drug Overdose Deaths,1392,100,0,Minnesota,Numbers may differ from published reports using final data. See Technical Notes.,**,1392
MN,2022,February,12 month-ending,Number of Drug Overdose Deaths,1360,100,0,Minnesota,Numbers may differ from published reports using final data. See Technical Notes.,**,1360
MN,2022,January,12 month-ending,Number of Drug Overdose Deaths,1361,100,0,Minnesota,Numbers may differ from published reports using final data. See Technical Notes.,**,1361
MN,2022,July,12 month-ending,Number of Drug Overdose Deaths,1365,100,0,Minnesota,Numbers may differ from published reports using final data. See Technical Notes.,**,1365
MN,2022,June,12 month-ending,Number of Drug Overdose Deaths,1379,100,0,Minnesota,Numbers may differ from published reports using final data. See Technical Notes.,**,1379
MN,2022,March,12 month-ending,Number of Drug Overdose Deaths,1351,100,0,Minnesota,Numbers may differ from published reports using final data. See Technical Notes.,**,1351
MN,2022,May,12 month-ending,Number of Drug Overdose Deaths,1344,100,0,Minnesota,Numbers may differ from published reports using final data. See Technical Notes.,**,1344
MN,2022,November,12 month-ending,Number of Drug Overdose Deaths,1379,100,0,Minnesota,Numbers may differ from published reports using final data. See Technical Notes.,**,1379
MN,2022,October,12 month-ending,Number of Drug Overdose Deaths,1370,100,0,Minnesota,Numbers may differ from published reports using final data. See Technical Notes.,**,1370
MN,2022,September,12 month-ending,Number of Drug Overdose Deaths,1353,100,0,Minnesota,Numbers may differ from published reports using final data. See Technical Notes.,**,1353
MN,2023,April,12 month-ending,Number of Drug Overdose Deaths,1413,100,0.001998441,Minnesota,Underreported due to incomplete data.,*,1413
MN,2023,August,12 month-ending,Number of Drug Overdose Deaths,1398,100,0.002012113,Minnesota,Underreported due to incomplete data.,*,1398
MN,2023,February,12 month-ending,Number of Drug Overdose Deaths,1388,100,0,Minnesota,Underreported due to incomplete data.,*,1388
MN,2023,January,12 month-ending,Number of Drug Overdose Deaths,1386,100,0,Minnesota,Underreported due to incomplete data.,*,1386
MN,2023,July,12 month-ending,Number of Drug Overdose Deaths,1411,100,0.002006058,Minnesota,Underreported due to incomplete data.,*,1411
MN,2023,June,12 month-ending,Number of Drug Overdose Deaths,1417,100,0.002002122,Minnesota,Underreported due to incomplete data.,*,1417
MN,2023,March,12 month-ending,Number of Drug Overdose Deaths,1388,100,0,Minnesota,Underreported due to incomplete data.,*,1388
MN,2023,May,12 month-ending,Number of Drug Overdose Deaths,1406,100,0.002002563,Minnesota,Underreported due to incomplete data.,*,1406
MN,2023,October,12 month-ending,Number of Drug Overdose Deaths,1376,100,0.004040241,Minnesota,Underreported due to incomplete data.,*,1376
MN,2023,September,12 month-ending,Number of Drug Overdose Deaths,1402,100,0.002018286,Minnesota,Underreported due to incomplete data.,*,1402
MO,2015,April,12 month-ending,Number of Drug Overdose Deaths,1072,100,0.019372024,Missouri,Numbers may differ from published reports using final data. See Technical Notes.,**,1072
MO,2015,August,12 month-ending,Number of Drug Overdose Deaths,1070,100,0.028885965,Missouri,Numbers may differ from published reports using final data. See Technical Notes.,**,1070
MO,2015,December,12 month-ending,Number of Drug Overdose Deaths,1087,100,0.0290346,Missouri,Numbers may differ from published reports using final data. See Technical Notes.,**,1087
MO,2015,February,12 month-ending,Number of Drug Overdose Deaths,1107,100,0.016265981,Missouri,Numbers may differ from published reports using final data. See Technical Notes.,**,1107
MO,2015,January,12 month-ending,Number of Drug Overdose Deaths,1108,100,0.018061804,Missouri,Numbers may differ from published reports using final data. See Technical Notes.,**,1108
MO,2015,July,12 month-ending,Number of Drug Overdose Deaths,1103,100,0.028912411,Missouri,Numbers may differ from published reports using final data. See Technical Notes.,**,1103
MO,2015,June,12 month-ending,Number of Drug Overdose Deaths,1116,100,0.029007461,Missouri,Numbers may differ from published reports using final data. See Technical Notes.,**,1116
MO,2015,March,12 month-ending,Number of Drug Overdose Deaths,1092,100,0.01942785,Missouri,Numbers may differ from published reports using final data. See Technical Notes.,**,1092
MO,2015,May,12 month-ending,Number of Drug Overdose Deaths,1093,100,0.024139818,Missouri,Numbers may differ from published reports using final data. See Technical Notes.,**,1093
MO,2015,November,12 month-ending,Number of Drug Overdose Deaths,1090,100,0.030380071,Missouri,Numbers may differ from published reports using final data. See Technical Notes.,**,1090
MO,2015,October,12 month-ending,Number of Drug Overdose Deaths,1071,100,0.027169136,Missouri,Numbers may differ from published reports using final data. See Technical Notes.,**,1071
MO,2015,September,12 month-ending,Number of Drug Overdose Deaths,1081,100,0.028795393,Missouri,Numbers may differ from published reports using final data. See Technical Notes.,**,1081
MO,2016,April,12 month-ending,Number of Drug Overdose Deaths,1150,100,0.027851046,Missouri,Numbers may differ from published reports using final data. See Technical Notes.,**,1150
MO,2016,August,12 month-ending,Number of Drug Overdose Deaths,1236,100,0.024462238,Missouri,Numbers may differ from published reports using final data. See Technical Notes.,**,1236
MO,2016,December,12 month-ending,Number of Drug Overdose Deaths,1386,100,0.017774043,Missouri,Numbers may differ from published reports using final data. See Technical Notes.,**,1386
MO,2016,February,12 month-ending,Number of Drug Overdose Deaths,1121,100,0.027784134,Missouri,Numbers may differ from published reports using final data. See Technical Notes.,**,1121
MO,2016,January,12 month-ending,Number of Drug Overdose Deaths,1096,100,0.027675127,Missouri,Numbers may differ from published reports using final data. See Technical Notes.,**,1096
MO,2016,July,12 month-ending,Number of Drug Overdose Deaths,1192,100,0.024542688,Missouri,Numbers may differ from published reports using final data. See Technical Notes.,**,1192
MO,2016,June,12 month-ending,Number of Drug Overdose Deaths,1157,100,0.024535863,Missouri,Numbers may differ from published reports using final data. See Technical Notes.,**,1157
MO,2016,March,12 month-ending,Number of Drug Overdose Deaths,1129,100,0.027905908,Missouri,Numbers may differ from published reports using final data. See Technical Notes.,**,1129
MO,2016,May,12 month-ending,Number of Drug Overdose Deaths,1147,100,0.022964372,Missouri,Numbers may differ from published reports using final data. See Technical Notes.,**,1147
MO,2016,November,12 month-ending,Number of Drug Overdose Deaths,1329,100,0.0179121,Missouri,Numbers may differ from published reports using final data. See Technical Notes.,**,1329
MO,2016,October,12 month-ending,Number of Drug Overdose Deaths,1288,100,0.022803903,Missouri,Numbers may differ from published reports using final data. See Technical Notes.,**,1288
MO,2016,September,12 month-ending,Number of Drug Overdose Deaths,1247,100,0.024481402,Missouri,Numbers may differ from published reports using final data. See Technical Notes.,**,1247
MO,2017,April,12 month-ending,Number of Drug Overdose Deaths,1403,100,0.020522535,Missouri,Numbers may differ from published reports using final data. See Technical Notes.,**,1403
MO,2017,August,12 month-ending,Number of Drug Overdose Deaths,1392,100,0.014119862,Missouri,Numbers may differ from published reports using final data. See Technical Notes.,**,1392
MO,2017,December,12 month-ending,Number of Drug Overdose Deaths,1398,100,0.02803651,Missouri,Numbers may differ from published reports using final data. See Technical Notes.,**,1398
MO,2017,February,12 month-ending,Number of Drug Overdose Deaths,1388,100,0.025346535,Missouri,Numbers may differ from published reports using final data. See Technical Notes.,**,1388
MO,2017,January,12 month-ending,Number of Drug Overdose Deaths,1394,100,0.020745895,Missouri,Numbers may differ from published reports using final data. See Technical Notes.,**,1394
MO,2017,July,12 month-ending,Number of Drug Overdose Deaths,1395,100,0.012563011,Missouri,Numbers may differ from published reports using final data. See Technical Notes.,**,1395
MO,2017,June,12 month-ending,Number of Drug Overdose Deaths,1403,100,0.014169658,Missouri,Numbers may differ from published reports using final data. See Technical Notes.,**,1403
MO,2017,March,12 month-ending,Number of Drug Overdose Deaths,1415,100,0.022028858,Missouri,Numbers may differ from published reports using final data. See Technical Notes.,**,1415
MO,2017,May,12 month-ending,Number of Drug Overdose Deaths,1403,100,0.020477278,Missouri,Numbers may differ from published reports using final data. See Technical Notes.,**,1403
MO,2017,November,12 month-ending,Number of Drug Overdose Deaths,1407,100,0.02811314,Missouri,Numbers may differ from published reports using final data. See Technical Notes.,**,1407
MO,2017,October,12 month-ending,Number of Drug Overdose Deaths,1428,100,0.0187814,Missouri,Numbers may differ from published reports using final data. See Technical Notes.,**,1428
MO,2017,September,12 month-ending,Number of Drug Overdose Deaths,1421,100,0.017207396,Missouri,Numbers may differ from published reports using final data. See Technical Notes.,**,1421
MO,2018,April,12 month-ending,Number of Drug Overdose Deaths,1440,100,0.021435899,Missouri,Numbers may differ from published reports using final data. See Technical Notes.,**,1440
MO,2018,August,12 month-ending,Number of Drug Overdose Deaths,1560,100,0.02441667,Missouri,Numbers may differ from published reports using final data. See Technical Notes.,**,1560
MO,2018,December,12 month-ending,Number of Drug Overdose Deaths,1635,100,0.015265544,Missouri,Numbers may differ from published reports using final data. See Technical Notes.,**,1635
MO,2018,February,12 month-ending,Number of Drug Overdose Deaths,1407,100,0.021544428,Missouri,Numbers may differ from published reports using final data. See Technical Notes.,**,1407
MO,2018,January,12 month-ending,Number of Drug Overdose Deaths,1397,100,0.024679171,Missouri,Numbers may differ from published reports using final data. See Technical Notes.,**,1397
MO,2018,July,12 month-ending,Number of Drug Overdose Deaths,1524,100,0.02601218,Missouri,Numbers may differ from published reports using final data. See Technical Notes.,**,1524
MO,2018,June,12 month-ending,Number of Drug Overdose Deaths,1495,100,0.024442408,Missouri,Numbers may differ from published reports using final data. See Technical Notes.,**,1495
MO,2018,March,12 month-ending,Number of Drug Overdose Deaths,1407,100,0.023106784,Missouri,Numbers may differ from published reports using final data. See Technical Notes.,**,1407
MO,2018,May,12 month-ending,Number of Drug Overdose Deaths,1455,100,0.022929819,Missouri,Numbers may differ from published reports using final data. See Technical Notes.,**,1455
MO,2018,November,12 month-ending,Number of Drug Overdose Deaths,1627,100,0.015195028,Missouri,Numbers may differ from published reports using final data. See Technical Notes.,**,1627
MO,2018,October,12 month-ending,Number of Drug Overdose Deaths,1598,100,0.019769157,Missouri,Numbers may differ from published reports using final data. See Technical Notes.,**,1598
MO,2018,September,12 month-ending,Number of Drug Overdose Deaths,1566,100,0.021345694,Missouri,Numbers may differ from published reports using final data. See Technical Notes.,**,1566
MO,2019,April,12 month-ending,Number of Drug Overdose Deaths,1647,100,0.018776111,Missouri,Numbers may differ from published reports using final data. See Technical Notes.,**,1647
MO,2019,August,12 month-ending,Number of Drug Overdose Deaths,1588,100,0.015507001,Missouri,Numbers may differ from published reports using final data. See Technical Notes.,**,1588
MO,2019,December,12 month-ending,Number of Drug Overdose Deaths,1603,100,0.01389382,Missouri,Numbers may differ from published reports using final data. See Technical Notes.,**,1603
MO,2019,February,12 month-ending,Number of Drug Overdose Deaths,1667,100,0.015601841,Missouri,Numbers may differ from published reports using final data. See Technical Notes.,**,1667
MO,2019,January,12 month-ending,Number of Drug Overdose Deaths,1664,100,0.017082072,Missouri,Numbers may differ from published reports using final data. See Technical Notes.,**,1664
MO,2019,July,12 month-ending,Number of Drug Overdose Deaths,1579,100,0.013939873,Missouri,Numbers may differ from published reports using final data. See Technical Notes.,**,1579
MO,2019,June,12 month-ending,Number of Drug Overdose Deaths,1582,100,0.015576324,Missouri,Numbers may differ from published reports using final data. See Technical Notes.,**,1582
MO,2019,March,12 month-ending,Number of Drug Overdose Deaths,1673,100,0.018712575,Missouri,Numbers may differ from published reports using final data. See Technical Notes.,**,1673
MO,2019,May,12 month-ending,Number of Drug Overdose Deaths,1635,100,0.017168722,Missouri,Numbers may differ from published reports using final data. See Technical Notes.,**,1635
MO,2019,November,12 month-ending,Number of Drug Overdose Deaths,1581,100,0.015451174,Missouri,Numbers may differ from published reports using final data. See Technical Notes.,**,1581
MO,2019,October,12 month-ending,Number of Drug Overdose Deaths,1584,100,0.018621685,Missouri,Numbers may differ from published reports using final data. See Technical Notes.,**,1584
MO,2019,September,12 month-ending,Number of Drug Overdose Deaths,1596,100,0.017037094,Missouri,Numbers may differ from published reports using final data. See Technical Notes.,**,1596
MO,2020,April,12 month-ending,Number of Drug Overdose Deaths,1749,100,0.010580891,Missouri,Numbers may differ from published reports using final data. See Technical Notes.,**,1749
MO,2020,August,12 month-ending,Number of Drug Overdose Deaths,1907,100,0.007314754,Missouri,Numbers may differ from published reports using final data. See Technical Notes.,**,1907
MO,2020,December,12 month-ending,Number of Drug Overdose Deaths,1915,100,0.009178161,Missouri,Numbers may differ from published reports using final data. See Technical Notes.,**,1915
MO,2020,February,12 month-ending,Number of Drug Overdose Deaths,1631,100,0.013793526,Missouri,Numbers may differ from published reports using final data. See Technical Notes.,**,1631
MO,2020,January,12 month-ending,Number of Drug Overdose Deaths,1597,100,0.01385532,Missouri,Numbers may differ from published reports using final data. See Technical Notes.,**,1597
MO,2020,July,12 month-ending,Number of Drug Overdose Deaths,1918,100,0.008901021,Missouri,Numbers may differ from published reports using final data. See Technical Notes.,**,1918
MO,2020,June,12 month-ending,Number of Drug Overdose Deaths,1897,100,0.008967403,Missouri,Numbers may differ from published reports using final data. See Technical Notes.,**,1897
MO,2020,March,12 month-ending,Number of Drug Overdose Deaths,1655,100,0.009186251,Missouri,Numbers may differ from published reports using final data. See Technical Notes.,**,1655
MO,2020,May,12 month-ending,Number of Drug Overdose Deaths,1834,100,0.009004682,Missouri,Numbers may differ from published reports using final data. See Technical Notes.,**,1834
MO,2020,November,12 month-ending,Number of Drug Overdose Deaths,1927,100,0.006809948,Missouri,Numbers may differ from published reports using final data. See Technical Notes.,**,1927
MO,2020,October,12 month-ending,Number of Drug Overdose Deaths,1917,100,0.008450704,Missouri,Numbers may differ from published reports using final data. See Technical Notes.,**,1917
MO,2020,September,12 month-ending,Number of Drug Overdose Deaths,1900,100,0.00865027,Missouri,Numbers may differ from published reports using final data. See Technical Notes.,**,1900
MO,2021,April,12 month-ending,Number of Drug Overdose Deaths,2000,100,0.016700281,Missouri,Numbers may differ from published reports using final data. See Technical Notes.,**,2000
MO,2021,August,12 month-ending,Number of Drug Overdose Deaths,2095,100,0.021379883,Missouri,Numbers may differ from published reports using final data. See Technical Notes.,**,2095
MO,2021,December,12 month-ending,Number of Drug Overdose Deaths,2195,100,0.018297066,Missouri,Numbers may differ from published reports using final data. See Technical Notes.,**,2195
MO,2021,February,12 month-ending,Number of Drug Overdose Deaths,1950,100,0.011509982,Missouri,Numbers may differ from published reports using final data. See Technical Notes.,**,1950
MO,2021,January,12 month-ending,Number of Drug Overdose Deaths,1946,100,0.00898219,Missouri,Numbers may differ from published reports using final data. See Technical Notes.,**,1946
MO,2021,July,12 month-ending,Number of Drug Overdose Deaths,2052,100,0.021688653,Missouri,Numbers may differ from published reports using final data. See Technical Notes.,**,2052
MO,2021,June,12 month-ending,Number of Drug Overdose Deaths,2039,100,0.017972682,Missouri,Numbers may differ from published reports using final data. See Technical Notes.,**,2039
MO,2021,March,12 month-ending,Number of Drug Overdose Deaths,1977,100,0.015343503,Missouri,Numbers may differ from published reports using final data. See Technical Notes.,**,1977
MO,2021,May,12 month-ending,Number of Drug Overdose Deaths,2014,100,0.016741143,Missouri,Numbers may differ from published reports using final data. See Technical Notes.,**,2014
MO,2021,November,12 month-ending,Number of Drug Overdose Deaths,2167,100,0.019278967,Missouri,Numbers may differ from published reports using final data. See Technical Notes.,**,2167
MO,2021,October,12 month-ending,Number of Drug Overdose Deaths,2141,100,0.018885028,Missouri,Numbers may differ from published reports using final data. See Technical Notes.,**,2141
MO,2021,September,12 month-ending,Number of Drug Overdose Deaths,2127,100,0.01999925,Missouri,Numbers may differ from published reports using final data. See Technical Notes.,**,2127
MO,2022,April,12 month-ending,Number of Drug Overdose Deaths,2175,100,0.007694577,Missouri,Numbers may differ from published reports using final data. See Technical Notes.,**,2175
MO,2022,August,12 month-ending,Number of Drug Overdose Deaths,2163,100,0.002632618,Missouri,Numbers may differ from published reports using final data. See Technical Notes.,**,2163
MO,2022,December,12 month-ending,Number of Drug Overdose Deaths,2212,100,0.002701899,Missouri,Numbers may differ from published reports using final data. See Technical Notes.,**,2212
MO,2022,February,12 month-ending,Number of Drug Overdose Deaths,2206,100,0.014109619,Missouri,Numbers may differ from published reports using final data. See Technical Notes.,**,2206
MO,2022,January,12 month-ending,Number of Drug Overdose Deaths,2209,100,0.016820858,Missouri,Numbers may differ from published reports using final data. See Technical Notes.,**,2209
MO,2022,July,12 month-ending,Number of Drug Overdose Deaths,2170,100,0.002580745,Missouri,Numbers may differ from published reports using final data. See Technical Notes.,**,2170
MO,2022,June,12 month-ending,Number of Drug Overdose Deaths,2153,100,0.006408038,Missouri,Numbers may differ from published reports using final data. See Technical Notes.,**,2153
MO,2022,March,12 month-ending,Number of Drug Overdose Deaths,2201,100,0.010241704,Missouri,Numbers may differ from published reports using final data. See Technical Notes.,**,2201
MO,2022,May,12 month-ending,Number of Drug Overdose Deaths,2158,100,0.00768738,Missouri,Numbers may differ from published reports using final data. See Technical Notes.,**,2158
MO,2022,November,12 month-ending,Number of Drug Overdose Deaths,2185,100,0.004043508,Missouri,Numbers may differ from published reports using final data. See Technical Notes.,**,2185
MO,2022,October,12 month-ending,Number of Drug Overdose Deaths,2190,100,0.004028143,Missouri,Numbers may differ from published reports using final data. See Technical Notes.,**,2190
MO,2022,September,12 month-ending,Number of Drug Overdose Deaths,2181,100,0.002669336,Missouri,Numbers may differ from published reports using final data. See Technical Notes.,**,2181
MO,2023,April,12 month-ending,Number of Drug Overdose Deaths,2241,100,0.005627066,Missouri,Underreported due to incomplete data.,*,2241
MO,2023,August,12 month-ending,Number of Drug Overdose Deaths,2144,100,0.009987729,Missouri,Underreported due to incomplete data.,*,2144
MO,2023,February,12 month-ending,Number of Drug Overdose Deaths,2215,100,0.004232685,Missouri,Underreported due to incomplete data.,*,2215
MO,2023,January,12 month-ending,Number of Drug Overdose Deaths,2203,100,0.004170838,Missouri,Underreported due to incomplete data.,*,2203
MO,2023,July,12 month-ending,Number of Drug Overdose Deaths,2151,100,0.008536186,Missouri,Underreported due to incomplete data.,*,2151
MO,2023,June,12 month-ending,Number of Drug Overdose Deaths,2193,100,0.007064841,Missouri,Underreported due to incomplete data.,*,2193
MO,2023,March,12 month-ending,Number of Drug Overdose Deaths,2251,100,0.004223627,Missouri,Underreported due to incomplete data.,*,2251
MO,2023,May,12 month-ending,Number of Drug Overdose Deaths,2222,100,0.007046124,Missouri,Underreported due to incomplete data.,*,2222
MO,2023,October,12 month-ending,Number of Drug Overdose Deaths,2092,100,0.007153178,Missouri,Underreported due to incomplete data.,*,2092
MO,2023,September,12 month-ending,Number of Drug Overdose Deaths,2105,100,0.008577065,Missouri,Underreported due to incomplete data.,*,2105
MS,2015,April,12 month-ending,Number of Drug Overdose Deaths,322,100,0,Mississippi,Numbers may differ from published reports using final data. See Technical Notes.,**,322
MS,2015,August,12 month-ending,Number of Drug Overdose Deaths,348,100,0.003220404,Mississippi,Numbers may differ from published reports using final data. See Technical Notes.,**,348
MS,2015,December,12 month-ending,Number of Drug Overdose Deaths,333,100,0.009675547,Mississippi,Numbers may differ from published reports using final data. See Technical Notes.,**,333
MS,2015,February,12 month-ending,Number of Drug Overdose Deaths,302,100,0,Mississippi,Numbers may differ from published reports using final data. See Technical Notes.,**,302
MS,2015,January,12 month-ending,Number of Drug Overdose Deaths,302,100,0,Mississippi,Numbers may differ from published reports using final data. See Technical Notes.,**,302
MS,2015,July,12 month-ending,Number of Drug Overdose Deaths,343,100,0,Mississippi,Numbers may differ from published reports using final data. See Technical Notes.,**,343
MS,2015,June,12 month-ending,Number of Drug Overdose Deaths,329,100,0,Mississippi,Numbers may differ from published reports using final data. See Technical Notes.,**,329
MS,2015,March,12 month-ending,Number of Drug Overdose Deaths,307,100,0,Mississippi,Numbers may differ from published reports using final data. See Technical Notes.,**,307
MS,2015,May,12 month-ending,Number of Drug Overdose Deaths,328,100,0,Mississippi,Numbers may differ from published reports using final data. See Technical Notes.,**,328
MS,2015,November,12 month-ending,Number of Drug Overdose Deaths,325,100,0.009637935,Mississippi,Numbers may differ from published reports using final data. See Technical Notes.,**,325
MS,2015,October,12 month-ending,Number of Drug Overdose Deaths,331,100,0.003208522,Mississippi,Numbers may differ from published reports using final data. See Technical Notes.,**,331
MS,2015,September,12 month-ending,Number of Drug Overdose Deaths,337,100,0.003218539,Mississippi,Numbers may differ from published reports using final data. See Technical Notes.,**,337
MS,2016,April,12 month-ending,Number of Drug Overdose Deaths,322,100,0.029220779,Mississippi,Numbers may differ from published reports using final data. See Technical Notes.,**,322
MS,2016,August,12 month-ending,Number of Drug Overdose Deaths,313,100,0.071705616,Mississippi,Numbers may differ from published reports using final data. See Technical Notes.,**,315
MS,2016,December,12 month-ending,Number of Drug Overdose Deaths,332,100,0.119293268,Mississippi,Numbers may differ from published reports using final data. See Technical Notes.,**,336
MS,2016,February,12 month-ending,Number of Drug Overdose Deaths,335,100,0.019406171,Mississippi,Numbers may differ from published reports using final data. See Technical Notes.,**,335
MS,2016,January,12 month-ending,Number of Drug Overdose Deaths,338,100,0.016103578,Mississippi,Numbers may differ from published reports using final data. See Technical Notes.,**,338
MS,2016,July,12 month-ending,Number of Drug Overdose Deaths,319,100,0.062111801,Mississippi,Numbers may differ from published reports using final data. See Technical Notes.,**,320
MS,2016,June,12 month-ending,Number of Drug Overdose Deaths,320,100,0.045618951,Mississippi,Numbers may differ from published reports using final data. See Technical Notes.,**,321
MS,2016,March,12 month-ending,Number of Drug Overdose Deaths,334,100,0.025894996,Mississippi,Numbers may differ from published reports using final data. See Technical Notes.,**,334
MS,2016,May,12 month-ending,Number of Drug Overdose Deaths,323,100,0.039021852,Mississippi,Numbers may differ from published reports using final data. See Technical Notes.,**,324
MS,2016,November,12 month-ending,Number of Drug Overdose Deaths,334,100,0.097263649,Mississippi,Numbers may differ from published reports using final data. See Technical Notes.,**,337
MS,2016,October,12 month-ending,Number of Drug Overdose Deaths,336,100,0.094425632,Mississippi,Numbers may differ from published reports using final data. See Technical Notes.,**,339
MS,2016,September,12 month-ending,Number of Drug Overdose Deaths,327,100,0.081582039,Mississippi,Numbers may differ from published reports using final data. See Technical Notes.,**,329
MS,2017,April,12 month-ending,Number of Drug Overdose Deaths,334,100,0.154654122,Mississippi,Numbers may differ from published reports using final data. See Technical Notes.,**,339
MS,2017,August,12 month-ending,Number of Drug Overdose Deaths,315,100,0.17116098799999999,Mississippi,Numbers may differ from published reports using final data. See Technical Notes.,**,321
MS,2017,December,12 month-ending,Number of Drug Overdose Deaths,329,100,0.222504768,Mississippi,Numbers may differ from published reports using final data. See Technical Notes.,**,337
MS,2017,February,12 month-ending,Number of Drug Overdose Deaths,323,100,0.129161419,Mississippi,Numbers may differ from published reports using final data. See Technical Notes.,**,327
MS,2017,January,12 month-ending,Number of Drug Overdose Deaths,329,100,0.122691463,Mississippi,Numbers may differ from published reports using final data. See Technical Notes.,**,333
MS,2017,July,12 month-ending,Number of Drug Overdose Deaths,327,100,0.163876482,Mississippi,Numbers may differ from published reports using final data. See Technical Notes.,**,332
MS,2017,June,12 month-ending,Number of Drug Overdose Deaths,331,100,0.167390954,Mississippi,Numbers may differ from published reports using final data. See Technical Notes.,**,337
MS,2017,March,12 month-ending,Number of Drug Overdose Deaths,327,100,0.125798336,Mississippi,Numbers may differ from published reports using final data. See Technical Notes.,**,331
MS,2017,May,12 month-ending,Number of Drug Overdose Deaths,329,100,0.151652039,Mississippi,Numbers may differ from published reports using final data. See Technical Notes.,**,334
MS,2017,November,12 month-ending,Number of Drug Overdose Deaths,330,100,0.202169309,Mississippi,Numbers may differ from published reports using final data. See Technical Notes.,**,337
MS,2017,October,12 month-ending,Number of Drug Overdose Deaths,319,100,0.202898551,Mississippi,Numbers may differ from published reports using final data. See Technical Notes.,**,326
MS,2017,September,12 month-ending,Number of Drug Overdose Deaths,318,100,0.186903841,Mississippi,Numbers may differ from published reports using final data. See Technical Notes.,**,324
MS,2018,April,12 month-ending,Number of Drug Overdose Deaths,314,100,0.374041519,Mississippi,Numbers may differ from published reports using final data. See Technical Notes.,**,328
MS,2018,August,12 month-ending,Number of Drug Overdose Deaths,325,100,0.56113224,Mississippi,Numbers may differ from published reports using final data. See Technical Notes.,**,347
MS,2018,December,12 month-ending,Number of Drug Overdose Deaths,290,100,0.697336867,Mississippi,Numbers may differ from published reports using final data. See Technical Notes.,**,315
MS,2018,February,12 month-ending,Number of Drug Overdose Deaths,337,100,0.314779031,Mississippi,Numbers may differ from published reports using final data. See Technical Notes.,**,349
MS,2018,January,12 month-ending,Number of Drug Overdose Deaths,324,100,0.265343073,Mississippi,Numbers may differ from published reports using final data. See Technical Notes.,**,334
MS,2018,July,12 month-ending,Number of Drug Overdose Deaths,308,100,0.500015625,Mississippi,Numbers may differ from published reports using final data. See Technical Notes.,**,327
MS,2018,June,12 month-ending,Number of Drug Overdose Deaths,307,100,0.446219615,Mississippi,Numbers may differ from published reports using final data. See Technical Notes.,**,323
MS,2018,March,12 month-ending,Number of Drug Overdose Deaths,327,100,0.365659281,Mississippi,Numbers may differ from published reports using final data. See Technical Notes.,**,341
MS,2018,May,12 month-ending,Number of Drug Overdose Deaths,313,100,0.406046977,Mississippi,Numbers may differ from published reports using final data. See Technical Notes.,**,328
MS,2018,November,12 month-ending,Number of Drug Overdose Deaths,299,100,0.684075717,Mississippi,Numbers may differ from published reports using final data. See Technical Notes.,**,325
MS,2018,October,12 month-ending,Number of Drug Overdose Deaths,308,100,0.646269123,Mississippi,Numbers may differ from published reports using final data. See Technical Notes.,**,333
MS,2018,September,12 month-ending,Number of Drug Overdose Deaths,315,100,0.608006984,Mississippi,Numbers may differ from published reports using final data. See Technical Notes.,**,339
MS,2019,April,12 month-ending,Number of Drug Overdose Deaths,290,100,0.669578803,Mississippi,Numbers may differ from published reports using final data. See Technical Notes.,**,314
MS,2019,August,12 month-ending,Number of Drug Overdose Deaths,330,100,0.576694039,Mississippi,Numbers may differ from published reports using final data. See Technical Notes.,**,353
MS,2019,December,12 month-ending,Number of Drug Overdose Deaths,365,100,0.511892128,Mississippi,Numbers may differ from published reports using final data. See Technical Notes.,**,387
MS,2019,February,12 month-ending,Number of Drug Overdose Deaths,273,100,0.672688833,Mississippi,Numbers may differ from published reports using final data. See Technical Notes.,**,296
MS,2019,January,12 month-ending,Number of Drug Overdose Deaths,288,100,0.706645681,Mississippi,Numbers may differ from published reports using final data. See Technical Notes.,**,314
MS,2019,July,12 month-ending,Number of Drug Overdose Deaths,333,100,0.631717896,Mississippi,Numbers may differ from published reports using final data. See Technical Notes.,**,359
MS,2019,June,12 month-ending,Number of Drug Overdose Deaths,325,100,0.66517449,Mississippi,Numbers may differ from published reports using final data. See Technical Notes.,**,352
MS,2019,March,12 month-ending,Number of Drug Overdose Deaths,285,100,0.657915748,Mississippi,Numbers may differ from published reports using final data. See Technical Notes.,**,308
MS,2019,May,12 month-ending,Number of Drug Overdose Deaths,303,100,0.669826224,Mississippi,Numbers may differ from published reports using final data. See Technical Notes.,**,328
MS,2019,November,12 month-ending,Number of Drug Overdose Deaths,347,100,0.507423417,Mississippi,Numbers may differ from published reports using final data. See Technical Notes.,**,368
MS,2019,October,12 month-ending,Number of Drug Overdose Deaths,342,100,0.507232763,Mississippi,Numbers may differ from published reports using final data. See Technical Notes.,**,363
MS,2019,September,12 month-ending,Number of Drug Overdose Deaths,335,100,0.545557158,Mississippi,Numbers may differ from published reports using final data. See Technical Notes.,**,357
MS,2020,April,12 month-ending,Number of Drug Overdose Deaths,420,100,0.388938229,Mississippi,Numbers may differ from published reports using final data. See Technical Notes.,**,439
MS,2020,August,12 month-ending,Number of Drug Overdose Deaths,491,100,0.300684893,Mississippi,Numbers may differ from published reports using final data. See Technical Notes.,**,507
MS,2020,December,12 month-ending,Number of Drug Overdose Deaths,532,100,0.249306775,Mississippi,Numbers may differ from published reports using final data. See Technical Notes.,**,546
MS,2020,February,12 month-ending,Number of Drug Overdose Deaths,397,100,0.458644036,Mississippi,Numbers may differ from published reports using final data. See Technical Notes.,**,419
MS,2020,January,12 month-ending,Number of Drug Overdose Deaths,379,100,0.471727585,Mississippi,Numbers may differ from published reports using final data. See Technical Notes.,**,400
MS,2020,July,12 month-ending,Number of Drug Overdose Deaths,462,100,0.298962256,Mississippi,Numbers may differ from published reports using final data. See Technical Notes.,**,477
MS,2020,June,12 month-ending,Number of Drug Overdose Deaths,451,100,0.325983879,Mississippi,Numbers may differ from published reports using final data. See Technical Notes.,**,468
MS,2020,March,12 month-ending,Number of Drug Overdose Deaths,399,100,0.435215121,Mississippi,Numbers may differ from published reports using final data. See Technical Notes.,**,419
MS,2020,May,12 month-ending,Number of Drug Overdose Deaths,442,100,0.367370291,Mississippi,Numbers may differ from published reports using final data. See Technical Notes.,**,461
MS,2020,November,12 month-ending,Number of Drug Overdose Deaths,522,100,0.29265206,Mississippi,Numbers may differ from published reports using final data. See Technical Notes.,**,539
MS,2020,October,12 month-ending,Number of Drug Overdose Deaths,509,100,0.320081769,Mississippi,Numbers may differ from published reports using final data. See Technical Notes.,**,527
MS,2020,September,12 month-ending,Number of Drug Overdose Deaths,497,100,0.306102927,Mississippi,Numbers may differ from published reports using final data. See Technical Notes.,**,514
MS,2021,April,12 month-ending,Number of Drug Overdose Deaths,659,100,0.202458424,Mississippi,Numbers may differ from published reports using final data. See Technical Notes.,**,673
MS,2021,August,12 month-ending,Number of Drug Overdose Deaths,693,100,0.139627171,Mississippi,Numbers may differ from published reports using final data. See Technical Notes.,**,702
MS,2021,December,12 month-ending,Number of Drug Overdose Deaths,746,100,0.101736973,Mississippi,Numbers may differ from published reports using final data. See Technical Notes.,**,752
MS,2021,February,12 month-ending,Number of Drug Overdose Deaths,596,100,0.216486662,Mississippi,Numbers may differ from published reports using final data. See Technical Notes.,**,609
MS,2021,January,12 month-ending,Number of Drug Overdose Deaths,561,100,0.23171862,Mississippi,Numbers may differ from published reports using final data. See Technical Notes.,**,575
MS,2021,July,12 month-ending,Number of Drug Overdose Deaths,695,100,0.171190393,Mississippi,Numbers may differ from published reports using final data. See Technical Notes.,**,707
MS,2021,June,12 month-ending,Number of Drug Overdose Deaths,674,100,0.174083609,Mississippi,Numbers may differ from published reports using final data. See Technical Notes.,**,686
MS,2021,March,12 month-ending,Number of Drug Overdose Deaths,628,100,0.205933766,Mississippi,Numbers may differ from published reports using final data. See Technical Notes.,**,641
MS,2021,May,12 month-ending,Number of Drug Overdose Deaths,668,100,0.185131053,Mississippi,Numbers may differ from published reports using final data. See Technical Notes.,**,680
MS,2021,November,12 month-ending,Number of Drug Overdose Deaths,737,100,0.092083263,Mississippi,Numbers may differ from published reports using final data. See Technical Notes.,**,742
MS,2021,October,12 month-ending,Number of Drug Overdose Deaths,731,100,0.081728805,Mississippi,Numbers may differ from published reports using final data. See Technical Notes.,**,735
MS,2021,September,12 month-ending,Number of Drug Overdose Deaths,713,100,0.103238818,Mississippi,Numbers may differ from published reports using final data. See Technical Notes.,**,719
MS,2022,April,12 month-ending,Number of Drug Overdose Deaths,697,100,0.094973882,Mississippi,Numbers may differ from published reports using final data. See Technical Notes.,**,702
MS,2022,August,12 month-ending,Number of Drug Overdose Deaths,683,100,0.099089937,Mississippi,Numbers may differ from published reports using final data. See Technical Notes.,**,688
MS,2022,December,12 month-ending,Number of Drug Overdose Deaths,702,100,0.135814206,Mississippi,Numbers may differ from published reports using final data. See Technical Notes.,**,711
MS,2022,February,12 month-ending,Number of Drug Overdose Deaths,719,100,0.102048436,Mississippi,Numbers may differ from published reports using final data. See Technical Notes.,**,725
MS,2022,January,12 month-ending,Number of Drug Overdose Deaths,744,100,0.09995502,Mississippi,Numbers may differ from published reports using final data. See Technical Notes.,**,750
MS,2022,July,12 month-ending,Number of Drug Overdose Deaths,685,100,0.090785293,Mississippi,Numbers may differ from published reports using final data. See Technical Notes.,**,690
MS,2022,June,12 month-ending,Number of Drug Overdose Deaths,703,100,0.090520493,Mississippi,Numbers may differ from published reports using final data. See Technical Notes.,**,708
MS,2022,March,12 month-ending,Number of Drug Overdose Deaths,722,100,0.097205952,Mississippi,Numbers may differ from published reports using final data. See Technical Notes.,**,728
MS,2022,May,12 month-ending,Number of Drug Overdose Deaths,706,100,0.092759727,Mississippi,Numbers may differ from published reports using final data. See Technical Notes.,**,711
MS,2022,November,12 month-ending,Number of Drug Overdose Deaths,692,100,0.116651294,Mississippi,Numbers may differ from published reports using final data. See Technical Notes.,**,699
MS,2022,October,12 month-ending,Number of Drug Overdose Deaths,696,100,0.1189768,Mississippi,Numbers may differ from published reports using final data. See Technical Notes.,**,703
MS,2022,September,12 month-ending,Number of Drug Overdose Deaths,694,100,0.105002423,Mississippi,Numbers may differ from published reports using final data. See Technical Notes.,**,700
MS,2023,April,12 month-ending,Number of Drug Overdose Deaths,669,100,0.25065545,Mississippi,Underreported due to incomplete data.,*,687
MS,2023,August,12 month-ending,Number of Drug Overdose Deaths,634,100,0.370629779,Mississippi,Underreported due to incomplete data.,*,662
MS,2023,February,12 month-ending,Number of Drug Overdose Deaths,697,100,0.179850981,Mississippi,Underreported due to incomplete data.,*,708
MS,2023,January,12 month-ending,Number of Drug Overdose Deaths,699,100,0.153760134,Mississippi,Underreported due to incomplete data.,*,705
MS,2023,July,12 month-ending,Number of Drug Overdose Deaths,633,100,0.352492207,Mississippi,Underreported due to incomplete data.,*,659
MS,2023,June,12 month-ending,Number of Drug Overdose Deaths,638,100,0.322896846,Mississippi,Underreported due to incomplete data.,*,661
MS,2023,March,12 month-ending,Number of Drug Overdose Deaths,677,100,0.218058704,Mississippi,Underreported due to incomplete data.,*,693
MS,2023,May,12 month-ending,Number of Drug Overdose Deaths,642,100,0.28502332,Mississippi,Underreported due to incomplete data.,*,663
MS,2023,October,12 month-ending,Number of Drug Overdose Deaths,594,100,0.393227103,Mississippi,Underreported due to incomplete data.,*,622
MS,2023,September,12 month-ending,Number of Drug Overdose Deaths,614,100,0.4,Mississippi,Underreported due to incomplete data.,*,643
MT,2015,April,12 month-ending,Number of Drug Overdose Deaths,126,100,0.199831721,Montana,Numbers may differ from published reports using final data. See Technical Notes.,**,129
MT,2015,August,12 month-ending,Number of Drug Overdose Deaths,121,100,0.163632645,Montana,Numbers may differ from published reports using final data. See Technical Notes.,**,123
MT,2015,December,12 month-ending,Number of Drug Overdose Deaths,131,100,0.141399859,Montana,Numbers may differ from published reports using final data. See Technical Notes.,**,133
MT,2015,February,12 month-ending,Number of Drug Overdose Deaths,125,100,0.210526316,Montana,Numbers may differ from published reports using final data. See Technical Notes.,**,128
MT,2015,January,12 month-ending,Number of Drug Overdose Deaths,121,100,0.210482004,Montana,Numbers may differ from published reports using final data. See Technical Notes.,**,124
MT,2015,July,12 month-ending,Number of Drug Overdose Deaths,128,100,0.174969123,Montana,Numbers may differ from published reports using final data. See Technical Notes.,**,131
MT,2015,June,12 month-ending,Number of Drug Overdose Deaths,132,100,0.186161961,Montana,Numbers may differ from published reports using final data. See Technical Notes.,**,135
MT,2015,March,12 month-ending,Number of Drug Overdose Deaths,129,100,0.221612495,Montana,Numbers may differ from published reports using final data. See Technical Notes.,**,132
MT,2015,May,12 month-ending,Number of Drug Overdose Deaths,135,100,0.197731294,Montana,Numbers may differ from published reports using final data. See Technical Notes.,**,138
MT,2015,November,12 month-ending,Number of Drug Overdose Deaths,128,100,0.112485939,Montana,Numbers may differ from published reports using final data. See Technical Notes.,**,130
MT,2015,October,12 month-ending,Number of Drug Overdose Deaths,126,100,0.122236936,Montana,Numbers may differ from published reports using final data. See Technical Notes.,**,128
MT,2015,September,12 month-ending,Number of Drug Overdose Deaths,125,100,0.123026451,Montana,Numbers may differ from published reports using final data. See Technical Notes.,**,127
MT,2016,April,12 month-ending,Number of Drug Overdose Deaths,128,100,0.150406096,Montana,Numbers may differ from published reports using final data. See Technical Notes.,**,130
MT,2016,August,12 month-ending,Number of Drug Overdose Deaths,130,100,0.182075663,Montana,Numbers may differ from published reports using final data. See Technical Notes.,**,133
MT,2016,December,12 month-ending,Number of Drug Overdose Deaths,114,100,0.140830902,Montana,Numbers may differ from published reports using final data. See Technical Notes.,**,116
MT,2016,February,12 month-ending,Number of Drug Overdose Deaths,120,100,0.151194436,Montana,Numbers may differ from published reports using final data. See Technical Notes.,**,122
MT,2016,January,12 month-ending,Number of Drug Overdose Deaths,126,100,0.142392189,Montana,Numbers may differ from published reports using final data. See Technical Notes.,**,128
MT,2016,July,12 month-ending,Number of Drug Overdose Deaths,127,100,0.181579744,Montana,Numbers may differ from published reports using final data. See Technical Notes.,**,130
MT,2016,June,12 month-ending,Number of Drug Overdose Deaths,121,100,0.182500253,Montana,Numbers may differ from published reports using final data. See Technical Notes.,**,124
MT,2016,March,12 month-ending,Number of Drug Overdose Deaths,125,100,0.150920616,Montana,Numbers may differ from published reports using final data. See Technical Notes.,**,127
MT,2016,May,12 month-ending,Number of Drug Overdose Deaths,123,100,0.171060576,Montana,Numbers may differ from published reports using final data. See Technical Notes.,**,125
MT,2016,November,12 month-ending,Number of Drug Overdose Deaths,120,100,0.171647819,Montana,Numbers may differ from published reports using final data. See Technical Notes.,**,122
MT,2016,October,12 month-ending,Number of Drug Overdose Deaths,120,100,0.172186772,Montana,Numbers may differ from published reports using final data. See Technical Notes.,**,122
MT,2016,September,12 month-ending,Number of Drug Overdose Deaths,123,100,0.172361351,Montana,Numbers may differ from published reports using final data. See Technical Notes.,**,126
MT,2017,April,12 month-ending,Number of Drug Overdose Deaths,125,100,0.107663698,Montana,Numbers may differ from published reports using final data. See Technical Notes.,**,127
MT,2017,August,12 month-ending,Number of Drug Overdose Deaths,117,100,0.058252427,Montana,Numbers may differ from published reports using final data. See Technical Notes.,**,118
MT,2017,December,12 month-ending,Number of Drug Overdose Deaths,118,100,0,Montana,Numbers may differ from published reports using final data. See Technical Notes.,**,118
MT,2017,February,12 month-ending,Number of Drug Overdose Deaths,131,100,0.118448327,Montana,Numbers may differ from published reports using final data. See Technical Notes.,**,133
MT,2017,January,12 month-ending,Number of Drug Overdose Deaths,119,100,0.129327497,Montana,Numbers may differ from published reports using final data. See Technical Notes.,**,121
MT,2017,July,12 month-ending,Number of Drug Overdose Deaths,119,100,0.068113263,Montana,Numbers may differ from published reports using final data. See Technical Notes.,**,120
MT,2017,June,12 month-ending,Number of Drug Overdose Deaths,124,100,0.077730276,Montana,Numbers may differ from published reports using final data. See Technical Notes.,**,125
MT,2017,March,12 month-ending,Number of Drug Overdose Deaths,128,100,0.107537394,Montana,Numbers may differ from published reports using final data. See Technical Notes.,**,130
MT,2017,May,12 month-ending,Number of Drug Overdose Deaths,127,100,0.087916382,Montana,Numbers may differ from published reports using final data. See Technical Notes.,**,128
MT,2017,November,12 month-ending,Number of Drug Overdose Deaths,115,100,0.019351717,Montana,Numbers may differ from published reports using final data. See Technical Notes.,**,115
MT,2017,October,12 month-ending,Number of Drug Overdose Deaths,123,100,0.038801048,Montana,Numbers may differ from published reports using final data. See Technical Notes.,**,124
MT,2017,September,12 month-ending,Number of Drug Overdose Deaths,119,100,0.048647597,Montana,Numbers may differ from published reports using final data. See Technical Notes.,**,120
MT,2018,April,12 month-ending,Number of Drug Overdose Deaths,97,100,0,Montana,Numbers may differ from published reports using final data. See Technical Notes.,**,97
MT,2018,August,12 month-ending,Number of Drug Overdose Deaths,109,100,0,Montana,Numbers may differ from published reports using final data. See Technical Notes.,**,109
MT,2018,December,12 month-ending,Number of Drug Overdose Deaths,117,100,0.020028039,Montana,Numbers may differ from published reports using final data. See Technical Notes.,**,117
MT,2018,February,12 month-ending,Number of Drug Overdose Deaths,105,100,0,Montana,Numbers may differ from published reports using final data. See Technical Notes.,**,105
MT,2018,January,12 month-ending,Number of Drug Overdose Deaths,114,100,0,Montana,Numbers may differ from published reports using final data. See Technical Notes.,**,114
MT,2018,July,12 month-ending,Number of Drug Overdose Deaths,105,100,0,Montana,Numbers may differ from published reports using final data. See Technical Notes.,**,105
MT,2018,June,12 month-ending,Number of Drug Overdose Deaths,107,100,0,Montana,Numbers may differ from published reports using final data. See Technical Notes.,**,107
MT,2018,March,12 month-ending,Number of Drug Overdose Deaths,99,100,0,Montana,Numbers may differ from published reports using final data. See Technical Notes.,**,99
MT,2018,May,12 month-ending,Number of Drug Overdose Deaths,97,100,0,Montana,Numbers may differ from published reports using final data. See Technical Notes.,**,97
MT,2018,November,12 month-ending,Number of Drug Overdose Deaths,116,100,0.019996001,Montana,Numbers may differ from published reports using final data. See Technical Notes.,**,116
MT,2018,October,12 month-ending,Number of Drug Overdose Deaths,112,100,0,Montana,Numbers may differ from published reports using final data. See Technical Notes.,**,112
MT,2018,September,12 month-ending,Number of Drug Overdose Deaths,112,100,0,Montana,Numbers may differ from published reports using final data. See Technical Notes.,**,112
MT,2019,April,12 month-ending,Number of Drug Overdose Deaths,129,100,0.019512195,Montana,Numbers may differ from published reports using final data. See Technical Notes.,**,129
MT,2019,August,12 month-ending,Number of Drug Overdose Deaths,138,100,0.019256692,Montana,Numbers may differ from published reports using final data. See Technical Notes.,**,138
MT,2019,December,12 month-ending,Number of Drug Overdose Deaths,139,100,0.009579462,Montana,Numbers may differ from published reports using final data. See Technical Notes.,**,139
MT,2019,February,12 month-ending,Number of Drug Overdose Deaths,123,100,0.019727757,Montana,Numbers may differ from published reports using final data. See Technical Notes.,**,123
MT,2019,January,12 month-ending,Number of Drug Overdose Deaths,120,100,0.019829467,Montana,Numbers may differ from published reports using final data. See Technical Notes.,**,120
MT,2019,July,12 month-ending,Number of Drug Overdose Deaths,133,100,0.019305019,Montana,Numbers may differ from published reports using final data. See Technical Notes.,**,133
MT,2019,June,12 month-ending,Number of Drug Overdose Deaths,123,100,0.019260401,Montana,Numbers may differ from published reports using final data. See Technical Notes.,**,123
MT,2019,March,12 month-ending,Number of Drug Overdose Deaths,124,100,0.019573302,Montana,Numbers may differ from published reports using final data. See Technical Notes.,**,124
MT,2019,May,12 month-ending,Number of Drug Overdose Deaths,126,100,0.019357336,Montana,Numbers may differ from published reports using final data. See Technical Notes.,**,126
MT,2019,November,12 month-ending,Number of Drug Overdose Deaths,140,100,0,Montana,Numbers may differ from published reports using final data. See Technical Notes.,**,140
MT,2019,October,12 month-ending,Number of Drug Overdose Deaths,134,100,0.019182812,Montana,Numbers may differ from published reports using final data. See Technical Notes.,**,134
MT,2019,September,12 month-ending,Number of Drug Overdose Deaths,137,100,0.019169942,Montana,Numbers may differ from published reports using final data. See Technical Notes.,**,137
MT,2020,April,12 month-ending,Number of Drug Overdose Deaths,151,100,0.009620935,Montana,Numbers may differ from published reports using final data. See Technical Notes.,**,151
MT,2020,August,12 month-ending,Number of Drug Overdose Deaths,142,100,0.009470594,Montana,Numbers may differ from published reports using final data. See Technical Notes.,**,142
MT,2020,December,12 month-ending,Number of Drug Overdose Deaths,157,100,0,Montana,Numbers may differ from published reports using final data. See Technical Notes.,**,157
MT,2020,February,12 month-ending,Number of Drug Overdose Deaths,137,100,0.009599693,Montana,Numbers may differ from published reports using final data. See Technical Notes.,**,137
MT,2020,January,12 month-ending,Number of Drug Overdose Deaths,139,100,0.00959785,Montana,Numbers may differ from published reports using final data. See Technical Notes.,**,139
MT,2020,July,12 month-ending,Number of Drug Overdose Deaths,144,100,0.009552923,Montana,Numbers may differ from published reports using final data. See Technical Notes.,**,144
MT,2020,June,12 month-ending,Number of Drug Overdose Deaths,150,100,0.009608917,Montana,Numbers may differ from published reports using final data. See Technical Notes.,**,150
MT,2020,March,12 month-ending,Number of Drug Overdose Deaths,141,100,0.009586809,Montana,Numbers may differ from published reports using final data. See Technical Notes.,**,141
MT,2020,May,12 month-ending,Number of Drug Overdose Deaths,153,100,0.009616309,Montana,Numbers may differ from published reports using final data. See Technical Notes.,**,153
MT,2020,November,12 month-ending,Number of Drug Overdose Deaths,153,100,0.008613264,Montana,Numbers may differ from published reports using final data. See Technical Notes.,**,153
MT,2020,October,12 month-ending,Number of Drug Overdose Deaths,152,100,0.008992806,Montana,Numbers may differ from published reports using final data. See Technical Notes.,**,152
MT,2020,September,12 month-ending,Number of Drug Overdose Deaths,147,100,0.009351912,Montana,Numbers may differ from published reports using final data. See Technical Notes.,**,147
MT,2021,April,12 month-ending,Number of Drug Overdose Deaths,163,100,0,Montana,Numbers may differ from published reports using final data. See Technical Notes.,**,163
MT,2021,August,12 month-ending,Number of Drug Overdose Deaths,189,100,0,Montana,Numbers may differ from published reports using final data. See Technical Notes.,**,189
MT,2021,December,12 month-ending,Number of Drug Overdose Deaths,189,100,0,Montana,Numbers may differ from published reports using final data. See Technical Notes.,**,189
MT,2021,February,12 month-ending,Number of Drug Overdose Deaths,166,100,0,Montana,Numbers may differ from published reports using final data. See Technical Notes.,**,166
MT,2021,January,12 month-ending,Number of Drug Overdose Deaths,165,100,0,Montana,Numbers may differ from published reports using final data. See Technical Notes.,**,165
MT,2021,July,12 month-ending,Number of Drug Overdose Deaths,181,100,0,Montana,Numbers may differ from published reports using final data. See Technical Notes.,**,181
MT,2021,June,12 month-ending,Number of Drug Overdose Deaths,176,100,0,Montana,Numbers may differ from published reports using final data. See Technical Notes.,**,176
MT,2021,March,12 month-ending,Number of Drug Overdose Deaths,164,100,0,Montana,Numbers may differ from published reports using final data. See Technical Notes.,**,164
MT,2021,May,12 month-ending,Number of Drug Overdose Deaths,173,100,0,Montana,Numbers may differ from published reports using final data. See Technical Notes.,**,173
MT,2021,November,12 month-ending,Number of Drug Overdose Deaths,184,100,0,Montana,Numbers may differ from published reports using final data. See Technical Notes.,**,184
MT,2021,October,12 month-ending,Number of Drug Overdose Deaths,186,100,0,Montana,Numbers may differ from published reports using final data. See Technical Notes.,**,186
MT,2021,September,12 month-ending,Number of Drug Overdose Deaths,191,100,0,Montana,Numbers may differ from published reports using final data. See Technical Notes.,**,191
MT,2022,April,12 month-ending,Number of Drug Overdose Deaths,199,100,0,Montana,Numbers may differ from published reports using final data. See Technical Notes.,**,199
MT,2022,August,12 month-ending,Number of Drug Overdose Deaths,190,100,0,Montana,Numbers may differ from published reports using final data. See Technical Notes.,**,190
MT,2022,December,12 month-ending,Number of Drug Overdose Deaths,191,100,0.008494012,Montana,Numbers may differ from published reports using final data. See Technical Notes.,**,191
MT,2022,February,12 month-ending,Number of Drug Overdose Deaths,190,100,0,Montana,Numbers may differ from published reports using final data. See Technical Notes.,**,190
MT,2022,January,12 month-ending,Number of Drug Overdose Deaths,185,100,0,Montana,Numbers may differ from published reports using final data. See Technical Notes.,**,185
MT,2022,July,12 month-ending,Number of Drug Overdose Deaths,194,100,0,Montana,Numbers may differ from published reports using final data. See Technical Notes.,**,194
MT,2022,June,12 month-ending,Number of Drug Overdose Deaths,197,100,0,Montana,Numbers may differ from published reports using final data. See Technical Notes.,**,197
MT,2022,March,12 month-ending,Number of Drug Overdose Deaths,204,100,0,Montana,Numbers may differ from published reports using final data. See Technical Notes.,**,204
MT,2022,May,12 month-ending,Number of Drug Overdose Deaths,199,100,0,Montana,Numbers may differ from published reports using final data. See Technical Notes.,**,199
MT,2022,November,12 month-ending,Number of Drug Overdose Deaths,195,100,0.008415383,Montana,Numbers may differ from published reports using final data. See Technical Notes.,**,195
MT,2022,October,12 month-ending,Number of Drug Overdose Deaths,193,100,0.008237232,Montana,Numbers may differ from published reports using final data. See Technical Notes.,**,193
MT,2022,September,12 month-ending,Number of Drug Overdose Deaths,186,100,0,Montana,Numbers may differ from published reports using final data. See Technical Notes.,**,186
MT,2023,April,12 month-ending,Number of Drug Overdose Deaths,180,100,0.078158923,Montana,Underreported due to incomplete data.,*,182
MT,2023,August,12 month-ending,Number of Drug Overdose Deaths,176,100,0.167829697,Montana,Underreported due to incomplete data.,*,180
MT,2023,February,12 month-ending,Number of Drug Overdose Deaths,191,100,0.026325026,Montana,Underreported due to incomplete data.,*,191
MT,2023,January,12 month-ending,Number of Drug Overdose Deaths,191,100,0.008642295,Montana,Underreported due to incomplete data.,*,191
MT,2023,July,12 month-ending,Number of Drug Overdose Deaths,182,100,0.140105079,Montana,Underreported due to incomplete data.,*,185
MT,2023,June,12 month-ending,Number of Drug Overdose Deaths,185,100,0.112886419,Montana,Underreported due to incomplete data.,*,187
MT,2023,March,12 month-ending,Number of Drug Overdose Deaths,183,100,0.035063114,Montana,Underreported due to incomplete data.,*,184
MT,2023,May,12 month-ending,Number of Drug Overdose Deaths,175,100,0.104730319,Montana,Underreported due to incomplete data.,*,177
MT,2023,October,12 month-ending,Number of Drug Overdose Deaths,178,100,0.25695552,Montana,Underreported due to incomplete data.,*,184
MT,2023,September,12 month-ending,Number of Drug Overdose Deaths,173,100,0.213352298,Montana,Underreported due to incomplete data.,*,177
NC,2015,April,12 month-ending,Number of Drug Overdose Deaths,1365,100,0.354321824,North Carolina,Numbers may differ from published reports using final data. See Technical Notes.,**,1419
NC,2015,August,12 month-ending,Number of Drug Overdose Deaths,1416,100,0.364995994,North Carolina,Numbers may differ from published reports using final data. See Technical Notes.,**,1474
NC,2015,December,12 month-ending,Number of Drug Overdose Deaths,1537,100,0.245487365,North Carolina,Numbers may differ from published reports using final data. See Technical Notes.,**,1577
NC,2015,February,12 month-ending,Number of Drug Overdose Deaths,1357,100,0.356557004,North Carolina,Numbers may differ from published reports using final data. See Technical Notes.,**,1411
NC,2015,January,12 month-ending,Number of Drug Overdose Deaths,1359,100,0.344305192,North Carolina,Numbers may differ from published reports using final data. See Technical Notes.,**,1411
NC,2015,July,12 month-ending,Number of Drug Overdose Deaths,1422,100,0.365948901,North Carolina,Numbers may differ from published reports using final data. See Technical Notes.,**,1481
NC,2015,June,12 month-ending,Number of Drug Overdose Deaths,1406,100,0.370918219,North Carolina,Numbers may differ from published reports using final data. See Technical Notes.,**,1465
NC,2015,March,12 month-ending,Number of Drug Overdose Deaths,1358,100,0.357530775,North Carolina,Numbers may differ from published reports using final data. See Technical Notes.,**,1412
NC,2015,May,12 month-ending,Number of Drug Overdose Deaths,1389,100,0.363665023,North Carolina,Numbers may differ from published reports using final data. See Technical Notes.,**,1446
NC,2015,November,12 month-ending,Number of Drug Overdose Deaths,1503,100,0.293697148,North Carolina,Numbers may differ from published reports using final data. See Technical Notes.,**,1551
NC,2015,October,12 month-ending,Number of Drug Overdose Deaths,1455,100,0.347183708,North Carolina,Numbers may differ from published reports using final data. See Technical Notes.,**,1511
NC,2015,September,12 month-ending,Number of Drug Overdose Deaths,1439,100,0.369995889,North Carolina,Numbers may differ from published reports using final data. See Technical Notes.,**,1499
NC,2016,April,12 month-ending,Number of Drug Overdose Deaths,1694,100,0.247273861,North Carolina,Numbers may differ from published reports using final data. See Technical Notes.,**,1738
NC,2016,August,12 month-ending,Number of Drug Overdose Deaths,1869,100,0.216083242,North Carolina,Numbers may differ from published reports using final data. See Technical Notes.,**,1910
NC,2016,December,12 month-ending,Number of Drug Overdose Deaths,1931,100,0.260536398,North Carolina,Numbers may differ from published reports using final data. See Technical Notes.,**,1984
NC,2016,February,12 month-ending,Number of Drug Overdose Deaths,1595,100,0.247715328,North Carolina,Numbers may differ from published reports using final data. See Technical Notes.,**,1636
NC,2016,January,12 month-ending,Number of Drug Overdose Deaths,1589,100,0.249933054,North Carolina,Numbers may differ from published reports using final data. See Technical Notes.,**,1631
NC,2016,July,12 month-ending,Number of Drug Overdose Deaths,1816,100,0.223075557,North Carolina,Numbers may differ from published reports using final data. See Technical Notes.,**,1858
NC,2016,June,12 month-ending,Number of Drug Overdose Deaths,1792,100,0.23330741,North Carolina,Numbers may differ from published reports using final data. See Technical Notes.,**,1835
NC,2016,March,12 month-ending,Number of Drug Overdose Deaths,1654,100,0.244539729,North Carolina,Numbers may differ from published reports using final data. See Technical Notes.,**,1696
NC,2016,May,12 month-ending,Number of Drug Overdose Deaths,1736,100,0.24218724,North Carolina,Numbers may differ from published reports using final data. See Technical Notes.,**,1780
NC,2016,November,12 month-ending,Number of Drug Overdose Deaths,1905,100,0.253097696,North Carolina,Numbers may differ from published reports using final data. See Technical Notes.,**,1956
NC,2016,October,12 month-ending,Number of Drug Overdose Deaths,1900,100,0.24948943,North Carolina,Numbers may differ from published reports using final data. See Technical Notes.,**,1950
NC,2016,September,12 month-ending,Number of Drug Overdose Deaths,1880,100,0.2302668,North Carolina,Numbers may differ from published reports using final data. See Technical Notes.,**,1925
NC,2017,April,12 month-ending,Number of Drug Overdose Deaths,2082,100,0.270162205,North Carolina,Numbers may differ from published reports using final data. See Technical Notes.,**,2142
NC,2017,August,12 month-ending,Number of Drug Overdose Deaths,2259,100,0.319837407,North Carolina,Numbers may differ from published reports using final data. See Technical Notes.,**,2338
NC,2017,December,12 month-ending,Number of Drug Overdose Deaths,2369,100,0.395530085,North Carolina,Numbers may differ from published reports using final data. See Technical Notes.,**,2475
NC,2017,February,12 month-ending,Number of Drug Overdose Deaths,2019,100,0.252260516,North Carolina,Numbers may differ from published reports using final data. See Technical Notes.,**,2073
NC,2017,January,12 month-ending,Number of Drug Overdose Deaths,1974,100,0.256816567,North Carolina,Numbers may differ from published reports using final data. See Technical Notes.,**,2027
NC,2017,July,12 month-ending,Number of Drug Overdose Deaths,2204,100,0.293100857,North Carolina,Numbers may differ from published reports using final data. See Technical Notes.,**,2274
NC,2017,June,12 month-ending,Number of Drug Overdose Deaths,2165,100,0.272256718,North Carolina,Numbers may differ from published reports using final data. See Technical Notes.,**,2228
NC,2017,March,12 month-ending,Number of Drug Overdose Deaths,2049,100,0.254618343,North Carolina,Numbers may differ from published reports using final data. See Technical Notes.,**,2104
NC,2017,May,12 month-ending,Number of Drug Overdose Deaths,2106,100,0.274852604,North Carolina,Numbers may differ from published reports using final data. See Technical Notes.,**,2168
NC,2017,November,12 month-ending,Number of Drug Overdose Deaths,2332,100,0.360660286,North Carolina,Numbers may differ from published reports using final data. See Technical Notes.,**,2426
NC,2017,October,12 month-ending,Number of Drug Overdose Deaths,2335,100,0.325354156,North Carolina,Numbers may differ from published reports using final data. See Technical Notes.,**,2419
NC,2017,September,12 month-ending,Number of Drug Overdose Deaths,2320,100,0.321995948,North Carolina,Numbers may differ from published reports using final data. See Technical Notes.,**,2402
NC,2018,April,12 month-ending,Number of Drug Overdose Deaths,2282,100,0.364337309,North Carolina,Numbers may differ from published reports using final data. See Technical Notes.,**,2375
NC,2018,August,12 month-ending,Number of Drug Overdose Deaths,2224,100,0.337152279,North Carolina,Numbers may differ from published reports using final data. See Technical Notes.,**,2307
NC,2018,December,12 month-ending,Number of Drug Overdose Deaths,2246,100,0.299549621,North Carolina,Numbers may differ from published reports using final data. See Technical Notes.,**,2319
NC,2018,February,12 month-ending,Number of Drug Overdose Deaths,2331,100,0.385504202,North Carolina,Numbers may differ from published reports using final data. See Technical Notes.,**,2433
NC,2018,January,12 month-ending,Number of Drug Overdose Deaths,2358,100,0.39373809,North Carolina,Numbers may differ from published reports using final data. See Technical Notes.,**,2463
NC,2018,July,12 month-ending,Number of Drug Overdose Deaths,2272,100,0.356071172,North Carolina,Numbers may differ from published reports using final data. See Technical Notes.,**,2362
NC,2018,June,12 month-ending,Number of Drug Overdose Deaths,2287,100,0.360297536,North Carolina,Numbers may differ from published reports using final data. See Technical Notes.,**,2379
NC,2018,March,12 month-ending,Number of Drug Overdose Deaths,2293,100,0.383007988,North Carolina,Numbers may differ from published reports using final data. See Technical Notes.,**,2392
NC,2018,May,12 month-ending,Number of Drug Overdose Deaths,2288,100,0.361500705,North Carolina,Numbers may differ from published reports using final data. See Technical Notes.,**,2381
NC,2018,November,12 month-ending,Number of Drug Overdose Deaths,2275,100,0.319111963,North Carolina,Numbers may differ from published reports using final data. See Technical Notes.,**,2355
NC,2018,October,12 month-ending,Number of Drug Overdose Deaths,2245,100,0.318760423,North Carolina,Numbers may differ from published reports using final data. See Technical Notes.,**,2323
NC,2018,September,12 month-ending,Number of Drug Overdose Deaths,2231,100,0.326897646,North Carolina,Numbers may differ from published reports using final data. See Technical Notes.,**,2311
NC,2019,April,12 month-ending,Number of Drug Overdose Deaths,2323,100,0.354157663,North Carolina,Numbers may differ from published reports using final data. See Technical Notes.,**,2415
NC,2019,August,12 month-ending,Number of Drug Overdose Deaths,2266,100,0.460339943,North Carolina,Numbers may differ from published reports using final data. See Technical Notes.,**,2387
NC,2019,December,12 month-ending,Number of Drug Overdose Deaths,2236,100,0.553360501,North Carolina,Numbers may differ from published reports using final data. See Technical Notes.,**,2383
NC,2019,February,12 month-ending,Number of Drug Overdose Deaths,2263,100,0.320049337,North Carolina,Numbers may differ from published reports using final data. See Technical Notes.,**,2342
NC,2019,January,12 month-ending,Number of Drug Overdose Deaths,2225,100,0.30595384,North Carolina,Numbers may differ from published reports using final data. See Technical Notes.,**,2299
NC,2019,July,12 month-ending,Number of Drug Overdose Deaths,2288,100,0.421821979,North Carolina,Numbers may differ from published reports using final data. See Technical Notes.,**,2399
NC,2019,June,12 month-ending,Number of Drug Overdose Deaths,2285,100,0.399518904,North Carolina,Numbers may differ from published reports using final data. See Technical Notes.,**,2389
NC,2019,March,12 month-ending,Number of Drug Overdose Deaths,2315,100,0.336757386,North Carolina,Numbers may differ from published reports using final data. See Technical Notes.,**,2401
NC,2019,May,12 month-ending,Number of Drug Overdose Deaths,2300,100,0.363987287,North Carolina,Numbers may differ from published reports using final data. See Technical Notes.,**,2394
NC,2019,November,12 month-ending,Number of Drug Overdose Deaths,2249,100,0.513909755,North Carolina,Numbers may differ from published reports using final data. See Technical Notes.,**,2385
NC,2019,October,12 month-ending,Number of Drug Overdose Deaths,2252,100,0.50706679,North Carolina,Numbers may differ from published reports using final data. See Technical Notes.,**,2386
NC,2019,September,12 month-ending,Number of Drug Overdose Deaths,2256,100,0.487014673,North Carolina,Numbers may differ from published reports using final data. See Technical Notes.,**,2385
NC,2020,April,12 month-ending,Number of Drug Overdose Deaths,2422,100,0.544270382,North Carolina,Numbers may differ from published reports using final data. See Technical Notes.,**,2579
NC,2020,August,12 month-ending,Number of Drug Overdose Deaths,2889,100,0.544576197,North Carolina,Numbers may differ from published reports using final data. See Technical Notes.,**,3076
NC,2020,December,12 month-ending,Number of Drug Overdose Deaths,3121,100,0.549520419,North Carolina,Numbers may differ from published reports using final data. See Technical Notes.,**,3325
NC,2020,February,12 month-ending,Number of Drug Overdose Deaths,2307,100,0.545874016,North Carolina,Numbers may differ from published reports using final data. See Technical Notes.,**,2457
NC,2020,January,12 month-ending,Number of Drug Overdose Deaths,2279,100,0.552788177,North Carolina,Numbers may differ from published reports using final data. See Technical Notes.,**,2429
NC,2020,July,12 month-ending,Number of Drug Overdose Deaths,2770,100,0.575908965,North Carolina,Numbers may differ from published reports using final data. See Technical Notes.,**,2961
NC,2020,June,12 month-ending,Number of Drug Overdose Deaths,2661,100,0.592156193,North Carolina,Numbers may differ from published reports using final data. See Technical Notes.,**,2850
NC,2020,March,12 month-ending,Number of Drug Overdose Deaths,2327,100,0.540978895,North Carolina,Numbers may differ from published reports using final data. See Technical Notes.,**,2476
NC,2020,May,12 month-ending,Number of Drug Overdose Deaths,2598,100,0.581982783,North Carolina,Numbers may differ from published reports using final data. See Technical Notes.,**,2779
NC,2020,November,12 month-ending,Number of Drug Overdose Deaths,3049,100,0.544237974,North Carolina,Numbers may differ from published reports using final data. See Technical Notes.,**,3246
NC,2020,October,12 month-ending,Number of Drug Overdose Deaths,2972,100,0.53005879,North Carolina,Numbers may differ from published reports using final data. See Technical Notes.,**,3158
NC,2020,September,12 month-ending,Number of Drug Overdose Deaths,2924,100,0.525622916,North Carolina,Numbers may differ from published reports using final data. See Technical Notes.,**,3106
NC,2021,April,12 month-ending,Number of Drug Overdose Deaths,3450,100,0.570965992,North Carolina,Numbers may differ from published reports using final data. See Technical Notes.,**,3685
NC,2021,August,12 month-ending,Number of Drug Overdose Deaths,3569,100,0.547222483,North Carolina,Numbers may differ from published reports using final data. See Technical Notes.,**,3801
NC,2021,December,12 month-ending,Number of Drug Overdose Deaths,3900,100,0.493488806,North Carolina,Numbers may differ from published reports using final data. See Technical Notes.,**,4125
NC,2021,February,12 month-ending,Number of Drug Overdose Deaths,3282,100,0.552147769,North Carolina,Numbers may differ from published reports using final data. See Technical Notes.,**,3498
NC,2021,January,12 month-ending,Number of Drug Overdose Deaths,3221,100,0.550502005,North Carolina,Numbers may differ from published reports using final data. See Technical Notes.,**,3432
NC,2021,July,12 month-ending,Number of Drug Overdose Deaths,3538,100,0.53291482,North Carolina,Numbers may differ from published reports using final data. See Technical Notes.,**,3761
NC,2021,June,12 month-ending,Number of Drug Overdose Deaths,3479,100,0.525758736,North Carolina,Numbers may differ from published reports using final data. See Technical Notes.,**,3695
NC,2021,March,12 month-ending,Number of Drug Overdose Deaths,3401,100,0.560791138,North Carolina,Numbers may differ from published reports using final data. See Technical Notes.,**,3628
NC,2021,May,12 month-ending,Number of Drug Overdose Deaths,3424,100,0.542304017,North Carolina,Numbers may differ from published reports using final data. See Technical Notes.,**,3644
NC,2021,November,12 month-ending,Number of Drug Overdose Deaths,3777,100,0.518722375,North Carolina,Numbers may differ from published reports using final data. See Technical Notes.,**,4008
NC,2021,October,12 month-ending,Number of Drug Overdose Deaths,3722,100,0.545856979,North Carolina,Numbers may differ from published reports using final data. See Technical Notes.,**,3963
NC,2021,September,12 month-ending,Number of Drug Overdose Deaths,3647,100,0.543838594,North Carolina,Numbers may differ from published reports using final data. See Technical Notes.,**,3882
NC,2022,April,12 month-ending,Number of Drug Overdose Deaths,3986,100,0.460274987,North Carolina,Numbers may differ from published reports using final data. See Technical Notes.,**,4198
NC,2022,August,12 month-ending,Number of Drug Overdose Deaths,4078,100,0.433691909,North Carolina,Numbers may differ from published reports using final data. See Technical Notes.,**,4281
NC,2022,December,12 month-ending,Number of Drug Overdose Deaths,4202,100,0.398978334,North Carolina,Numbers may differ from published reports using final data. See Technical Notes.,**,4392
NC,2022,February,12 month-ending,Number of Drug Overdose Deaths,3945,100,0.490187835,North Carolina,Numbers may differ from published reports using final data. See Technical Notes.,**,4171
NC,2022,January,12 month-ending,Number of Drug Overdose Deaths,3906,100,0.488147409,North Carolina,Numbers may differ from published reports using final data. See Technical Notes.,**,4129
NC,2022,July,12 month-ending,Number of Drug Overdose Deaths,4022,100,0.441797764,North Carolina,Numbers may differ from published reports using final data. See Technical Notes.,**,4227
NC,2022,June,12 month-ending,Number of Drug Overdose Deaths,4058,100,0.451526108,North Carolina,Numbers may differ from published reports using final data. See Technical Notes.,**,4270
NC,2022,March,12 month-ending,Number of Drug Overdose Deaths,3951,100,0.476246472,North Carolina,Numbers may differ from published reports using final data. See Technical Notes.,**,4170
NC,2022,May,12 month-ending,Number of Drug Overdose Deaths,4011,100,0.46222882,North Carolina,Numbers may differ from published reports using final data. See Technical Notes.,**,4226
NC,2022,November,12 month-ending,Number of Drug Overdose Deaths,4213,100,0.403084165,North Carolina,Numbers may differ from published reports using final data. See Technical Notes.,**,4406
NC,2022,October,12 month-ending,Number of Drug Overdose Deaths,4168,100,0.411825526,North Carolina,Numbers may differ from published reports using final data. See Technical Notes.,**,4364
NC,2022,September,12 month-ending,Number of Drug Overdose Deaths,4136,100,0.43112048,North Carolina,Numbers may differ from published reports using final data. See Technical Notes.,**,4341
NC,2023,April,12 month-ending,Number of Drug Overdose Deaths,4095,100,0.644101816,North Carolina,Underreported due to incomplete data.,*,4417
NC,2023,August,12 month-ending,Number of Drug Overdose Deaths,3360,100,1.645254145,North Carolina,Underreported due to incomplete data.,*,4163
NC,2023,February,12 month-ending,Number of Drug Overdose Deaths,4235,100,0.439057855,North Carolina,Underreported due to incomplete data.,*,4438
NC,2023,January,12 month-ending,Number of Drug Overdose Deaths,4225,100,0.425004268,North Carolina,Underreported due to incomplete data.,*,4405
NC,2023,July,12 month-ending,Number of Drug Overdose Deaths,3591,100,1.376260425,North Carolina,Underreported due to incomplete data.,*,4279
NC,2023,June,12 month-ending,Number of Drug Overdose Deaths,3735,100,1.130919729,North Carolina,Underreported due to incomplete data.,*,4295
NC,2023,March,12 month-ending,Number of Drug Overdose Deaths,4239,100,0.480224957,North Carolina,Underreported due to incomplete data.,*,4480
NC,2023,May,12 month-ending,Number of Drug Overdose Deaths,3938,100,0.879513895,North Carolina,Underreported due to incomplete data.,*,4384
NC,2023,October,12 month-ending,Number of Drug Overdose Deaths,2881,100,2.244980884,North Carolina,Underreported due to incomplete data.,*,3912
NC,2023,September,12 month-ending,Number of Drug Overdose Deaths,3133,100,1.928656296,North Carolina,Underreported due to incomplete data.,*,4044
ND,2015,April,12 month-ending,Number of Drug Overdose Deaths,61,100,0.273184759,North Dakota,Numbers may differ from published reports using final data. See Technical Notes.,**,63
ND,2015,August,12 month-ending,Number of Drug Overdose Deaths,70,100,0.284900285,North Dakota,Numbers may differ from published reports using final data. See Technical Notes.,**,73
ND,2015,December,12 month-ending,Number of Drug Overdose Deaths,66,100,0.145433392,North Dakota,Numbers may differ from published reports using final data. See Technical Notes.,**,67
ND,2015,February,12 month-ending,Number of Drug Overdose Deaths,65,100,0.274804744,North Dakota,Numbers may differ from published reports using final data. See Technical Notes.,**,67
ND,2015,January,12 month-ending,Number of Drug Overdose Deaths,65,100,0.275882097,North Dakota,Numbers may differ from published reports using final data. See Technical Notes.,**,67
ND,2015,July,12 month-ending,Number of Drug Overdose Deaths,68,100,0.284575982,North Dakota,Numbers may differ from published reports using final data. See Technical Notes.,**,71
ND,2015,June,12 month-ending,Number of Drug Overdose Deaths,71,100,0.286204923,North Dakota,Numbers may differ from published reports using final data. See Technical Notes.,**,74
ND,2015,March,12 month-ending,Number of Drug Overdose Deaths,64,100,0.274606157,North Dakota,Numbers may differ from published reports using final data. See Technical Notes.,**,66
ND,2015,May,12 month-ending,Number of Drug Overdose Deaths,67,100,0.273578114,North Dakota,Numbers may differ from published reports using final data. See Technical Notes.,**,69
ND,2015,November,12 month-ending,Number of Drug Overdose Deaths,63,100,0.243378669,North Dakota,Numbers may differ from published reports using final data. See Technical Notes.,**,65
ND,2015,October,12 month-ending,Number of Drug Overdose Deaths,68,100,0.25799054,North Dakota,Numbers may differ from published reports using final data. See Technical Notes.,**,70
ND,2015,September,12 month-ending,Number of Drug Overdose Deaths,71,100,0.284575982,North Dakota,Numbers may differ from published reports using final data. See Technical Notes.,**,74
ND,2016,April,12 month-ending,Number of Drug Overdose Deaths,73,100,0.149723012,North Dakota,Numbers may differ from published reports using final data. See Technical Notes.,**,74
ND,2016,August,12 month-ending,Number of Drug Overdose Deaths,68,100,0.150557061,North Dakota,Numbers may differ from published reports using final data. See Technical Notes.,**,69
ND,2016,December,12 month-ending,Number of Drug Overdose Deaths,80,100,0.249779606,North Dakota,Numbers may differ from published reports using final data. See Technical Notes.,**,83
ND,2016,February,12 month-ending,Number of Drug Overdose Deaths,59,100,0.163447251,North Dakota,Numbers may differ from published reports using final data. See Technical Notes.,**,60
ND,2016,January,12 month-ending,Number of Drug Overdose Deaths,62,100,0.148060409,North Dakota,Numbers may differ from published reports using final data. See Technical Notes.,**,63
ND,2016,July,12 month-ending,Number of Drug Overdose Deaths,65,100,0.164818699,North Dakota,Numbers may differ from published reports using final data. See Technical Notes.,**,66
ND,2016,June,12 month-ending,Number of Drug Overdose Deaths,65,100,0.17873101,North Dakota,Numbers may differ from published reports using final data. See Technical Notes.,**,67
ND,2016,March,12 month-ending,Number of Drug Overdose Deaths,66,100,0.178465199,North Dakota,Numbers may differ from published reports using final data. See Technical Notes.,**,68
ND,2016,May,12 month-ending,Number of Drug Overdose Deaths,66,100,0.194029851,North Dakota,Numbers may differ from published reports using final data. See Technical Notes.,**,68
ND,2016,November,12 month-ending,Number of Drug Overdose Deaths,79,100,0.192849726,North Dakota,Numbers may differ from published reports using final data. See Technical Notes.,**,81
ND,2016,October,12 month-ending,Number of Drug Overdose Deaths,73,100,0.16403221,North Dakota,Numbers may differ from published reports using final data. See Technical Notes.,**,75
ND,2016,September,12 month-ending,Number of Drug Overdose Deaths,72,100,0.166238477,North Dakota,Numbers may differ from published reports using final data. See Technical Notes.,**,74
ND,2017,April,12 month-ending,Number of Drug Overdose Deaths,78,100,0.243902439,North Dakota,Numbers may differ from published reports using final data. See Technical Notes.,**,80
ND,2017,August,12 month-ending,Number of Drug Overdose Deaths,81,100,0.255645505,North Dakota,Numbers may differ from published reports using final data. See Technical Notes.,**,84
ND,2017,December,12 month-ending,Number of Drug Overdose Deaths,76,100,0.225733634,North Dakota,Numbers may differ from published reports using final data. See Technical Notes.,**,78
ND,2017,February,12 month-ending,Number of Drug Overdose Deaths,84,100,0.246877723,North Dakota,Numbers may differ from published reports using final data. See Technical Notes.,**,87
ND,2017,January,12 month-ending,Number of Drug Overdose Deaths,81,100,0.263004091,North Dakota,Numbers may differ from published reports using final data. See Technical Notes.,**,84
ND,2017,July,12 month-ending,Number of Drug Overdose Deaths,83,100,0.243587907,North Dakota,Numbers may differ from published reports using final data. See Technical Notes.,**,86
ND,2017,June,12 month-ending,Number of Drug Overdose Deaths,81,100,0.229522307,North Dakota,Numbers may differ from published reports using final data. See Technical Notes.,**,83
ND,2017,March,12 month-ending,Number of Drug Overdose Deaths,80,100,0.246305419,North Dakota,Numbers may differ from published reports using final data. See Technical Notes.,**,83
ND,2017,May,12 month-ending,Number of Drug Overdose Deaths,80,100,0.200832018,North Dakota,Numbers may differ from published reports using final data. See Technical Notes.,**,82
ND,2017,November,12 month-ending,Number of Drug Overdose Deaths,74,100,0.240656852,North Dakota,Numbers may differ from published reports using final data. See Technical Notes.,**,76
ND,2017,October,12 month-ending,Number of Drug Overdose Deaths,75,100,0.241237406,North Dakota,Numbers may differ from published reports using final data. See Technical Notes.,**,77
ND,2017,September,12 month-ending,Number of Drug Overdose Deaths,77,100,0.226020624,North Dakota,Numbers may differ from published reports using final data. See Technical Notes.,**,79
ND,2018,April,12 month-ending,Number of Drug Overdose Deaths,76,100,0.197740113,North Dakota,Numbers may differ from published reports using final data. See Technical Notes.,**,78
ND,2018,August,12 month-ending,Number of Drug Overdose Deaths,67,100,0.170769888,North Dakota,Numbers may differ from published reports using final data. See Technical Notes.,**,69
ND,2018,December,12 month-ending,Number of Drug Overdose Deaths,70,100,0.085324232,North Dakota,Numbers may differ from published reports using final data. See Technical Notes.,**,71
ND,2018,February,12 month-ending,Number of Drug Overdose Deaths,78,100,0.210084034,North Dakota,Numbers may differ from published reports using final data. See Technical Notes.,**,80
ND,2018,January,12 month-ending,Number of Drug Overdose Deaths,81,100,0.209702223,North Dakota,Numbers may differ from published reports using final data. See Technical Notes.,**,83
ND,2018,July,12 month-ending,Number of Drug Overdose Deaths,69,100,0.183927561,North Dakota,Numbers may differ from published reports using final data. See Technical Notes.,**,71
ND,2018,June,12 month-ending,Number of Drug Overdose Deaths,72,100,0.184606646,North Dakota,Numbers may differ from published reports using final data. See Technical Notes.,**,74
ND,2018,March,12 month-ending,Number of Drug Overdose Deaths,76,100,0.196601601,North Dakota,Numbers may differ from published reports using final data. See Technical Notes.,**,78
ND,2018,May,12 month-ending,Number of Drug Overdose Deaths,73,100,0.212224109,North Dakota,Numbers may differ from published reports using final data. See Technical Notes.,**,75
ND,2018,November,12 month-ending,Number of Drug Overdose Deaths,71,100,0.113733295,North Dakota,Numbers may differ from published reports using final data. See Technical Notes.,**,72
ND,2018,October,12 month-ending,Number of Drug Overdose Deaths,74,100,0.14202528,North Dakota,Numbers may differ from published reports using final data. See Technical Notes.,**,75
ND,2018,September,12 month-ending,Number of Drug Overdose Deaths,72,100,0.171159606,North Dakota,Numbers may differ from published reports using final data. See Technical Notes.,**,74
ND,2019,April,12 month-ending,Number of Drug Overdose Deaths,75,100,0.085348506,North Dakota,Numbers may differ from published reports using final data. See Technical Notes.,**,76
ND,2019,August,12 month-ending,Number of Drug Overdose Deaths,88,100,0.096206707,North Dakota,Numbers may differ from published reports using final data. See Technical Notes.,**,89
ND,2019,December,12 month-ending,Number of Drug Overdose Deaths,90,100,0.243572395,North Dakota,Numbers may differ from published reports using final data. See Technical Notes.,**,93
ND,2019,February,12 month-ending,Number of Drug Overdose Deaths,70,100,0.085910653,North Dakota,Numbers may differ from published reports using final data. See Technical Notes.,**,71
ND,2019,January,12 month-ending,Number of Drug Overdose Deaths,63,100,0.085959885,North Dakota,Numbers may differ from published reports using final data. See Technical Notes.,**,64
ND,2019,July,12 month-ending,Number of Drug Overdose Deaths,86,100,0.083391244,North Dakota,Numbers may differ from published reports using final data. See Technical Notes.,**,87
ND,2019,June,12 month-ending,Number of Drug Overdose Deaths,76,100,0.097249236,North Dakota,Numbers may differ from published reports using final data. See Technical Notes.,**,77
ND,2019,March,12 month-ending,Number of Drug Overdose Deaths,76,100,0.086083214,North Dakota,Numbers may differ from published reports using final data. See Technical Notes.,**,77
ND,2019,May,12 month-ending,Number of Drug Overdose Deaths,74,100,0.098231827,North Dakota,Numbers may differ from published reports using final data. See Technical Notes.,**,75
ND,2019,November,12 month-ending,Number of Drug Overdose Deaths,88,100,0.163309744,North Dakota,Numbers may differ from published reports using final data. See Technical Notes.,**,90
ND,2019,October,12 month-ending,Number of Drug Overdose Deaths,81,100,0.10940919,North Dakota,Numbers may differ from published reports using final data. See Technical Notes.,**,82
ND,2019,September,12 month-ending,Number of Drug Overdose Deaths,84,100,0.095719951,North Dakota,Numbers may differ from published reports using final data. See Technical Notes.,**,85
ND,2020,April,12 month-ending,Number of Drug Overdose Deaths,106,100,0.25109026,North Dakota,Numbers may differ from published reports using final data. See Technical Notes.,**,109
ND,2020,August,12 month-ending,Number of Drug Overdose Deaths,108,100,0.223625362,North Dakota,Numbers may differ from published reports using final data. See Technical Notes.,**,111
ND,2020,December,12 month-ending,Number of Drug Overdose Deaths,123,100,0.045253988,North Dakota,Numbers may differ from published reports using final data. See Technical Notes.,**,124
ND,2020,February,12 month-ending,Number of Drug Overdose Deaths,101,100,0.239968004,North Dakota,Numbers may differ from published reports using final data. See Technical Notes.,**,104
ND,2020,January,12 month-ending,Number of Drug Overdose Deaths,99,100,0.242489559,North Dakota,Numbers may differ from published reports using final data. See Technical Notes.,**,102
ND,2020,July,12 month-ending,Number of Drug Overdose Deaths,107,100,0.23756104,North Dakota,Numbers may differ from published reports using final data. See Technical Notes.,**,110
ND,2020,June,12 month-ending,Number of Drug Overdose Deaths,111,100,0.238505366,North Dakota,Numbers may differ from published reports using final data. See Technical Notes.,**,114
ND,2020,March,12 month-ending,Number of Drug Overdose Deaths,104,100,0.238505366,North Dakota,Numbers may differ from published reports using final data. See Technical Notes.,**,107
ND,2020,May,12 month-ending,Number of Drug Overdose Deaths,112,100,0.238379023,North Dakota,Numbers may differ from published reports using final data. See Technical Notes.,**,115
ND,2020,November,12 month-ending,Number of Drug Overdose Deaths,114,100,0.128444652,North Dakota,Numbers may differ from published reports using final data. See Technical Notes.,**,116
ND,2020,October,12 month-ending,Number of Drug Overdose Deaths,120,100,0.19826518,North Dakota,Numbers may differ from published reports using final data. See Technical Notes.,**,123
ND,2020,September,12 month-ending,Number of Drug Overdose Deaths,116,100,0.220435685,North Dakota,Numbers may differ from published reports using final data. See Technical Notes.,**,119
ND,2021,April,12 month-ending,Number of Drug Overdose Deaths,122,100,0.034466912,North Dakota,Numbers may differ from published reports using final data. See Technical Notes.,**,122
ND,2021,August,12 month-ending,Number of Drug Overdose Deaths,130,100,0.034614053,North Dakota,Numbers may differ from published reports using final data. See Technical Notes.,**,130
ND,2021,December,12 month-ending,Number of Drug Overdose Deaths,136,100,0.08636644,North Dakota,Numbers may differ from published reports using final data. See Technical Notes.,**,137
ND,2021,February,12 month-ending,Number of Drug Overdose Deaths,120,100,0.045573658,North Dakota,Numbers may differ from published reports using final data. See Technical Notes.,**,121
ND,2021,January,12 month-ending,Number of Drug Overdose Deaths,125,100,0.04519774,North Dakota,Numbers may differ from published reports using final data. See Technical Notes.,**,126
ND,2021,July,12 month-ending,Number of Drug Overdose Deaths,128,100,0.023007017,North Dakota,Numbers may differ from published reports using final data. See Technical Notes.,**,128
ND,2021,June,12 month-ending,Number of Drug Overdose Deaths,129,100,0.023046785,North Dakota,Numbers may differ from published reports using final data. See Technical Notes.,**,129
ND,2021,March,12 month-ending,Number of Drug Overdose Deaths,120,100,0.045578851,North Dakota,Numbers may differ from published reports using final data. See Technical Notes.,**,121
ND,2021,May,12 month-ending,Number of Drug Overdose Deaths,129,100,0.023057413,North Dakota,Numbers may differ from published reports using final data. See Technical Notes.,**,129
ND,2021,November,12 month-ending,Number of Drug Overdose Deaths,138,100,0.097489642,North Dakota,Numbers may differ from published reports using final data. See Technical Notes.,**,139
ND,2021,October,12 month-ending,Number of Drug Overdose Deaths,134,100,0.093720712,North Dakota,Numbers may differ from published reports using final data. See Technical Notes.,**,135
ND,2021,September,12 month-ending,Number of Drug Overdose Deaths,129,100,0.069132389,North Dakota,Numbers may differ from published reports using final data. See Technical Notes.,**,130
ND,2022,April,12 month-ending,Number of Drug Overdose Deaths,135,100,0.084479846,North Dakota,Numbers may differ from published reports using final data. See Technical Notes.,**,136
ND,2022,August,12 month-ending,Number of Drug Overdose Deaths,145,100,0.072098053,North Dakota,Numbers may differ from published reports using final data. See Technical Notes.,**,146
ND,2022,December,12 month-ending,Number of Drug Overdose Deaths,141,100,0,North Dakota,Numbers may differ from published reports using final data. See Technical Notes.,**,141
ND,2022,February,12 month-ending,Number of Drug Overdose Deaths,134,100,0.08400336,North Dakota,Numbers may differ from published reports using final data. See Technical Notes.,**,135
ND,2022,January,12 month-ending,Number of Drug Overdose Deaths,131,100,0.085220355,North Dakota,Numbers may differ from published reports using final data. See Technical Notes.,**,132
ND,2022,July,12 month-ending,Number of Drug Overdose Deaths,142,100,0.084786822,North Dakota,Numbers may differ from published reports using final data. See Technical Notes.,**,143
ND,2022,June,12 month-ending,Number of Drug Overdose Deaths,138,100,0.084490042,North Dakota,Numbers may differ from published reports using final data. See Technical Notes.,**,139
ND,2022,March,12 month-ending,Number of Drug Overdose Deaths,137,100,0.084063889,North Dakota,Numbers may differ from published reports using final data. See Technical Notes.,**,138
ND,2022,May,12 month-ending,Number of Drug Overdose Deaths,131,100,0.084317032,North Dakota,Numbers may differ from published reports using final data. See Technical Notes.,**,132
ND,2022,November,12 month-ending,Number of Drug Overdose Deaths,143,100,0,North Dakota,Numbers may differ from published reports using final data. See Technical Notes.,**,143
ND,2022,October,12 month-ending,Number of Drug Overdose Deaths,141,100,0.012436264,North Dakota,Numbers may differ from published reports using final data. See Technical Notes.,**,141
ND,2022,September,12 month-ending,Number of Drug Overdose Deaths,144,100,0.036416606,North Dakota,Numbers may differ from published reports using final data. See Technical Notes.,**,144
ND,2023,April,12 month-ending,Number of Drug Overdose Deaths,141,100,0.026260504,North Dakota,Underreported due to incomplete data.,*,141
ND,2023,August,12 month-ending,Number of Drug Overdose Deaths,138,100,0.052603893,North Dakota,Underreported due to incomplete data.,*,139
ND,2023,February,12 month-ending,Number of Drug Overdose Deaths,146,100,0.026553372,North Dakota,Underreported due to incomplete data.,*,146
ND,2023,January,12 month-ending,Number of Drug Overdose Deaths,146,100,0.013019138,North Dakota,Underreported due to incomplete data.,*,146
ND,2023,July,12 month-ending,Number of Drug Overdose Deaths,141,100,0.052273915,North Dakota,Underreported due to incomplete data.,*,142
ND,2023,June,12 month-ending,Number of Drug Overdose Deaths,143,100,0.039401103,North Dakota,Underreported due to incomplete data.,*,144
ND,2023,March,12 month-ending,Number of Drug Overdose Deaths,140,100,0.026556898,North Dakota,Underreported due to incomplete data.,*,140
ND,2023,May,12 month-ending,Number of Drug Overdose Deaths,143,100,0.026226069,North Dakota,Underreported due to incomplete data.,*,144
ND,2023,October,12 month-ending,Number of Drug Overdose Deaths,134,100,0.106439596,North Dakota,Underreported due to incomplete data.,*,136
ND,2023,September,12 month-ending,Number of Drug Overdose Deaths,135,100,0.066207627,North Dakota,Underreported due to incomplete data.,*,136
NE,2015,April,12 month-ending,Number of Drug Overdose Deaths,125,100,0.0059988,Nebraska,Numbers may differ from published reports using final data. See Technical Notes.,**,125
NE,2015,August,12 month-ending,Number of Drug Overdose Deaths,131,100,0.005877167,Nebraska,Numbers may differ from published reports using final data. See Technical Notes.,**,131
NE,2015,December,12 month-ending,Number of Drug Overdose Deaths,123,100,0,Nebraska,Numbers may differ from published reports using final data. See Technical Notes.,**,123
NE,2015,February,12 month-ending,Number of Drug Overdose Deaths,129,100,0.006057302,Nebraska,Numbers may differ from published reports using final data. See Technical Notes.,**,129
NE,2015,January,12 month-ending,Number of Drug Overdose Deaths,121,100,0.006089763,Nebraska,Numbers may differ from published reports using final data. See Technical Notes.,**,121
NE,2015,July,12 month-ending,Number of Drug Overdose Deaths,132,100,0.005905628,Nebraska,Numbers may differ from published reports using final data. See Technical Notes.,**,132
NE,2015,June,12 month-ending,Number of Drug Overdose Deaths,130,100,0.005952735,Nebraska,Numbers may differ from published reports using final data. See Technical Notes.,**,130
NE,2015,March,12 month-ending,Number of Drug Overdose Deaths,131,100,0.006016485,Nebraska,Numbers may differ from published reports using final data. See Technical Notes.,**,131
NE,2015,May,12 month-ending,Number of Drug Overdose Deaths,129,100,0.005979073,Nebraska,Numbers may differ from published reports using final data. See Technical Notes.,**,129
NE,2015,November,12 month-ending,Number of Drug Overdose Deaths,126,100,0,Nebraska,Numbers may differ from published reports using final data. See Technical Notes.,**,126
NE,2015,October,12 month-ending,Number of Drug Overdose Deaths,135,100,0.005852745,Nebraska,Numbers may differ from published reports using final data. See Technical Notes.,**,135
NE,2015,September,12 month-ending,Number of Drug Overdose Deaths,135,100,0.00587475,Nebraska,Numbers may differ from published reports using final data. See Technical Notes.,**,135
NE,2016,April,12 month-ending,Number of Drug Overdose Deaths,127,100,0,Nebraska,Numbers may differ from published reports using final data. See Technical Notes.,**,127
NE,2016,August,12 month-ending,Number of Drug Overdose Deaths,118,100,0.012264672,Nebraska,Numbers may differ from published reports using final data. See Technical Notes.,**,118
NE,2016,December,12 month-ending,Number of Drug Overdose Deaths,113,100,0.024390244,Nebraska,Numbers may differ from published reports using final data. See Technical Notes.,**,113
NE,2016,February,12 month-ending,Number of Drug Overdose Deaths,126,100,0,Nebraska,Numbers may differ from published reports using final data. See Technical Notes.,**,126
NE,2016,January,12 month-ending,Number of Drug Overdose Deaths,122,100,0,Nebraska,Numbers may differ from published reports using final data. See Technical Notes.,**,122
NE,2016,July,12 month-ending,Number of Drug Overdose Deaths,118,100,0.006172078,Nebraska,Numbers may differ from published reports using final data. See Technical Notes.,**,118
NE,2016,June,12 month-ending,Number of Drug Overdose Deaths,118,100,0.006139489,Nebraska,Numbers may differ from published reports using final data. See Technical Notes.,**,118
NE,2016,March,12 month-ending,Number of Drug Overdose Deaths,125,100,0,Nebraska,Numbers may differ from published reports using final data. See Technical Notes.,**,125
NE,2016,May,12 month-ending,Number of Drug Overdose Deaths,123,100,0,Nebraska,Numbers may differ from published reports using final data. See Technical Notes.,**,123
NE,2016,November,12 month-ending,Number of Drug Overdose Deaths,114,100,0.018417337,Nebraska,Numbers may differ from published reports using final data. See Technical Notes.,**,114
NE,2016,October,12 month-ending,Number of Drug Overdose Deaths,108,100,0.018539118,Nebraska,Numbers may differ from published reports using final data. See Technical Notes.,**,108
NE,2016,September,12 month-ending,Number of Drug Overdose Deaths,113,100,0.018460402,Nebraska,Numbers may differ from published reports using final data. See Technical Notes.,**,113
NE,2017,April,12 month-ending,Number of Drug Overdose Deaths,108,100,0.023716352,Nebraska,Numbers may differ from published reports using final data. See Technical Notes.,**,108
NE,2017,August,12 month-ending,Number of Drug Overdose Deaths,124,100,0.017647059,Nebraska,Numbers may differ from published reports using final data. See Technical Notes.,**,124
NE,2017,December,12 month-ending,Number of Drug Overdose Deaths,157,100,0.01756029,Nebraska,Numbers may differ from published reports using final data. See Technical Notes.,**,157
NE,2017,February,12 month-ending,Number of Drug Overdose Deaths,116,100,0.023707918,Nebraska,Numbers may differ from published reports using final data. See Technical Notes.,**,116
NE,2017,January,12 month-ending,Number of Drug Overdose Deaths,114,100,0.02399664,Nebraska,Numbers may differ from published reports using final data. See Technical Notes.,**,114
NE,2017,July,12 month-ending,Number of Drug Overdose Deaths,121,100,0.017514157,Nebraska,Numbers may differ from published reports using final data. See Technical Notes.,**,121
NE,2017,June,12 month-ending,Number of Drug Overdose Deaths,120,100,0.017597372,Nebraska,Numbers may differ from published reports using final data. See Technical Notes.,**,120
NE,2017,March,12 month-ending,Number of Drug Overdose Deaths,110,100,0.023594644,Nebraska,Numbers may differ from published reports using final data. See Technical Notes.,**,110
NE,2017,May,12 month-ending,Number of Drug Overdose Deaths,113,100,0.023663038,Nebraska,Numbers may differ from published reports using final data. See Technical Notes.,**,113
NE,2017,November,12 month-ending,Number of Drug Overdose Deaths,154,100,0.017544886,Nebraska,Numbers may differ from published reports using final data. See Technical Notes.,**,154
NE,2017,October,12 month-ending,Number of Drug Overdose Deaths,144,100,0.017550018,Nebraska,Numbers may differ from published reports using final data. See Technical Notes.,**,144
NE,2017,September,12 month-ending,Number of Drug Overdose Deaths,131,100,0.011742602,Nebraska,Numbers may differ from published reports using final data. See Technical Notes.,**,131
NE,2018,April,12 month-ending,Number of Drug Overdose Deaths,166,100,0.017540782,Nebraska,Numbers may differ from published reports using final data. See Technical Notes.,**,166
NE,2018,August,12 month-ending,Number of Drug Overdose Deaths,158,100,0.017469283,Nebraska,Numbers may differ from published reports using final data. See Technical Notes.,**,158
NE,2018,December,12 month-ending,Number of Drug Overdose Deaths,140,100,0.029127345,Nebraska,Numbers may differ from published reports using final data. See Technical Notes.,**,140
NE,2018,February,12 month-ending,Number of Drug Overdose Deaths,150,100,0.017722117,Nebraska,Numbers may differ from published reports using final data. See Technical Notes.,**,150
NE,2018,January,12 month-ending,Number of Drug Overdose Deaths,152,100,0.017619076,Nebraska,Numbers may differ from published reports using final data. See Technical Notes.,**,152
NE,2018,July,12 month-ending,Number of Drug Overdose Deaths,166,100,0.01756029,Nebraska,Numbers may differ from published reports using final data. See Technical Notes.,**,166
NE,2018,June,12 month-ending,Number of Drug Overdose Deaths,165,100,0.017544886,Nebraska,Numbers may differ from published reports using final data. See Technical Notes.,**,165
NE,2018,March,12 month-ending,Number of Drug Overdose Deaths,163,100,0.017619076,Nebraska,Numbers may differ from published reports using final data. See Technical Notes.,**,163
NE,2018,May,12 month-ending,Number of Drug Overdose Deaths,165,100,0.017563375,Nebraska,Numbers may differ from published reports using final data. See Technical Notes.,**,165
NE,2018,November,12 month-ending,Number of Drug Overdose Deaths,139,100,0.023255814,Nebraska,Numbers may differ from published reports using final data. See Technical Notes.,**,139
NE,2018,October,12 month-ending,Number of Drug Overdose Deaths,144,100,0.017385257,Nebraska,Numbers may differ from published reports using final data. See Technical Notes.,**,144
NE,2018,September,12 month-ending,Number of Drug Overdose Deaths,153,100,0.023224758,Nebraska,Numbers may differ from published reports using final data. See Technical Notes.,**,153
NE,2019,April,12 month-ending,Number of Drug Overdose Deaths,147,100,0.029289438,Nebraska,Numbers may differ from published reports using final data. See Technical Notes.,**,147
NE,2019,August,12 month-ending,Number of Drug Overdose Deaths,143,100,0.058702671,Nebraska,Numbers may differ from published reports using final data. See Technical Notes.,**,144
NE,2019,December,12 month-ending,Number of Drug Overdose Deaths,146,100,0.07559458,Nebraska,Numbers may differ from published reports using final data. See Technical Notes.,**,147
NE,2019,February,12 month-ending,Number of Drug Overdose Deaths,150,100,0.029191966,Nebraska,Numbers may differ from published reports using final data. See Technical Notes.,**,150
NE,2019,January,12 month-ending,Number of Drug Overdose Deaths,147,100,0.029220969,Nebraska,Numbers may differ from published reports using final data. See Technical Notes.,**,147
NE,2019,July,12 month-ending,Number of Drug Overdose Deaths,139,100,0.041077402,Nebraska,Numbers may differ from published reports using final data. See Technical Notes.,**,140
NE,2019,June,12 month-ending,Number of Drug Overdose Deaths,137,100,0.035246431,Nebraska,Numbers may differ from published reports using final data. See Technical Notes.,**,137
NE,2019,March,12 month-ending,Number of Drug Overdose Deaths,151,100,0.029328954,Nebraska,Numbers may differ from published reports using final data. See Technical Notes.,**,151
NE,2019,May,12 month-ending,Number of Drug Overdose Deaths,140,100,0.02921414,Nebraska,Numbers may differ from published reports using final data. See Technical Notes.,**,140
NE,2019,November,12 month-ending,Number of Drug Overdose Deaths,149,100,0.081847413,Nebraska,Numbers may differ from published reports using final data. See Technical Notes.,**,150
NE,2019,October,12 month-ending,Number of Drug Overdose Deaths,149,100,0.07029877,Nebraska,Numbers may differ from published reports using final data. See Technical Notes.,**,150
NE,2019,September,12 month-ending,Number of Drug Overdose Deaths,149,100,0.064572938,Nebraska,Numbers may differ from published reports using final data. See Technical Notes.,**,150
NE,2020,April,12 month-ending,Number of Drug Overdose Deaths,164,100,0.087295583,Nebraska,Numbers may differ from published reports using final data. See Technical Notes.,**,165
NE,2020,August,12 month-ending,Number of Drug Overdose Deaths,192,100,0.09557542,Nebraska,Numbers may differ from published reports using final data. See Technical Notes.,**,194
NE,2020,December,12 month-ending,Number of Drug Overdose Deaths,210,100,0.081210029,Nebraska,Numbers may differ from published reports using final data. See Technical Notes.,**,212
NE,2020,February,12 month-ending,Number of Drug Overdose Deaths,141,100,0.075921275,Nebraska,Numbers may differ from published reports using final data. See Technical Notes.,**,142
NE,2020,January,12 month-ending,Number of Drug Overdose Deaths,144,100,0.075832701,Nebraska,Numbers may differ from published reports using final data. See Technical Notes.,**,145
NE,2020,July,12 month-ending,Number of Drug Overdose Deaths,181,100,0.108040487,Nebraska,Numbers may differ from published reports using final data. See Technical Notes.,**,183
NE,2020,June,12 month-ending,Number of Drug Overdose Deaths,181,100,0.108770323,Nebraska,Numbers may differ from published reports using final data. See Technical Notes.,**,183
NE,2020,March,12 month-ending,Number of Drug Overdose Deaths,148,100,0.075788492,Nebraska,Numbers may differ from published reports using final data. See Technical Notes.,**,149
NE,2020,May,12 month-ending,Number of Drug Overdose Deaths,175,100,0.103800242,Nebraska,Numbers may differ from published reports using final data. See Technical Notes.,**,177
NE,2020,November,12 month-ending,Number of Drug Overdose Deaths,202,100,0.078084331,Nebraska,Numbers may differ from published reports using final data. See Technical Notes.,**,203
NE,2020,October,12 month-ending,Number of Drug Overdose Deaths,208,100,0.092997812,Nebraska,Numbers may differ from published reports using final data. See Technical Notes.,**,210
NE,2020,September,12 month-ending,Number of Drug Overdose Deaths,201,100,0.08921104,Nebraska,Numbers may differ from published reports using final data. See Technical Notes.,**,203
NE,2021,April,12 month-ending,Number of Drug Overdose Deaths,211,100,0.080495045,Nebraska,Numbers may differ from published reports using final data. See Technical Notes.,**,213
NE,2021,August,12 month-ending,Number of Drug Overdose Deaths,228,100,0.055812066,Nebraska,Numbers may differ from published reports using final data. See Technical Notes.,**,229
NE,2021,December,12 month-ending,Number of Drug Overdose Deaths,218,100,0.036647296,Nebraska,Numbers may differ from published reports using final data. See Technical Notes.,**,218
NE,2021,February,12 month-ending,Number of Drug Overdose Deaths,219,100,0.080418175,Nebraska,Numbers may differ from published reports using final data. See Technical Notes.,**,221
NE,2021,January,12 month-ending,Number of Drug Overdose Deaths,213,100,0.080204522,Nebraska,Numbers may differ from published reports using final data. See Technical Notes.,**,215
NE,2021,July,12 month-ending,Number of Drug Overdose Deaths,214,100,0.055837563,Nebraska,Numbers may differ from published reports using final data. See Technical Notes.,**,215
NE,2021,June,12 month-ending,Number of Drug Overdose Deaths,211,100,0.055699023,Nebraska,Numbers may differ from published reports using final data. See Technical Notes.,**,212
NE,2021,March,12 month-ending,Number of Drug Overdose Deaths,215,100,0.090639005,Nebraska,Numbers may differ from published reports using final data. See Technical Notes.,**,217
NE,2021,May,12 month-ending,Number of Drug Overdose Deaths,208,100,0.065593622,Nebraska,Numbers may differ from published reports using final data. See Technical Notes.,**,209
NE,2021,November,12 month-ending,Number of Drug Overdose Deaths,224,100,0.046745962,Nebraska,Numbers may differ from published reports using final data. See Technical Notes.,**,225
NE,2021,October,12 month-ending,Number of Drug Overdose Deaths,221,100,0.050484653,Nebraska,Numbers may differ from published reports using final data. See Technical Notes.,**,222
NE,2021,September,12 month-ending,Number of Drug Overdose Deaths,221,100,0.060496068,Nebraska,Numbers may differ from published reports using final data. See Technical Notes.,**,222
NE,2022,April,12 month-ending,Number of Drug Overdose Deaths,208,100,0.030512612,Nebraska,Numbers may differ from published reports using final data. See Technical Notes.,**,208
NE,2022,August,12 month-ending,Number of Drug Overdose Deaths,211,100,0.015341345,Nebraska,Numbers may differ from published reports using final data. See Technical Notes.,**,211
NE,2022,December,12 month-ending,Number of Drug Overdose Deaths,223,100,0.037243948,Nebraska,Numbers may differ from published reports using final data. See Technical Notes.,**,223
NE,2022,February,12 month-ending,Number of Drug Overdose Deaths,215,100,0.035599858,Nebraska,Numbers may differ from published reports using final data. See Technical Notes.,**,215
NE,2022,January,12 month-ending,Number of Drug Overdose Deaths,213,100,0.036192544,Nebraska,Numbers may differ from published reports using final data. See Technical Notes.,**,213
NE,2022,July,12 month-ending,Number of Drug Overdose Deaths,230,100,0.025423298,Nebraska,Numbers may differ from published reports using final data. See Technical Notes.,**,230
NE,2022,June,12 month-ending,Number of Drug Overdose Deaths,228,100,0.030626308,Nebraska,Numbers may differ from published reports using final data. See Technical Notes.,**,228
NE,2022,March,12 month-ending,Number of Drug Overdose Deaths,215,100,0.030399757,Nebraska,Numbers may differ from published reports using final data. See Technical Notes.,**,215
NE,2022,May,12 month-ending,Number of Drug Overdose Deaths,216,100,0.030579481,Nebraska,Numbers may differ from published reports using final data. See Technical Notes.,**,216
NE,2022,November,12 month-ending,Number of Drug Overdose Deaths,215,100,0.031650578,Nebraska,Numbers may differ from published reports using final data. See Technical Notes.,**,215
NE,2022,October,12 month-ending,Number of Drug Overdose Deaths,210,100,0.015642924,Nebraska,Numbers may differ from published reports using final data. See Technical Notes.,**,210
NE,2022,September,12 month-ending,Number of Drug Overdose Deaths,208,100,0.010319917,Nebraska,Numbers may differ from published reports using final data. See Technical Notes.,**,208
NE,2023,April,12 month-ending,Number of Drug Overdose Deaths,217,100,0.04320121,Nebraska,Underreported due to incomplete data.,*,218
NE,2023,August,12 month-ending,Number of Drug Overdose Deaths,192,100,0.096194955,Nebraska,Underreported due to incomplete data.,*,194
NE,2023,February,12 month-ending,Number of Drug Overdose Deaths,224,100,0.038398245,Nebraska,Underreported due to incomplete data.,*,224
NE,2023,January,12 month-ending,Number of Drug Overdose Deaths,229,100,0.038024879,Nebraska,Underreported due to incomplete data.,*,229
NE,2023,July,12 month-ending,Number of Drug Overdose Deaths,193,100,0.075175858,Nebraska,Underreported due to incomplete data.,*,195
NE,2023,June,12 month-ending,Number of Drug Overdose Deaths,192,100,0.053642313,Nebraska,Underreported due to incomplete data.,*,193
NE,2023,March,12 month-ending,Number of Drug Overdose Deaths,219,100,0.032738582,Nebraska,Underreported due to incomplete data.,*,220
NE,2023,May,12 month-ending,Number of Drug Overdose Deaths,209,100,0.043145292,Nebraska,Underreported due to incomplete data.,*,210
NE,2023,October,12 month-ending,Number of Drug Overdose Deaths,181,100,0.107238606,Nebraska,Underreported due to incomplete data.,*,183
NE,2023,September,12 month-ending,Number of Drug Overdose Deaths,188,100,0.106951872,Nebraska,Underreported due to incomplete data.,*,190
NH,2015,April,12 month-ending,Number of Drug Overdose Deaths,394,100,0.102730931,New Hampshire,Numbers may differ from published reports using final data. See Technical Notes.,**,398
NH,2015,August,12 month-ending,Number of Drug Overdose Deaths,426,100,0.110600647,New Hampshire,Numbers may differ from published reports using final data. See Technical Notes.,**,430
NH,2015,December,12 month-ending,Number of Drug Overdose Deaths,415,100,0.136472194,New Hampshire,Numbers may differ from published reports using final data. See Technical Notes.,**,420
NH,2015,February,12 month-ending,Number of Drug Overdose Deaths,360,100,0.104411381,New Hampshire,Numbers may differ from published reports using final data. See Technical Notes.,**,363
NH,2015,January,12 month-ending,Number of Drug Overdose Deaths,350,100,0.044083936,New Hampshire,Numbers may differ from published reports using final data. See Technical Notes.,**,351
NH,2015,July,12 month-ending,Number of Drug Overdose Deaths,424,100,0.102084219,New Hampshire,Numbers may differ from published reports using final data. See Technical Notes.,**,428
NH,2015,June,12 month-ending,Number of Drug Overdose Deaths,416,100,0.103057369,New Hampshire,Numbers may differ from published reports using final data. See Technical Notes.,**,420
NH,2015,March,12 month-ending,Number of Drug Overdose Deaths,367,100,0.1039411,New Hampshire,Numbers may differ from published reports using final data. See Technical Notes.,**,370
NH,2015,May,12 month-ending,Number of Drug Overdose Deaths,402,100,0.102651839,New Hampshire,Numbers may differ from published reports using final data. See Technical Notes.,**,406
NH,2015,November,12 month-ending,Number of Drug Overdose Deaths,444,100,0.127811861,New Hampshire,Numbers may differ from published reports using final data. See Technical Notes.,**,449
NH,2015,October,12 month-ending,Number of Drug Overdose Deaths,449,100,0.127097102,New Hampshire,Numbers may differ from published reports using final data. See Technical Notes.,**,454
NH,2015,September,12 month-ending,Number of Drug Overdose Deaths,449,100,0.118895966,New Hampshire,Numbers may differ from published reports using final data. See Technical Notes.,**,454
NH,2016,April,12 month-ending,Number of Drug Overdose Deaths,430,100,0.034617049,New Hampshire,Numbers may differ from published reports using final data. See Technical Notes.,**,430
NH,2016,August,12 month-ending,Number of Drug Overdose Deaths,449,100,0.051737518,New Hampshire,Numbers may differ from published reports using final data. See Technical Notes.,**,450
NH,2016,December,12 month-ending,Number of Drug Overdose Deaths,458,100,0.067176085,New Hampshire,Numbers may differ from published reports using final data. See Technical Notes.,**,460
NH,2016,February,12 month-ending,Number of Drug Overdose Deaths,428,100,0.034632035,New Hampshire,Numbers may differ from published reports using final data. See Technical Notes.,**,428
NH,2016,January,12 month-ending,Number of Drug Overdose Deaths,417,100,0.094688818,New Hampshire,Numbers may differ from published reports using final data. See Technical Notes.,**,420
NH,2016,July,12 month-ending,Number of Drug Overdose Deaths,441,100,0.051894136,New Hampshire,Numbers may differ from published reports using final data. See Technical Notes.,**,442
NH,2016,June,12 month-ending,Number of Drug Overdose Deaths,428,100,0.043361374,New Hampshire,Numbers may differ from published reports using final data. See Technical Notes.,**,429
NH,2016,March,12 month-ending,Number of Drug Overdose Deaths,435,100,0.034581136,New Hampshire,Numbers may differ from published reports using final data. See Technical Notes.,**,435
NH,2016,May,12 month-ending,Number of Drug Overdose Deaths,439,100,0.03471017,New Hampshire,Numbers may differ from published reports using final data. See Technical Notes.,**,439
NH,2016,November,12 month-ending,Number of Drug Overdose Deaths,443,100,0.059635372,New Hampshire,Numbers may differ from published reports using final data. See Technical Notes.,**,445
NH,2016,October,12 month-ending,Number of Drug Overdose Deaths,442,100,0.059757555,New Hampshire,Numbers may differ from published reports using final data. See Technical Notes.,**,444
NH,2016,September,12 month-ending,Number of Drug Overdose Deaths,446,100,0.051581843,New Hampshire,Numbers may differ from published reports using final data. See Technical Notes.,**,447
NH,2017,April,12 month-ending,Number of Drug Overdose Deaths,447,100,0.066291018,New Hampshire,Numbers may differ from published reports using final data. See Technical Notes.,**,449
NH,2017,August,12 month-ending,Number of Drug Overdose Deaths,470,100,0.040666938,New Hampshire,Numbers may differ from published reports using final data. See Technical Notes.,**,471
NH,2017,December,12 month-ending,Number of Drug Overdose Deaths,478,100,0.016276042,New Hampshire,Numbers may differ from published reports using final data. See Technical Notes.,**,478
NH,2017,February,12 month-ending,Number of Drug Overdose Deaths,446,100,0.066755674,New Hampshire,Numbers may differ from published reports using final data. See Technical Notes.,**,448
NH,2017,January,12 month-ending,Number of Drug Overdose Deaths,458,100,0.06690082,New Hampshire,Numbers may differ from published reports using final data. See Technical Notes.,**,460
NH,2017,July,12 month-ending,Number of Drug Overdose Deaths,463,100,0.049261084,New Hampshire,Numbers may differ from published reports using final data. See Technical Notes.,**,464
NH,2017,June,12 month-ending,Number of Drug Overdose Deaths,457,100,0.057570524,New Hampshire,Numbers may differ from published reports using final data. See Technical Notes.,**,459
NH,2017,March,12 month-ending,Number of Drug Overdose Deaths,439,100,0.066395551,New Hampshire,Numbers may differ from published reports using final data. See Technical Notes.,**,441
NH,2017,May,12 month-ending,Number of Drug Overdose Deaths,446,100,0.066115702,New Hampshire,Numbers may differ from published reports using final data. See Technical Notes.,**,448
NH,2017,November,12 month-ending,Number of Drug Overdose Deaths,472,100,0.03248599,New Hampshire,Numbers may differ from published reports using final data. See Technical Notes.,**,472
NH,2017,October,12 month-ending,Number of Drug Overdose Deaths,478,100,0.024435937,New Hampshire,Numbers may differ from published reports using final data. See Technical Notes.,**,478
NH,2017,September,12 month-ending,Number of Drug Overdose Deaths,470,100,0.032522969,New Hampshire,Numbers may differ from published reports using final data. See Technical Notes.,**,470
NH,2018,April,12 month-ending,Number of Drug Overdose Deaths,473,100,0.016195643,New Hampshire,Numbers may differ from published reports using final data. See Technical Notes.,**,473
NH,2018,August,12 month-ending,Number of Drug Overdose Deaths,449,100,0.016202203,New Hampshire,Numbers may differ from published reports using final data. See Technical Notes.,**,449
NH,2018,December,12 month-ending,Number of Drug Overdose Deaths,446,100,0.039971221,New Hampshire,Numbers may differ from published reports using final data. See Technical Notes.,**,447
NH,2018,February,12 month-ending,Number of Drug Overdose Deaths,480,100,0.01614205,New Hampshire,Numbers may differ from published reports using final data. See Technical Notes.,**,480
NH,2018,January,12 month-ending,Number of Drug Overdose Deaths,473,100,0.016189089,New Hampshire,Numbers may differ from published reports using final data. See Technical Notes.,**,473
NH,2018,July,12 month-ending,Number of Drug Overdose Deaths,455,100,0.01613684,New Hampshire,Numbers may differ from published reports using final data. See Technical Notes.,**,455
NH,2018,June,12 month-ending,Number of Drug Overdose Deaths,451,100,0.016139445,New Hampshire,Numbers may differ from published reports using final data. See Technical Notes.,**,451
NH,2018,March,12 month-ending,Number of Drug Overdose Deaths,490,100,0.016245634,New Hampshire,Numbers may differ from published reports using final data. See Technical Notes.,**,490
NH,2018,May,12 month-ending,Number of Drug Overdose Deaths,472,100,0.016116035,New Hampshire,Numbers may differ from published reports using final data. See Technical Notes.,**,472
NH,2018,November,12 month-ending,Number of Drug Overdose Deaths,450,100,0.016032064,New Hampshire,Numbers may differ from published reports using final data. See Technical Notes.,**,450
NH,2018,October,12 month-ending,Number of Drug Overdose Deaths,437,100,0.016033349,New Hampshire,Numbers may differ from published reports using final data. See Technical Notes.,**,437
NH,2018,September,12 month-ending,Number of Drug Overdose Deaths,438,100,0.016139445,New Hampshire,Numbers may differ from published reports using final data. See Technical Notes.,**,438
NH,2019,April,12 month-ending,Number of Drug Overdose Deaths,437,100,0.040012804,New Hampshire,Numbers may differ from published reports using final data. See Technical Notes.,**,438
NH,2019,August,12 month-ending,Number of Drug Overdose Deaths,398,100,0.040273862,New Hampshire,Numbers may differ from published reports using final data. See Technical Notes.,**,399
NH,2019,December,12 month-ending,Number of Drug Overdose Deaths,395,100,0,New Hampshire,Numbers may differ from published reports using final data. See Technical Notes.,**,395
NH,2019,February,12 month-ending,Number of Drug Overdose Deaths,449,100,0.040125191,New Hampshire,Numbers may differ from published reports using final data. See Technical Notes.,**,450
NH,2019,January,12 month-ending,Number of Drug Overdose Deaths,446,100,0.040105879999999997,New Hampshire,Numbers may differ from published reports using final data. See Technical Notes.,**,447
NH,2019,July,12 month-ending,Number of Drug Overdose Deaths,406,100,0.040374677,New Hampshire,Numbers may differ from published reports using final data. See Technical Notes.,**,407
NH,2019,June,12 month-ending,Number of Drug Overdose Deaths,436,100,0.040231735,New Hampshire,Numbers may differ from published reports using final data. See Technical Notes.,**,437
NH,2019,March,12 month-ending,Number of Drug Overdose Deaths,440,100,0.03986605,New Hampshire,Numbers may differ from published reports using final data. See Technical Notes.,**,441
NH,2019,May,12 month-ending,Number of Drug Overdose Deaths,428,100,0.040089801,New Hampshire,Numbers may differ from published reports using final data. See Technical Notes.,**,429
NH,2019,November,12 month-ending,Number of Drug Overdose Deaths,385,100,0.024252223,New Hampshire,Numbers may differ from published reports using final data. See Technical Notes.,**,385
NH,2019,October,12 month-ending,Number of Drug Overdose Deaths,395,100,0.032438569,New Hampshire,Numbers may differ from published reports using final data. See Technical Notes.,**,395
NH,2019,September,12 month-ending,Number of Drug Overdose Deaths,400,100,0.040387722,New Hampshire,Numbers may differ from published reports using final data. See Technical Notes.,**,401
NH,2020,April,12 month-ending,Number of Drug Overdose Deaths,401,100,0,New Hampshire,Numbers may differ from published reports using final data. See Technical Notes.,**,401
NH,2020,August,12 month-ending,Number of Drug Overdose Deaths,423,100,0.007654623,New Hampshire,Numbers may differ from published reports using final data. See Technical Notes.,**,423
NH,2020,December,12 month-ending,Number of Drug Overdose Deaths,393,100,0.022200844,New Hampshire,Numbers may differ from published reports using final data. See Technical Notes.,**,393
NH,2020,February,12 month-ending,Number of Drug Overdose Deaths,389,100,0,New Hampshire,Numbers may differ from published reports using final data. See Technical Notes.,**,389
NH,2020,January,12 month-ending,Number of Drug Overdose Deaths,397,100,0,New Hampshire,Numbers may differ from published reports using final data. See Technical Notes.,**,397
NH,2020,July,12 month-ending,Number of Drug Overdose Deaths,429,100,0.007652866,New Hampshire,Numbers may differ from published reports using final data. See Technical Notes.,**,429
NH,2020,June,12 month-ending,Number of Drug Overdose Deaths,412,100,0,New Hampshire,Numbers may differ from published reports using final data. See Technical Notes.,**,412
NH,2020,March,12 month-ending,Number of Drug Overdose Deaths,391,100,0,New Hampshire,Numbers may differ from published reports using final data. See Technical Notes.,**,391
NH,2020,May,12 month-ending,Number of Drug Overdose Deaths,413,100,0,New Hampshire,Numbers may differ from published reports using final data. See Technical Notes.,**,413
NH,2020,November,12 month-ending,Number of Drug Overdose Deaths,406,100,0.02258866,New Hampshire,Numbers may differ from published reports using final data. See Technical Notes.,**,406
NH,2020,October,12 month-ending,Number of Drug Overdose Deaths,407,100,0.015214911,New Hampshire,Numbers may differ from published reports using final data. See Technical Notes.,**,407
NH,2020,September,12 month-ending,Number of Drug Overdose Deaths,418,100,0.007614406,New Hampshire,Numbers may differ from published reports using final data. See Technical Notes.,**,418
NH,2021,April,12 month-ending,Number of Drug Overdose Deaths,372,100,0.02929759,New Hampshire,Numbers may differ from published reports using final data. See Technical Notes.,**,372
NH,2021,August,12 month-ending,Number of Drug Overdose Deaths,393,100,0.029642804,New Hampshire,Numbers may differ from published reports using final data. See Technical Notes.,**,393
NH,2021,December,12 month-ending,Number of Drug Overdose Deaths,433,100,0.050472276,New Hampshire,Numbers may differ from published reports using final data. See Technical Notes.,**,434
NH,2021,February,12 month-ending,Number of Drug Overdose Deaths,382,100,0.02891845,New Hampshire,Numbers may differ from published reports using final data. See Technical Notes.,**,382
NH,2021,January,12 month-ending,Number of Drug Overdose Deaths,389,100,0.02895194,New Hampshire,Numbers may differ from published reports using final data. See Technical Notes.,**,389
NH,2021,July,12 month-ending,Number of Drug Overdose Deaths,377,100,0.029819591,New Hampshire,Numbers may differ from published reports using final data. See Technical Notes.,**,377
NH,2021,June,12 month-ending,Number of Drug Overdose Deaths,379,100,0.037144343,New Hampshire,Numbers may differ from published reports using final data. See Technical Notes.,**,379
NH,2021,March,12 month-ending,Number of Drug Overdose Deaths,378,100,0.029099374,New Hampshire,Numbers may differ from published reports using final data. See Technical Notes.,**,378
NH,2021,May,12 month-ending,Number of Drug Overdose Deaths,366,100,0.029596744,New Hampshire,Numbers may differ from published reports using final data. See Technical Notes.,**,366
NH,2021,November,12 month-ending,Number of Drug Overdose Deaths,418,100,0.043459365,New Hampshire,Numbers may differ from published reports using final data. See Technical Notes.,**,419
NH,2021,October,12 month-ending,Number of Drug Overdose Deaths,418,100,0.043776448,New Hampshire,Numbers may differ from published reports using final data. See Technical Notes.,**,419
NH,2021,September,12 month-ending,Number of Drug Overdose Deaths,405,100,0.051664329,New Hampshire,Numbers may differ from published reports using final data. See Technical Notes.,**,406
NH,2022,April,12 month-ending,Number of Drug Overdose Deaths,490,100,0.042060988,New Hampshire,Numbers may differ from published reports using final data. See Technical Notes.,**,491
NH,2022,August,12 month-ending,Number of Drug Overdose Deaths,491,100,0.03431238,New Hampshire,Numbers may differ from published reports using final data. See Technical Notes.,**,491
NH,2022,December,12 month-ending,Number of Drug Overdose Deaths,484,100,0.006986655,New Hampshire,Numbers may differ from published reports using final data. See Technical Notes.,**,484
NH,2022,February,12 month-ending,Number of Drug Overdose Deaths,471,100,0.042689434,New Hampshire,Numbers may differ from published reports using final data. See Technical Notes.,**,472
NH,2022,January,12 month-ending,Number of Drug Overdose Deaths,457,100,0.04311274,New Hampshire,Numbers may differ from published reports using final data. See Technical Notes.,**,458
NH,2022,July,12 month-ending,Number of Drug Overdose Deaths,492,100,0.034485137,New Hampshire,Numbers may differ from published reports using final data. See Technical Notes.,**,492
NH,2022,June,12 month-ending,Number of Drug Overdose Deaths,489,100,0.034664448,New Hampshire,Numbers may differ from published reports using final data. See Technical Notes.,**,489
NH,2022,March,12 month-ending,Number of Drug Overdose Deaths,483,100,0.042274361,New Hampshire,Numbers may differ from published reports using final data. See Technical Notes.,**,484
NH,2022,May,12 month-ending,Number of Drug Overdose Deaths,483,100,0.041843922,New Hampshire,Numbers may differ from published reports using final data. See Technical Notes.,**,484
NH,2022,November,12 month-ending,Number of Drug Overdose Deaths,498,100,0.013826478,New Hampshire,Numbers may differ from published reports using final data. See Technical Notes.,**,498
NH,2022,October,12 month-ending,Number of Drug Overdose Deaths,484,100,0.020656889,New Hampshire,Numbers may differ from published reports using final data. See Technical Notes.,**,484
NH,2022,September,12 month-ending,Number of Drug Overdose Deaths,484,100,0.013741927,New Hampshire,Numbers may differ from published reports using final data. See Technical Notes.,**,484
NH,2023,April,12 month-ending,Number of Drug Overdose Deaths,469,100,0.014148274,New Hampshire,Underreported due to incomplete data.,*,469
NH,2023,August,12 month-ending,Number of Drug Overdose Deaths,453,100,0.078543377,New Hampshire,Underreported due to incomplete data.,*,457
NH,2023,February,12 month-ending,Number of Drug Overdose Deaths,479,100,0.01416832,New Hampshire,Underreported due to incomplete data.,*,479
NH,2023,January,12 month-ending,Number of Drug Overdose Deaths,472,100,0.014078558,New Hampshire,Underreported due to incomplete data.,*,472
NH,2023,July,12 month-ending,Number of Drug Overdose Deaths,460,100,0.056886866,New Hampshire,Underreported due to incomplete data.,*,462
NH,2023,June,12 month-ending,Number of Drug Overdose Deaths,463,100,0.056947608,New Hampshire,Underreported due to incomplete data.,*,465
NH,2023,March,12 month-ending,Number of Drug Overdose Deaths,480,100,0.014140271,New Hampshire,Underreported due to incomplete data.,*,480
NH,2023,May,12 month-ending,Number of Drug Overdose Deaths,473,100,0.042450828,New Hampshire,Underreported due to incomplete data.,*,475
NH,2023,October,12 month-ending,Number of Drug Overdose Deaths,444,100,0.149753976,New Hampshire,Underreported due to incomplete data.,*,451
NH,2023,September,12 month-ending,Number of Drug Overdose Deaths,459,100,0.106921377,New Hampshire,Underreported due to incomplete data.,*,464
NJ,2015,April,12 month-ending,Number of Drug Overdose Deaths,1240,100,0.241873471,New Jersey,Numbers may differ from published reports using final data. See Technical Notes.,**,1271
NJ,2015,August,12 month-ending,Number of Drug Overdose Deaths,1373,100,0.192815526,New Jersey,Numbers may differ from published reports using final data. See Technical Notes.,**,1399
NJ,2015,December,12 month-ending,Number of Drug Overdose Deaths,1423,100,0.348760354,New Jersey,Numbers may differ from published reports using final data. See Technical Notes.,**,1478
NJ,2015,February,12 month-ending,Number of Drug Overdose Deaths,1221,100,0.257267096,New Jersey,Numbers may differ from published reports using final data. See Technical Notes.,**,1254
NJ,2015,January,12 month-ending,Number of Drug Overdose Deaths,1210,100,0.25916223,New Jersey,Numbers may differ from published reports using final data. See Technical Notes.,**,1243
NJ,2015,July,12 month-ending,Number of Drug Overdose Deaths,1336,100,0.190223093,New Jersey,Numbers may differ from published reports using final data. See Technical Notes.,**,1361
NJ,2015,June,12 month-ending,Number of Drug Overdose Deaths,1305,100,0.214333744,New Jersey,Numbers may differ from published reports using final data. See Technical Notes.,**,1334
NJ,2015,March,12 month-ending,Number of Drug Overdose Deaths,1226,100,0.243882045,New Jersey,Numbers may differ from published reports using final data. See Technical Notes.,**,1257
NJ,2015,May,12 month-ending,Number of Drug Overdose Deaths,1277,100,0.231111858,New Jersey,Numbers may differ from published reports using final data. See Technical Notes.,**,1308
NJ,2015,November,12 month-ending,Number of Drug Overdose Deaths,1414,100,0.288015212,New Jersey,Numbers may differ from published reports using final data. See Technical Notes.,**,1458
NJ,2015,October,12 month-ending,Number of Drug Overdose Deaths,1413,100,0.241380754,New Jersey,Numbers may differ from published reports using final data. See Technical Notes.,**,1449
NJ,2015,September,12 month-ending,Number of Drug Overdose Deaths,1411,100,0.209391926,New Jersey,Numbers may differ from published reports using final data. See Technical Notes.,**,1441
NJ,2016,April,12 month-ending,Number of Drug Overdose Deaths,1628,100,0.385021247,New Jersey,Numbers may differ from published reports using final data. See Technical Notes.,**,1699
NJ,2016,August,12 month-ending,Number of Drug Overdose Deaths,1682,100,0.493344108,New Jersey,Numbers may differ from published reports using final data. See Technical Notes.,**,1779
NJ,2016,December,12 month-ending,Number of Drug Overdose Deaths,1971,100,0.410643434,New Jersey,Numbers may differ from published reports using final data. See Technical Notes.,**,2063
NJ,2016,February,12 month-ending,Number of Drug Overdose Deaths,1483,100,0.354336334,New Jersey,Numbers may differ from published reports using final data. See Technical Notes.,**,1542
NJ,2016,January,12 month-ending,Number of Drug Overdose Deaths,1433,100,0.346995079,New Jersey,Numbers may differ from published reports using final data. See Technical Notes.,**,1488
NJ,2016,July,12 month-ending,Number of Drug Overdose Deaths,1695,100,0.486507248,New Jersey,Numbers may differ from published reports using final data. See Technical Notes.,**,1792
NJ,2016,June,12 month-ending,Number of Drug Overdose Deaths,1651,100,0.44840496,New Jersey,Numbers may differ from published reports using final data. See Technical Notes.,**,1737
NJ,2016,March,12 month-ending,Number of Drug Overdose Deaths,1538,100,0.36572996,New Jersey,Numbers may differ from published reports using final data. See Technical Notes.,**,1601
NJ,2016,May,12 month-ending,Number of Drug Overdose Deaths,1637,100,0.417634734,New Jersey,Numbers may differ from published reports using final data. See Technical Notes.,**,1715
NJ,2016,November,12 month-ending,Number of Drug Overdose Deaths,1868,100,0.431233636,New Jersey,Numbers may differ from published reports using final data. See Technical Notes.,**,1961
NJ,2016,October,12 month-ending,Number of Drug Overdose Deaths,1777,100,0.469443857,New Jersey,Numbers may differ from published reports using final data. See Technical Notes.,**,1874
NJ,2016,September,12 month-ending,Number of Drug Overdose Deaths,1692,100,0.489502575,New Jersey,Numbers may differ from published reports using final data. See Technical Notes.,**,1789
NJ,2017,April,12 month-ending,Number of Drug Overdose Deaths,2217,100,0.330670731,New Jersey,Numbers may differ from published reports using final data. See Technical Notes.,**,2298
NJ,2017,August,12 month-ending,Number of Drug Overdose Deaths,2502,100,0.214954914,New Jersey,Numbers may differ from published reports using final data. See Technical Notes.,**,2556
NJ,2017,December,12 month-ending,Number of Drug Overdose Deaths,2621,100,0.190682264,New Jersey,Numbers may differ from published reports using final data. See Technical Notes.,**,2670
NJ,2017,February,12 month-ending,Number of Drug Overdose Deaths,2111,100,0.377751013,New Jersey,Numbers may differ from published reports using final data. See Technical Notes.,**,2201
NJ,2017,January,12 month-ending,Number of Drug Overdose Deaths,2082,100,0.394735032,New Jersey,Numbers may differ from published reports using final data. See Technical Notes.,**,2175
NJ,2017,July,12 month-ending,Number of Drug Overdose Deaths,2416,100,0.228650287,New Jersey,Numbers may differ from published reports using final data. See Technical Notes.,**,2473
NJ,2017,June,12 month-ending,Number of Drug Overdose Deaths,2397,100,0.269516225,New Jersey,Numbers may differ from published reports using final data. See Technical Notes.,**,2466
NJ,2017,March,12 month-ending,Number of Drug Overdose Deaths,2189,100,0.360301343,New Jersey,Numbers may differ from published reports using final data. See Technical Notes.,**,2277
NJ,2017,May,12 month-ending,Number of Drug Overdose Deaths,2305,100,0.296973313,New Jersey,Numbers may differ from published reports using final data. See Technical Notes.,**,2379
NJ,2017,November,12 month-ending,Number of Drug Overdose Deaths,2581,100,0.203467079,New Jersey,Numbers may differ from published reports using final data. See Technical Notes.,**,2633
NJ,2017,October,12 month-ending,Number of Drug Overdose Deaths,2565,100,0.195050591,New Jersey,Numbers may differ from published reports using final data. See Technical Notes.,**,2614
NJ,2017,September,12 month-ending,Number of Drug Overdose Deaths,2600,100,0.198206701,New Jersey,Numbers may differ from published reports using final data. See Technical Notes.,**,2651
NJ,2018,April,12 month-ending,Number of Drug Overdose Deaths,2604,100,0.214479382,New Jersey,Numbers may differ from published reports using final data. See Technical Notes.,**,2661
NJ,2018,August,12 month-ending,Number of Drug Overdose Deaths,2743,100,0.216194441,New Jersey,Numbers may differ from published reports using final data. See Technical Notes.,**,2803
NJ,2018,December,12 month-ending,Number of Drug Overdose Deaths,2857,100,0.192428474,New Jersey,Numbers may differ from published reports using final data. See Technical Notes.,**,2911
NJ,2018,February,12 month-ending,Number of Drug Overdose Deaths,2613,100,0.191163404,New Jersey,Numbers may differ from published reports using final data. See Technical Notes.,**,2662
NJ,2018,January,12 month-ending,Number of Drug Overdose Deaths,2605,100,0.191287011,New Jersey,Numbers may differ from published reports using final data. See Technical Notes.,**,2654
NJ,2018,July,12 month-ending,Number of Drug Overdose Deaths,2692,100,0.222003956,New Jersey,Numbers may differ from published reports using final data. See Technical Notes.,**,2753
NJ,2018,June,12 month-ending,Number of Drug Overdose Deaths,2648,100,0.220148296,New Jersey,Numbers may differ from published reports using final data. See Technical Notes.,**,2707
NJ,2018,March,12 month-ending,Number of Drug Overdose Deaths,2610,100,0.208863915,New Jersey,Numbers may differ from published reports using final data. See Technical Notes.,**,2665
NJ,2018,May,12 month-ending,Number of Drug Overdose Deaths,2629,100,0.216379963,New Jersey,Numbers may differ from published reports using final data. See Technical Notes.,**,2687
NJ,2018,November,12 month-ending,Number of Drug Overdose Deaths,2875,100,0.223737481,New Jersey,Numbers may differ from published reports using final data. See Technical Notes.,**,2941
NJ,2018,October,12 month-ending,Number of Drug Overdose Deaths,2859,100,0.219063903,New Jersey,Numbers may differ from published reports using final data. See Technical Notes.,**,2923
NJ,2018,September,12 month-ending,Number of Drug Overdose Deaths,2753,100,0.220430108,New Jersey,Numbers may differ from published reports using final data. See Technical Notes.,**,2815
NJ,2019,April,12 month-ending,Number of Drug Overdose Deaths,2771,100,0.210728228,New Jersey,Numbers may differ from published reports using final data. See Technical Notes.,**,2830
NJ,2019,August,12 month-ending,Number of Drug Overdose Deaths,2739,100,0.218874552,New Jersey,Numbers may differ from published reports using final data. See Technical Notes.,**,2800
NJ,2019,December,12 month-ending,Number of Drug Overdose Deaths,2774,100,0.148086321,New Jersey,Numbers may differ from published reports using final data. See Technical Notes.,**,2811
NJ,2019,February,12 month-ending,Number of Drug Overdose Deaths,2859,100,0.214326153,New Jersey,Numbers may differ from published reports using final data. See Technical Notes.,**,2921
NJ,2019,January,12 month-ending,Number of Drug Overdose Deaths,2819,100,0.201946767,New Jersey,Numbers may differ from published reports using final data. See Technical Notes.,**,2876
NJ,2019,July,12 month-ending,Number of Drug Overdose Deaths,2730,100,0.215671209,New Jersey,Numbers may differ from published reports using final data. See Technical Notes.,**,2790
NJ,2019,June,12 month-ending,Number of Drug Overdose Deaths,2721,100,0.21421354,New Jersey,Numbers may differ from published reports using final data. See Technical Notes.,**,2780
NJ,2019,March,12 month-ending,Number of Drug Overdose Deaths,2802,100,0.204719319,New Jersey,Numbers may differ from published reports using final data. See Technical Notes.,**,2859
NJ,2019,May,12 month-ending,Number of Drug Overdose Deaths,2749,100,0.212900705,New Jersey,Numbers may differ from published reports using final data. See Technical Notes.,**,2808
NJ,2019,November,12 month-ending,Number of Drug Overdose Deaths,2738,100,0.159558645,New Jersey,Numbers may differ from published reports using final data. See Technical Notes.,**,2779
NJ,2019,October,12 month-ending,Number of Drug Overdose Deaths,2695,100,0.192078779,New Jersey,Numbers may differ from published reports using final data. See Technical Notes.,**,2746
NJ,2019,September,12 month-ending,Number of Drug Overdose Deaths,2721,100,0.203987896,New Jersey,Numbers may differ from published reports using final data. See Technical Notes.,**,2776
NJ,2020,April,12 month-ending,Number of Drug Overdose Deaths,2919,100,0.11148272,New Jersey,Numbers may differ from published reports using final data. See Technical Notes.,**,2945
NJ,2020,August,12 month-ending,Number of Drug Overdose Deaths,2934,100,0.109665791,New Jersey,Numbers may differ from published reports using final data. See Technical Notes.,**,2960
NJ,2020,December,12 month-ending,Number of Drug Overdose Deaths,2817,100,0.12348909,New Jersey,Numbers may differ from published reports using final data. See Technical Notes.,**,2846
NJ,2020,February,12 month-ending,Number of Drug Overdose Deaths,2838,100,0.134428477,New Jersey,Numbers may differ from published reports using final data. See Technical Notes.,**,2871
NJ,2020,January,12 month-ending,Number of Drug Overdose Deaths,2843,100,0.139769917,New Jersey,Numbers may differ from published reports using final data. See Technical Notes.,**,2878
NJ,2020,July,12 month-ending,Number of Drug Overdose Deaths,2974,100,0.109753977,New Jersey,Numbers may differ from published reports using final data. See Technical Notes.,**,3000
NJ,2020,June,12 month-ending,Number of Drug Overdose Deaths,2996,100,0.106590096,New Jersey,Numbers may differ from published reports using final data. See Technical Notes.,**,3021
NJ,2020,March,12 month-ending,Number of Drug Overdose Deaths,2884,100,0.136045437,New Jersey,Numbers may differ from published reports using final data. See Technical Notes.,**,2919
NJ,2020,May,12 month-ending,Number of Drug Overdose Deaths,2972,100,0.111537578,New Jersey,Numbers may differ from published reports using final data. See Technical Notes.,**,2999
NJ,2020,November,12 month-ending,Number of Drug Overdose Deaths,2873,100,0.105133294,New Jersey,Numbers may differ from published reports using final data. See Technical Notes.,**,2897
NJ,2020,October,12 month-ending,Number of Drug Overdose Deaths,2898,100,0.101766846,New Jersey,Numbers may differ from published reports using final data. See Technical Notes.,**,2921
NJ,2020,September,12 month-ending,Number of Drug Overdose Deaths,2938,100,0.104024446,New Jersey,Numbers may differ from published reports using final data. See Technical Notes.,**,2962
NJ,2021,April,12 month-ending,Number of Drug Overdose Deaths,2881,100,0.165046763,New Jersey,Numbers may differ from published reports using final data. See Technical Notes.,**,2926
NJ,2021,August,12 month-ending,Number of Drug Overdose Deaths,2921,100,0.180978235,New Jersey,Numbers may differ from published reports using final data. See Technical Notes.,**,2972
NJ,2021,December,12 month-ending,Number of Drug Overdose Deaths,3009,100,0.220085163,New Jersey,Numbers may differ from published reports using final data. See Technical Notes.,**,3076
NJ,2021,February,12 month-ending,Number of Drug Overdose Deaths,2832,100,0.126309833,New Jersey,Numbers may differ from published reports using final data. See Technical Notes.,**,2863
NJ,2021,January,12 month-ending,Number of Drug Overdose Deaths,2821,100,0.122799836,New Jersey,Numbers may differ from published reports using final data. See Technical Notes.,**,2850
NJ,2021,July,12 month-ending,Number of Drug Overdose Deaths,2897,100,0.171253383,New Jersey,Numbers may differ from published reports using final data. See Technical Notes.,**,2944
NJ,2021,June,12 month-ending,Number of Drug Overdose Deaths,2867,100,0.168751122,New Jersey,Numbers may differ from published reports using final data. See Technical Notes.,**,2913
NJ,2021,March,12 month-ending,Number of Drug Overdose Deaths,2862,100,0.128195997,New Jersey,Numbers may differ from published reports using final data. See Technical Notes.,**,2894
NJ,2021,May,12 month-ending,Number of Drug Overdose Deaths,2826,100,0.169118085,New Jersey,Numbers may differ from published reports using final data. See Technical Notes.,**,2871
NJ,2021,November,12 month-ending,Number of Drug Overdose Deaths,2997,100,0.218764334,New Jersey,Numbers may differ from published reports using final data. See Technical Notes.,**,3064
NJ,2021,October,12 month-ending,Number of Drug Overdose Deaths,3028,100,0.196739741,New Jersey,Numbers may differ from published reports using final data. See Technical Notes.,**,3087
NJ,2021,September,12 month-ending,Number of Drug Overdose Deaths,2958,100,0.19249391800000001,New Jersey,Numbers may differ from published reports using final data. See Technical Notes.,**,3014
NJ,2022,April,12 month-ending,Number of Drug Overdose Deaths,3029,100,0.239668114,New Jersey,Numbers may differ from published reports using final data. See Technical Notes.,**,3104
NJ,2022,August,12 month-ending,Number of Drug Overdose Deaths,2950,100,0.276937653,New Jersey,Numbers may differ from published reports using final data. See Technical Notes.,**,3037
NJ,2022,December,12 month-ending,Number of Drug Overdose Deaths,2945,100,0.384558497,New Jersey,Numbers may differ from published reports using final data. See Technical Notes.,**,3073
NJ,2022,February,12 month-ending,Number of Drug Overdose Deaths,3042,100,0.234161417,New Jersey,Numbers may differ from published reports using final data. See Technical Notes.,**,3115
NJ,2022,January,12 month-ending,Number of Drug Overdose Deaths,3047,100,0.231072128,New Jersey,Numbers may differ from published reports using final data. See Technical Notes.,**,3119
NJ,2022,July,12 month-ending,Number of Drug Overdose Deaths,2953,100,0.274815075,New Jersey,Numbers may differ from published reports using final data. See Technical Notes.,**,3039
NJ,2022,June,12 month-ending,Number of Drug Overdose Deaths,2986,100,0.263410252,New Jersey,Numbers may differ from published reports using final data. See Technical Notes.,**,3069
NJ,2022,March,12 month-ending,Number of Drug Overdose Deaths,3029,100,0.240067219,New Jersey,Numbers may differ from published reports using final data. See Technical Notes.,**,3104
NJ,2022,May,12 month-ending,Number of Drug Overdose Deaths,3033,100,0.247912793,New Jersey,Numbers may differ from published reports using final data. See Technical Notes.,**,3111
NJ,2022,November,12 month-ending,Number of Drug Overdose Deaths,2933,100,0.321709234,New Jersey,Numbers may differ from published reports using final data. See Technical Notes.,**,3036
NJ,2022,October,12 month-ending,Number of Drug Overdose Deaths,2926,100,0.300333431,New Jersey,Numbers may differ from published reports using final data. See Technical Notes.,**,3021
NJ,2022,September,12 month-ending,Number of Drug Overdose Deaths,2938,100,0.292875796,New Jersey,Numbers may differ from published reports using final data. See Technical Notes.,**,3031
NJ,2023,April,12 month-ending,Number of Drug Overdose Deaths,2785,100,0.508678601,New Jersey,Underreported due to incomplete data.,*,2953
NJ,2023,August,12 month-ending,Number of Drug Overdose Deaths,2718,100,0.71452026,New Jersey,Underreported due to incomplete data.,*,2963
NJ,2023,February,12 month-ending,Number of Drug Overdose Deaths,2828,100,0.456555857,New Jersey,Underreported due to incomplete data.,*,2970
NJ,2023,January,12 month-ending,Number of Drug Overdose Deaths,2856,100,0.419050067,New Jersey,Underreported due to incomplete data.,*,2975
NJ,2023,July,12 month-ending,Number of Drug Overdose Deaths,2757,100,0.6372684,New Jersey,Underreported due to incomplete data.,*,2975
NJ,2023,June,12 month-ending,Number of Drug Overdose Deaths,2777,100,0.572143518,New Jersey,Underreported due to incomplete data.,*,2967
NJ,2023,March,12 month-ending,Number of Drug Overdose Deaths,2798,100,0.480943739,New Jersey,Underreported due to incomplete data.,*,2958
NJ,2023,May,12 month-ending,Number of Drug Overdose Deaths,2796,100,0.534404743,New Jersey,Underreported due to incomplete data.,*,2977
NJ,2023,October,12 month-ending,Number of Drug Overdose Deaths,2510,100,0.943358781,New Jersey,Underreported due to incomplete data.,*,2818
NJ,2023,September,12 month-ending,Number of Drug Overdose Deaths,2634,100,0.78411701,New Jersey,Underreported due to incomplete data.,*,2893
NM,2015,April,12 month-ending,Number of Drug Overdose Deaths,536,100,0.040880687,New Mexico,Numbers may differ from published reports using final data. See Technical Notes.,**,537
NM,2015,August,12 month-ending,Number of Drug Overdose Deaths,518,100,0.052671622,New Mexico,Numbers may differ from published reports using final data. See Technical Notes.,**,519
NM,2015,December,12 month-ending,Number of Drug Overdose Deaths,496,100,0.093775642,New Mexico,Numbers may differ from published reports using final data. See Technical Notes.,**,500
NM,2015,February,12 month-ending,Number of Drug Overdose Deaths,546,100,0.041130501,New Mexico,Numbers may differ from published reports using final data. See Technical Notes.,**,547
NM,2015,January,12 month-ending,Number of Drug Overdose Deaths,548,100,0.041053311,New Mexico,Numbers may differ from published reports using final data. See Technical Notes.,**,549
NM,2015,July,12 month-ending,Number of Drug Overdose Deaths,520,100,0.041198281,New Mexico,Numbers may differ from published reports using final data. See Technical Notes.,**,521
NM,2015,June,12 month-ending,Number of Drug Overdose Deaths,519,100,0.035200939,New Mexico,Numbers may differ from published reports using final data. See Technical Notes.,**,519
NM,2015,March,12 month-ending,Number of Drug Overdose Deaths,544,100,0.040983607,New Mexico,Numbers may differ from published reports using final data. See Technical Notes.,**,545
NM,2015,May,12 month-ending,Number of Drug Overdose Deaths,523,100,0.041147425,New Mexico,Numbers may differ from published reports using final data. See Technical Notes.,**,524
NM,2015,November,12 month-ending,Number of Drug Overdose Deaths,510,100,0.093512566,New Mexico,Numbers may differ from published reports using final data. See Technical Notes.,**,514
NM,2015,October,12 month-ending,Number of Drug Overdose Deaths,518,100,0.070286417,New Mexico,Numbers may differ from published reports using final data. See Technical Notes.,**,520
NM,2015,September,12 month-ending,Number of Drug Overdose Deaths,513,100,0.064278619,New Mexico,Numbers may differ from published reports using final data. See Technical Notes.,**,515
NM,2016,April,12 month-ending,Number of Drug Overdose Deaths,497,100,0.091843178,New Mexico,Numbers may differ from published reports using final data. See Technical Notes.,**,501
NM,2016,August,12 month-ending,Number of Drug Overdose Deaths,495,100,0.067984817,New Mexico,Numbers may differ from published reports using final data. See Technical Notes.,**,497
NM,2016,December,12 month-ending,Number of Drug Overdose Deaths,494,100,0.050652859,New Mexico,Numbers may differ from published reports using final data. See Technical Notes.,**,495
NM,2016,February,12 month-ending,Number of Drug Overdose Deaths,485,100,0.093348891,New Mexico,Numbers may differ from published reports using final data. See Technical Notes.,**,489
NM,2016,January,12 month-ending,Number of Drug Overdose Deaths,473,100,0.094189674,New Mexico,Numbers may differ from published reports using final data. See Technical Notes.,**,477
NM,2016,July,12 month-ending,Number of Drug Overdose Deaths,497,100,0.079577105,New Mexico,Numbers may differ from published reports using final data. See Technical Notes.,**,500
NM,2016,June,12 month-ending,Number of Drug Overdose Deaths,491,100,0.096960018,New Mexico,Numbers may differ from published reports using final data. See Technical Notes.,**,495
NM,2016,March,12 month-ending,Number of Drug Overdose Deaths,498,100,0.092480203,New Mexico,Numbers may differ from published reports using final data. See Technical Notes.,**,502
NM,2016,May,12 month-ending,Number of Drug Overdose Deaths,497,100,0.091131742,New Mexico,Numbers may differ from published reports using final data. See Technical Notes.,**,501
NM,2016,November,12 month-ending,Number of Drug Overdose Deaths,485,100,0.033952014,New Mexico,Numbers may differ from published reports using final data. See Technical Notes.,**,485
NM,2016,October,12 month-ending,Number of Drug Overdose Deaths,478,100,0.050844585,New Mexico,Numbers may differ from published reports using final data. See Technical Notes.,**,479
NM,2016,September,12 month-ending,Number of Drug Overdose Deaths,491,100,0.0567022,New Mexico,Numbers may differ from published reports using final data. See Technical Notes.,**,493
NM,2017,April,12 month-ending,Number of Drug Overdose Deaths,505,100,0.067457418,New Mexico,Numbers may differ from published reports using final data. See Technical Notes.,**,507
NM,2017,August,12 month-ending,Number of Drug Overdose Deaths,505,100,0.134333371,New Mexico,Numbers may differ from published reports using final data. See Technical Notes.,**,511
NM,2017,December,12 month-ending,Number of Drug Overdose Deaths,494,100,0.160575858,New Mexico,Numbers may differ from published reports using final data. See Technical Notes.,**,502
NM,2017,February,12 month-ending,Number of Drug Overdose Deaths,494,100,0.050400403,New Mexico,Numbers may differ from published reports using final data. See Technical Notes.,**,495
NM,2017,January,12 month-ending,Number of Drug Overdose Deaths,506,100,0.050547599,New Mexico,Numbers may differ from published reports using final data. See Technical Notes.,**,507
NM,2017,July,12 month-ending,Number of Drug Overdose Deaths,515,100,0.100496901,New Mexico,Numbers may differ from published reports using final data. See Technical Notes.,**,519
NM,2017,June,12 month-ending,Number of Drug Overdose Deaths,507,100,0.07813372,New Mexico,Numbers may differ from published reports using final data. See Technical Notes.,**,510
NM,2017,March,12 month-ending,Number of Drug Overdose Deaths,495,100,0.056249297,New Mexico,Numbers may differ from published reports using final data. See Technical Notes.,**,497
NM,2017,May,12 month-ending,Number of Drug Overdose Deaths,511,100,0.067132867,New Mexico,Numbers may differ from published reports using final data. See Technical Notes.,**,513
NM,2017,November,12 month-ending,Number of Drug Overdose Deaths,496,100,0.15548645,New Mexico,Numbers may differ from published reports using final data. See Technical Notes.,**,504
NM,2017,October,12 month-ending,Number of Drug Overdose Deaths,507,100,0.155841265,New Mexico,Numbers may differ from published reports using final data. See Technical Notes.,**,515
NM,2017,September,12 month-ending,Number of Drug Overdose Deaths,501,100,0.161812298,New Mexico,Numbers may differ from published reports using final data. See Technical Notes.,**,509
NM,2018,April,12 month-ending,Number of Drug Overdose Deaths,482,100,0.148433205,New Mexico,Numbers may differ from published reports using final data. See Technical Notes.,**,489
NM,2018,August,12 month-ending,Number of Drug Overdose Deaths,510,100,0.142037695,New Mexico,Numbers may differ from published reports using final data. See Technical Notes.,**,517
NM,2018,December,12 month-ending,Number of Drug Overdose Deaths,525,100,0.211496746,New Mexico,Numbers may differ from published reports using final data. See Technical Notes.,**,537
NM,2018,February,12 month-ending,Number of Drug Overdose Deaths,486,100,0.15969163,New Mexico,Numbers may differ from published reports using final data. See Technical Notes.,**,494
NM,2018,January,12 month-ending,Number of Drug Overdose Deaths,489,100,0.15976201,New Mexico,Numbers may differ from published reports using final data. See Technical Notes.,**,497
NM,2018,July,12 month-ending,Number of Drug Overdose Deaths,491,100,0.148156277,New Mexico,Numbers may differ from published reports using final data. See Technical Notes.,**,498
NM,2018,June,12 month-ending,Number of Drug Overdose Deaths,501,100,0.142943537,New Mexico,Numbers may differ from published reports using final data. See Technical Notes.,**,508
NM,2018,March,12 month-ending,Number of Drug Overdose Deaths,485,100,0.153871517,New Mexico,Numbers may differ from published reports using final data. See Technical Notes.,**,492
NM,2018,May,12 month-ending,Number of Drug Overdose Deaths,480,100,0.154970113,New Mexico,Numbers may differ from published reports using final data. See Technical Notes.,**,487
NM,2018,November,12 month-ending,Number of Drug Overdose Deaths,507,100,0.178407309,New Mexico,Numbers may differ from published reports using final data. See Technical Notes.,**,516
NM,2018,October,12 month-ending,Number of Drug Overdose Deaths,515,100,0.151893241,New Mexico,Numbers may differ from published reports using final data. See Technical Notes.,**,523
NM,2018,September,12 month-ending,Number of Drug Overdose Deaths,524,100,0.114130435,New Mexico,Numbers may differ from published reports using final data. See Technical Notes.,**,529
NM,2019,April,12 month-ending,Number of Drug Overdose Deaths,536,100,0.248985115,New Mexico,Numbers may differ from published reports using final data. See Technical Notes.,**,550
NM,2019,August,12 month-ending,Number of Drug Overdose Deaths,565,100,0.213949508,New Mexico,Numbers may differ from published reports using final data. See Technical Notes.,**,578
NM,2019,December,12 month-ending,Number of Drug Overdose Deaths,609,100,0.142811806,New Mexico,Numbers may differ from published reports using final data. See Technical Notes.,**,617
NM,2019,February,12 month-ending,Number of Drug Overdose Deaths,526,100,0.227753376,New Mexico,Numbers may differ from published reports using final data. See Technical Notes.,**,539
NM,2019,January,12 month-ending,Number of Drug Overdose Deaths,513,100,0.221597665,New Mexico,Numbers may differ from published reports using final data. See Technical Notes.,**,525
NM,2019,July,12 month-ending,Number of Drug Overdose Deaths,568,100,0.230699072,New Mexico,Numbers may differ from published reports using final data. See Technical Notes.,**,582
NM,2019,June,12 month-ending,Number of Drug Overdose Deaths,550,100,0.253110022,New Mexico,Numbers may differ from published reports using final data. See Technical Notes.,**,565
NM,2019,March,12 month-ending,Number of Drug Overdose Deaths,520,100,0.249079489,New Mexico,Numbers may differ from published reports using final data. See Technical Notes.,**,534
NM,2019,May,12 month-ending,Number of Drug Overdose Deaths,550,100,0.253014643,New Mexico,Numbers may differ from published reports using final data. See Technical Notes.,**,565
NM,2019,November,12 month-ending,Number of Drug Overdose Deaths,613,100,0.180726094,New Mexico,Numbers may differ from published reports using final data. See Technical Notes.,**,624
NM,2019,October,12 month-ending,Number of Drug Overdose Deaths,592,100,0.197165086,New Mexico,Numbers may differ from published reports using final data. See Technical Notes.,**,604
NM,2019,September,12 month-ending,Number of Drug Overdose Deaths,574,100,0.213174163,New Mexico,Numbers may differ from published reports using final data. See Technical Notes.,**,587
NM,2020,April,12 month-ending,Number of Drug Overdose Deaths,647,100,0.109723601,New Mexico,Numbers may differ from published reports using final data. See Technical Notes.,**,653
NM,2020,August,12 month-ending,Number of Drug Overdose Deaths,723,100,0.146270112,New Mexico,Numbers may differ from published reports using final data. See Technical Notes.,**,733
NM,2020,December,12 month-ending,Number of Drug Overdose Deaths,792,100,0.246806668,New Mexico,Numbers may differ from published reports using final data. See Technical Notes.,**,813
NM,2020,February,12 month-ending,Number of Drug Overdose Deaths,641,100,0.137232133,New Mexico,Numbers may differ from published reports using final data. See Technical Notes.,**,649
NM,2020,January,12 month-ending,Number of Drug Overdose Deaths,634,100,0.137770242,New Mexico,Numbers may differ from published reports using final data. See Technical Notes.,**,642
NM,2020,July,12 month-ending,Number of Drug Overdose Deaths,684,100,0.13855213,New Mexico,Numbers may differ from published reports using final data. See Technical Notes.,**,693
NM,2020,June,12 month-ending,Number of Drug Overdose Deaths,681,100,0.115810675,New Mexico,Numbers may differ from published reports using final data. See Technical Notes.,**,688
NM,2020,March,12 month-ending,Number of Drug Overdose Deaths,648,100,0.116272924,New Mexico,Numbers may differ from published reports using final data. See Technical Notes.,**,655
NM,2020,May,12 month-ending,Number of Drug Overdose Deaths,661,100,0.107433366,New Mexico,Numbers may differ from published reports using final data. See Technical Notes.,**,667
NM,2020,November,12 month-ending,Number of Drug Overdose Deaths,780,100,0.223969284,New Mexico,Numbers may differ from published reports using final data. See Technical Notes.,**,798
NM,2020,October,12 month-ending,Number of Drug Overdose Deaths,758,100,0.181228539,New Mexico,Numbers may differ from published reports using final data. See Technical Notes.,**,772
NM,2020,September,12 month-ending,Number of Drug Overdose Deaths,739,100,0.164696764,New Mexico,Numbers may differ from published reports using final data. See Technical Notes.,**,751
NM,2021,April,12 month-ending,Number of Drug Overdose Deaths,899,100,0.250595678,New Mexico,Numbers may differ from published reports using final data. See Technical Notes.,**,923
NM,2021,August,12 month-ending,Number of Drug Overdose Deaths,1005,100,0.210526316,New Mexico,Numbers may differ from published reports using final data. See Technical Notes.,**,1027
NM,2021,December,12 month-ending,Number of Drug Overdose Deaths,1040,100,0.081287596,New Mexico,Numbers may differ from published reports using final data. See Technical Notes.,**,1046
NM,2021,February,12 month-ending,Number of Drug Overdose Deaths,828,100,0.245997332,New Mexico,Numbers may differ from published reports using final data. See Technical Notes.,**,850
NM,2021,January,12 month-ending,Number of Drug Overdose Deaths,809,100,0.244148847,New Mexico,Numbers may differ from published reports using final data. See Technical Notes.,**,830
NM,2021,July,12 month-ending,Number of Drug Overdose Deaths,986,100,0.228671212,New Mexico,Numbers may differ from published reports using final data. See Technical Notes.,**,1009
NM,2021,June,12 month-ending,Number of Drug Overdose Deaths,945,100,0.248282711,New Mexico,Numbers may differ from published reports using final data. See Technical Notes.,**,970
NM,2021,March,12 month-ending,Number of Drug Overdose Deaths,857,100,0.246954231,New Mexico,Numbers may differ from published reports using final data. See Technical Notes.,**,879
NM,2021,May,12 month-ending,Number of Drug Overdose Deaths,931,100,0.255722829,New Mexico,Numbers may differ from published reports using final data. See Technical Notes.,**,956
NM,2021,November,12 month-ending,Number of Drug Overdose Deaths,1030,100,0.117200129,New Mexico,Numbers may differ from published reports using final data. See Technical Notes.,**,1040
NM,2021,October,12 month-ending,Number of Drug Overdose Deaths,1025,100,0.168769589,New Mexico,Numbers may differ from published reports using final data. See Technical Notes.,**,1042
NM,2021,September,12 month-ending,Number of Drug Overdose Deaths,1016,100,0.198847496,New Mexico,Numbers may differ from published reports using final data. See Technical Notes.,**,1036
NM,2022,April,12 month-ending,Number of Drug Overdose Deaths,1067,100,0.1042502,New Mexico,Numbers may differ from published reports using final data. See Technical Notes.,**,1076
NM,2022,August,12 month-ending,Number of Drug Overdose Deaths,975,100,0.153783893,New Mexico,Numbers may differ from published reports using final data. See Technical Notes.,**,989
NM,2022,December,12 month-ending,Number of Drug Overdose Deaths,1007,100,0.174825175,New Mexico,Numbers may differ from published reports using final data. See Technical Notes.,**,1024
NM,2022,February,12 month-ending,Number of Drug Overdose Deaths,1082,100,0.087722796,New Mexico,Numbers may differ from published reports using final data. See Technical Notes.,**,1089
NM,2022,January,12 month-ending,Number of Drug Overdose Deaths,1052,100,0.088581092,New Mexico,Numbers may differ from published reports using final data. See Technical Notes.,**,1059
NM,2022,July,12 month-ending,Number of Drug Overdose Deaths,1011,100,0.144305929,New Mexico,Numbers may differ from published reports using final data. See Technical Notes.,**,1024
NM,2022,June,12 month-ending,Number of Drug Overdose Deaths,1037,100,0.136354522,New Mexico,Numbers may differ from published reports using final data. See Technical Notes.,**,1050
NM,2022,March,12 month-ending,Number of Drug Overdose Deaths,1089,100,0.091823698,New Mexico,Numbers may differ from published reports using final data. See Technical Notes.,**,1096
NM,2022,May,12 month-ending,Number of Drug Overdose Deaths,1046,100,0.132328174,New Mexico,Numbers may differ from published reports using final data. See Technical Notes.,**,1058
NM,2022,November,12 month-ending,Number of Drug Overdose Deaths,991,100,0.166297118,New Mexico,Numbers may differ from published reports using final data. See Technical Notes.,**,1007
NM,2022,October,12 month-ending,Number of Drug Overdose Deaths,982,100,0.158763317,New Mexico,Numbers may differ from published reports using final data. See Technical Notes.,**,997
NM,2022,September,12 month-ending,Number of Drug Overdose Deaths,975,100,0.160507038,New Mexico,Numbers may differ from published reports using final data. See Technical Notes.,**,990
NM,2023,April,12 month-ending,Number of Drug Overdose Deaths,971,100,0.205733096,New Mexico,Underreported due to incomplete data.,*,992
NM,2023,August,12 month-ending,Number of Drug Overdose Deaths,1015,100,0.231385071,New Mexico,Underreported due to incomplete data.,*,1042
NM,2023,February,12 month-ending,Number of Drug Overdose Deaths,960,100,0.192695908,New Mexico,Underreported due to incomplete data.,*,977
NM,2023,January,12 month-ending,Number of Drug Overdose Deaths,1003,100,0.193475816,New Mexico,Underreported due to incomplete data.,*,1017
NM,2023,July,12 month-ending,Number of Drug Overdose Deaths,996,100,0.198779586,New Mexico,Underreported due to incomplete data.,*,1018
NM,2023,June,12 month-ending,Number of Drug Overdose Deaths,982,100,0.193753748,New Mexico,Underreported due to incomplete data.,*,1002
NM,2023,March,12 month-ending,Number of Drug Overdose Deaths,957,100,0.20718232,New Mexico,Underreported due to incomplete data.,*,978
NM,2023,May,12 month-ending,Number of Drug Overdose Deaths,969,100,0.174849308,New Mexico,Underreported due to incomplete data.,*,987
NM,2023,October,12 month-ending,Number of Drug Overdose Deaths,991,100,0.333843372,New Mexico,Underreported due to incomplete data.,*,1029
NM,2023,September,12 month-ending,Number of Drug Overdose Deaths,999,100,0.246088127,New Mexico,Underreported due to incomplete data.,*,1026
NV,2015,April,12 month-ending,Number of Drug Overdose Deaths,584,100,0.00436186,Nevada,Numbers may differ from published reports using final data. See Technical Notes.,**,584
NV,2015,August,12 month-ending,Number of Drug Overdose Deaths,632,100,0.004282655,Nevada,Numbers may differ from published reports using final data. See Technical Notes.,**,632
NV,2015,December,12 month-ending,Number of Drug Overdose Deaths,665,100,0.004228866,Nevada,Numbers may differ from published reports using final data. See Technical Notes.,**,665
NV,2015,February,12 month-ending,Number of Drug Overdose Deaths,576,100,0.004419304,Nevada,Numbers may differ from published reports using final data. See Technical Notes.,**,576
NV,2015,January,12 month-ending,Number of Drug Overdose Deaths,578,100,0.004421062,Nevada,Numbers may differ from published reports using final data. See Technical Notes.,**,578
NV,2015,July,12 month-ending,Number of Drug Overdose Deaths,616,100,0.004300151,Nevada,Numbers may differ from published reports using final data. See Technical Notes.,**,616
NV,2015,June,12 month-ending,Number of Drug Overdose Deaths,619,100,0.004305149,Nevada,Numbers may differ from published reports using final data. See Technical Notes.,**,619
NV,2015,March,12 month-ending,Number of Drug Overdose Deaths,579,100,0.004387697,Nevada,Numbers may differ from published reports using final data. See Technical Notes.,**,579
NV,2015,May,12 month-ending,Number of Drug Overdose Deaths,598,100,0.004341408,Nevada,Numbers may differ from published reports using final data. See Technical Notes.,**,598
NV,2015,November,12 month-ending,Number of Drug Overdose Deaths,634,100,0.004254233,Nevada,Numbers may differ from published reports using final data. See Technical Notes.,**,634
NV,2015,October,12 month-ending,Number of Drug Overdose Deaths,628,100,0.004274966,Nevada,Numbers may differ from published reports using final data. See Technical Notes.,**,628
NV,2015,September,12 month-ending,Number of Drug Overdose Deaths,633,100,0.004280822,Nevada,Numbers may differ from published reports using final data. See Technical Notes.,**,633
NV,2016,April,12 month-ending,Number of Drug Overdose Deaths,683,100,0,Nevada,Numbers may differ from published reports using final data. See Technical Notes.,**,683
NV,2016,August,12 month-ending,Number of Drug Overdose Deaths,732,100,0,Nevada,Numbers may differ from published reports using final data. See Technical Notes.,**,732
NV,2016,December,12 month-ending,Number of Drug Overdose Deaths,707,100,0,Nevada,Numbers may differ from published reports using final data. See Technical Notes.,**,707
NV,2016,February,12 month-ending,Number of Drug Overdose Deaths,685,100,0.004188306,Nevada,Numbers may differ from published reports using final data. See Technical Notes.,**,685
NV,2016,January,12 month-ending,Number of Drug Overdose Deaths,669,100,0.004242321,Nevada,Numbers may differ from published reports using final data. See Technical Notes.,**,669
NV,2016,July,12 month-ending,Number of Drug Overdose Deaths,723,100,0,Nevada,Numbers may differ from published reports using final data. See Technical Notes.,**,723
NV,2016,June,12 month-ending,Number of Drug Overdose Deaths,691,100,0,Nevada,Numbers may differ from published reports using final data. See Technical Notes.,**,691
NV,2016,March,12 month-ending,Number of Drug Overdose Deaths,689,100,0.004173449,Nevada,Numbers may differ from published reports using final data. See Technical Notes.,**,689
NV,2016,May,12 month-ending,Number of Drug Overdose Deaths,679,100,0,Nevada,Numbers may differ from published reports using final data. See Technical Notes.,**,679
NV,2016,November,12 month-ending,Number of Drug Overdose Deaths,729,100,0,Nevada,Numbers may differ from published reports using final data. See Technical Notes.,**,729
NV,2016,October,12 month-ending,Number of Drug Overdose Deaths,739,100,0,Nevada,Numbers may differ from published reports using final data. See Technical Notes.,**,739
NV,2016,September,12 month-ending,Number of Drug Overdose Deaths,731,100,0,Nevada,Numbers may differ from published reports using final data. See Technical Notes.,**,731
NV,2017,April,12 month-ending,Number of Drug Overdose Deaths,713,100,0,Nevada,Numbers may differ from published reports using final data. See Technical Notes.,**,713
NV,2017,August,12 month-ending,Number of Drug Overdose Deaths,736,100,0.015811527,Nevada,Numbers may differ from published reports using final data. See Technical Notes.,**,736
NV,2017,December,12 month-ending,Number of Drug Overdose Deaths,756,100,0.077854335,Nevada,Numbers may differ from published reports using final data. See Technical Notes.,**,760
NV,2017,February,12 month-ending,Number of Drug Overdose Deaths,698,100,0,Nevada,Numbers may differ from published reports using final data. See Technical Notes.,**,698
NV,2017,January,12 month-ending,Number of Drug Overdose Deaths,705,100,0,Nevada,Numbers may differ from published reports using final data. See Technical Notes.,**,705
NV,2017,July,12 month-ending,Number of Drug Overdose Deaths,736,100,0.007854534,Nevada,Numbers may differ from published reports using final data. See Technical Notes.,**,736
NV,2017,June,12 month-ending,Number of Drug Overdose Deaths,736,100,0.007878358,Nevada,Numbers may differ from published reports using final data. See Technical Notes.,**,736
NV,2017,March,12 month-ending,Number of Drug Overdose Deaths,707,100,0,Nevada,Numbers may differ from published reports using final data. See Technical Notes.,**,707
NV,2017,May,12 month-ending,Number of Drug Overdose Deaths,728,100,0,Nevada,Numbers may differ from published reports using final data. See Technical Notes.,**,728
NV,2017,November,12 month-ending,Number of Drug Overdose Deaths,748,100,0.035207135,Nevada,Numbers may differ from published reports using final data. See Technical Notes.,**,748
NV,2017,October,12 month-ending,Number of Drug Overdose Deaths,749,100,0.027523297,Nevada,Numbers may differ from published reports using final data. See Technical Notes.,**,749
NV,2017,September,12 month-ending,Number of Drug Overdose Deaths,736,100,0.023716352,Nevada,Numbers may differ from published reports using final data. See Technical Notes.,**,736
NV,2018,April,12 month-ending,Number of Drug Overdose Deaths,750,100,0.089240678,Nevada,Numbers may differ from published reports using final data. See Technical Notes.,**,755
NV,2018,August,12 month-ending,Number of Drug Overdose Deaths,736,100,0.096618357,Nevada,Numbers may differ from published reports using final data. See Technical Notes.,**,742
NV,2018,December,12 month-ending,Number of Drug Overdose Deaths,741,100,0.250303101,Nevada,Numbers may differ from published reports using final data. See Technical Notes.,**,761
NV,2018,February,12 month-ending,Number of Drug Overdose Deaths,761,100,0.085360649,Nevada,Numbers may differ from published reports using final data. See Technical Notes.,**,766
NV,2018,January,12 month-ending,Number of Drug Overdose Deaths,758,100,0.08528454,Nevada,Numbers may differ from published reports using final data. See Technical Notes.,**,763
NV,2018,July,12 month-ending,Number of Drug Overdose Deaths,727,100,0.093146006,Nevada,Numbers may differ from published reports using final data. See Technical Notes.,**,732
NV,2018,June,12 month-ending,Number of Drug Overdose Deaths,716,100,0.093330741,Nevada,Numbers may differ from published reports using final data. See Technical Notes.,**,721
NV,2018,March,12 month-ending,Number of Drug Overdose Deaths,746,100,0.089164567,Nevada,Numbers may differ from published reports using final data. See Technical Notes.,**,751
NV,2018,May,12 month-ending,Number of Drug Overdose Deaths,726,100,0.09728005,Nevada,Numbers may differ from published reports using final data. See Technical Notes.,**,732
NV,2018,November,12 month-ending,Number of Drug Overdose Deaths,726,100,0.232982565,Nevada,Numbers may differ from published reports using final data. See Technical Notes.,**,744
NV,2018,October,12 month-ending,Number of Drug Overdose Deaths,722,100,0.194476857,Nevada,Numbers may differ from published reports using final data. See Technical Notes.,**,736
NV,2018,September,12 month-ending,Number of Drug Overdose Deaths,740,100,0.116211505,Nevada,Numbers may differ from published reports using final data. See Technical Notes.,**,747
NV,2019,April,12 month-ending,Number of Drug Overdose Deaths,753,100,0.240543162,Nevada,Numbers may differ from published reports using final data. See Technical Notes.,**,772
NV,2019,August,12 month-ending,Number of Drug Overdose Deaths,733,100,0.227220211,Nevada,Numbers may differ from published reports using final data. See Technical Notes.,**,750
NV,2019,December,12 month-ending,Number of Drug Overdose Deaths,710,100,0.094542979,Nevada,Numbers may differ from published reports using final data. See Technical Notes.,**,715
NV,2019,February,12 month-ending,Number of Drug Overdose Deaths,755,100,0.24672985,Nevada,Numbers may differ from published reports using final data. See Technical Notes.,**,775
NV,2019,January,12 month-ending,Number of Drug Overdose Deaths,752,100,0.244257968,Nevada,Numbers may differ from published reports using final data. See Technical Notes.,**,771
NV,2019,July,12 month-ending,Number of Drug Overdose Deaths,747,100,0.228222188,Nevada,Numbers may differ from published reports using final data. See Technical Notes.,**,765
NV,2019,June,12 month-ending,Number of Drug Overdose Deaths,761,100,0.228266337,Nevada,Numbers may differ from published reports using final data. See Technical Notes.,**,779
NV,2019,March,12 month-ending,Number of Drug Overdose Deaths,750,100,0.24229161,Nevada,Numbers may differ from published reports using final data. See Technical Notes.,**,769
NV,2019,May,12 month-ending,Number of Drug Overdose Deaths,772,100,0.232279045,Nevada,Numbers may differ from published reports using final data. See Technical Notes.,**,791
NV,2019,November,12 month-ending,Number of Drug Overdose Deaths,720,100,0.129297232,Nevada,Numbers may differ from published reports using final data. See Technical Notes.,**,728
NV,2019,October,12 month-ending,Number of Drug Overdose Deaths,725,100,0.133562297,Nevada,Numbers may differ from published reports using final data. See Technical Notes.,**,734
NV,2019,September,12 month-ending,Number of Drug Overdose Deaths,739,100,0.210566616,Nevada,Numbers may differ from published reports using final data. See Technical Notes.,**,755
NV,2020,April,12 month-ending,Number of Drug Overdose Deaths,724,100,0.10083657,Nevada,Numbers may differ from published reports using final data. See Technical Notes.,**,730
NV,2020,August,12 month-ending,Number of Drug Overdose Deaths,820,100,0.094468353,Nevada,Numbers may differ from published reports using final data. See Technical Notes.,**,826
NV,2020,December,12 month-ending,Number of Drug Overdose Deaths,915,100,0.060526903,Nevada,Numbers may differ from published reports using final data. See Technical Notes.,**,918
NV,2020,February,12 month-ending,Number of Drug Overdose Deaths,696,100,0.093924935,Nevada,Numbers may differ from published reports using final data. See Technical Notes.,**,701
NV,2020,January,12 month-ending,Number of Drug Overdose Deaths,701,100,0.098031823,Nevada,Numbers may differ from published reports using final data. See Technical Notes.,**,707
NV,2020,July,12 month-ending,Number of Drug Overdose Deaths,777,100,0.100686828,Nevada,Numbers may differ from published reports using final data. See Technical Notes.,**,783
NV,2020,June,12 month-ending,Number of Drug Overdose Deaths,762,100,0.103009344,Nevada,Numbers may differ from published reports using final data. See Technical Notes.,**,768
NV,2020,March,12 month-ending,Number of Drug Overdose Deaths,704,100,0.093868509,Nevada,Numbers may differ from published reports using final data. See Technical Notes.,**,709
NV,2020,May,12 month-ending,Number of Drug Overdose Deaths,753,100,0.100011112,Nevada,Numbers may differ from published reports using final data. See Technical Notes.,**,759
NV,2020,November,12 month-ending,Number of Drug Overdose Deaths,887,100,0.060182554,Nevada,Numbers may differ from published reports using final data. See Technical Notes.,**,890
NV,2020,October,12 month-ending,Number of Drug Overdose Deaths,858,100,0.092203668,Nevada,Numbers may differ from published reports using final data. See Technical Notes.,**,864
NV,2020,September,12 month-ending,Number of Drug Overdose Deaths,814,100,0.089931168,Nevada,Numbers may differ from published reports using final data. See Technical Notes.,**,820
NV,2021,April,12 month-ending,Number of Drug Overdose Deaths,986,100,0.051261949,Nevada,Numbers may differ from published reports using final data. See Technical Notes.,**,988
NV,2021,August,12 month-ending,Number of Drug Overdose Deaths,1033,100,0.053614512,Nevada,Numbers may differ from published reports using final data. See Technical Notes.,**,1035
NV,2021,December,12 month-ending,Number of Drug Overdose Deaths,1039,100,0.038290477,Nevada,Numbers may differ from published reports using final data. See Technical Notes.,**,1039
NV,2021,February,12 month-ending,Number of Drug Overdose Deaths,968,100,0.057558316,Nevada,Numbers may differ from published reports using final data. See Technical Notes.,**,971
NV,2021,January,12 month-ending,Number of Drug Overdose Deaths,941,100,0.055241836,Nevada,Numbers may differ from published reports using final data. See Technical Notes.,**,943
NV,2021,July,12 month-ending,Number of Drug Overdose Deaths,1055,100,0.056903264,Nevada,Numbers may differ from published reports using final data. See Technical Notes.,**,1058
NV,2021,June,12 month-ending,Number of Drug Overdose Deaths,1002,100,0.057081055,Nevada,Numbers may differ from published reports using final data. See Technical Notes.,**,1005
NV,2021,March,12 month-ending,Number of Drug Overdose Deaths,988,100,0.057144576,Nevada,Numbers may differ from published reports using final data. See Technical Notes.,**,991
NV,2021,May,12 month-ending,Number of Drug Overdose Deaths,966,100,0.054213602,Nevada,Numbers may differ from published reports using final data. See Technical Notes.,**,968
NV,2021,November,12 month-ending,Number of Drug Overdose Deaths,1041,100,0.048965954,Nevada,Numbers may differ from published reports using final data. See Technical Notes.,**,1043
NV,2021,October,12 month-ending,Number of Drug Overdose Deaths,1040,100,0.054781882,Nevada,Numbers may differ from published reports using final data. See Technical Notes.,**,1043
NV,2021,September,12 month-ending,Number of Drug Overdose Deaths,1047,100,0.049713417,Nevada,Numbers may differ from published reports using final data. See Technical Notes.,**,1049
NV,2022,April,12 month-ending,Number of Drug Overdose Deaths,1026,100,0.043641442,Nevada,Numbers may differ from published reports using final data. See Technical Notes.,**,1027
NV,2022,August,12 month-ending,Number of Drug Overdose Deaths,1021,100,0.050651015,Nevada,Numbers may differ from published reports using final data. See Technical Notes.,**,1023
NV,2022,December,12 month-ending,Number of Drug Overdose Deaths,1127,100,0.031213909,Nevada,Numbers may differ from published reports using final data. See Technical Notes.,**,1127
NV,2022,February,12 month-ending,Number of Drug Overdose Deaths,1024,100,0.040934476,Nevada,Numbers may differ from published reports using final data. See Technical Notes.,**,1025
NV,2022,January,12 month-ending,Number of Drug Overdose Deaths,1035,100,0.041237113,Nevada,Numbers may differ from published reports using final data. See Technical Notes.,**,1036
NV,2022,July,12 month-ending,Number of Drug Overdose Deaths,1024,100,0.04381097,Nevada,Numbers may differ from published reports using final data. See Technical Notes.,**,1025
NV,2022,June,12 month-ending,Number of Drug Overdose Deaths,1040,100,0.043504742,Nevada,Numbers may differ from published reports using final data. See Technical Notes.,**,1041
NV,2022,March,12 month-ending,Number of Drug Overdose Deaths,1025,100,0.040892628,Nevada,Numbers may differ from published reports using final data. See Technical Notes.,**,1026
NV,2022,May,12 month-ending,Number of Drug Overdose Deaths,1038,100,0.043541364,Nevada,Numbers may differ from published reports using final data. See Technical Notes.,**,1039
NV,2022,November,12 month-ending,Number of Drug Overdose Deaths,1113,100,0.040430429,Nevada,Numbers may differ from published reports using final data. See Technical Notes.,**,1114
NV,2022,October,12 month-ending,Number of Drug Overdose Deaths,1089,100,0.040093758,Nevada,Numbers may differ from published reports using final data. See Technical Notes.,**,1090
NV,2022,September,12 month-ending,Number of Drug Overdose Deaths,1080,100,0.051632498,Nevada,Numbers may differ from published reports using final data. See Technical Notes.,**,1082
NV,2023,April,12 month-ending,Number of Drug Overdose Deaths,1260,100,0.042447594,Nevada,Underreported due to incomplete data.,*,1262
NV,2023,August,12 month-ending,Number of Drug Overdose Deaths,1362,100,0.15160004,Nevada,Underreported due to incomplete data.,*,1384
NV,2023,February,12 month-ending,Number of Drug Overdose Deaths,1146,100,0.026160034,Nevada,Underreported due to incomplete data.,*,1146
NV,2023,January,12 month-ending,Number of Drug Overdose Deaths,1131,100,0.028906375,Nevada,Underreported due to incomplete data.,*,1131
NV,2023,July,12 month-ending,Number of Drug Overdose Deaths,1305,100,0.10883905,Nevada,Underreported due to incomplete data.,*,1319
NV,2023,June,12 month-ending,Number of Drug Overdose Deaths,1269,100,0.072294699,Nevada,Underreported due to incomplete data.,*,1276
NV,2023,March,12 month-ending,Number of Drug Overdose Deaths,1212,100,0.029452189,Nevada,Underreported due to incomplete data.,*,1213
NV,2023,May,12 month-ending,Number of Drug Overdose Deaths,1279,100,0.058856227,Nevada,Underreported due to incomplete data.,*,1285
NV,2023,October,12 month-ending,Number of Drug Overdose Deaths,1340,100,0.558380696,Nevada,Underreported due to incomplete data.,*,1431
NV,2023,September,12 month-ending,Number of Drug Overdose Deaths,1348,100,0.224793388,Nevada,Underreported due to incomplete data.,*,1380
NY,2015,April,12 month-ending,Number of Drug Overdose Deaths,1597,100,0.307379135,New York,Numbers may differ from published reports using final data. See Technical Notes.,**,1651
NY,2015,August,12 month-ending,Number of Drug Overdose Deaths,1733,100,0.33775609,New York,Numbers may differ from published reports using final data. See Technical Notes.,**,1798
NY,2015,December,12 month-ending,Number of Drug Overdose Deaths,1802,100,0.405174865,New York,Numbers may differ from published reports using final data. See Technical Notes.,**,1885
NY,2015,February,12 month-ending,Number of Drug Overdose Deaths,1519,100,0.294605424,New York,Numbers may differ from published reports using final data. See Technical Notes.,**,1568
NY,2015,January,12 month-ending,Number of Drug Overdose Deaths,1510,100,0.278684279,New York,Numbers may differ from published reports using final data. See Technical Notes.,**,1555
NY,2015,July,12 month-ending,Number of Drug Overdose Deaths,1694,100,0.322339437,New York,Numbers may differ from published reports using final data. See Technical Notes.,**,1754
NY,2015,June,12 month-ending,Number of Drug Overdose Deaths,1659,100,0.309032879,New York,Numbers may differ from published reports using final data. See Technical Notes.,**,1715
NY,2015,March,12 month-ending,Number of Drug Overdose Deaths,1535,100,0.306482096,New York,Numbers may differ from published reports using final data. See Technical Notes.,**,1586
NY,2015,May,12 month-ending,Number of Drug Overdose Deaths,1622,100,0.313323869,New York,Numbers may differ from published reports using final data. See Technical Notes.,**,1678
NY,2015,November,12 month-ending,Number of Drug Overdose Deaths,1789,100,0.395268874,New York,Numbers may differ from published reports using final data. See Technical Notes.,**,1869
NY,2015,October,12 month-ending,Number of Drug Overdose Deaths,1766,100,0.37075739,New York,Numbers may differ from published reports using final data. See Technical Notes.,**,1840
NY,2015,September,12 month-ending,Number of Drug Overdose Deaths,1764,100,0.353299983,New York,Numbers may differ from published reports using final data. See Technical Notes.,**,1834
NY,2016,April,12 month-ending,Number of Drug Overdose Deaths,2004,100,0.423488681,New York,Numbers may differ from published reports using final data. See Technical Notes.,**,2101
NY,2016,August,12 month-ending,Number of Drug Overdose Deaths,2123,100,0.493710336,New York,Numbers may differ from published reports using final data. See Technical Notes.,**,2246
NY,2016,December,12 month-ending,Number of Drug Overdose Deaths,2248,100,0.585221635,New York,Numbers may differ from published reports using final data. See Technical Notes.,**,2406
NY,2016,February,12 month-ending,Number of Drug Overdose Deaths,1915,100,0.401251988,New York,Numbers may differ from published reports using final data. See Technical Notes.,**,2002
NY,2016,January,12 month-ending,Number of Drug Overdose Deaths,1840,100,0.408054735,New York,Numbers may differ from published reports using final data. See Technical Notes.,**,1926
NY,2016,July,12 month-ending,Number of Drug Overdose Deaths,2084,100,0.483231158,New York,Numbers may differ from published reports using final data. See Technical Notes.,**,2202
NY,2016,June,12 month-ending,Number of Drug Overdose Deaths,2056,100,0.46476638,New York,Numbers may differ from published reports using final data. See Technical Notes.,**,2167
NY,2016,March,12 month-ending,Number of Drug Overdose Deaths,1978,100,0.409755897,New York,Numbers may differ from published reports using final data. See Technical Notes.,**,2071
NY,2016,May,12 month-ending,Number of Drug Overdose Deaths,2023,100,0.437244125,New York,Numbers may differ from published reports using final data. See Technical Notes.,**,2125
NY,2016,November,12 month-ending,Number of Drug Overdose Deaths,2219,100,0.540551567,New York,Numbers may differ from published reports using final data. See Technical Notes.,**,2361
NY,2016,October,12 month-ending,Number of Drug Overdose Deaths,2183,100,0.531216671,New York,Numbers may differ from published reports using final data. See Technical Notes.,**,2320
NY,2016,September,12 month-ending,Number of Drug Overdose Deaths,2147,100,0.514320912,New York,Numbers may differ from published reports using final data. See Technical Notes.,**,2277
NY,2017,April,12 month-ending,Number of Drug Overdose Deaths,2333,100,0.557038529,New York,Numbers may differ from published reports using final data. See Technical Notes.,**,2488
NY,2017,August,12 month-ending,Number of Drug Overdose Deaths,2467,100,0.511678305,New York,Numbers may differ from published reports using final data. See Technical Notes.,**,2616
NY,2017,December,12 month-ending,Number of Drug Overdose Deaths,2444,100,0.498000982,New York,Numbers may differ from published reports using final data. See Technical Notes.,**,2587
NY,2017,February,12 month-ending,Number of Drug Overdose Deaths,2289,100,0.574538857,New York,Numbers may differ from published reports using final data. See Technical Notes.,**,2446
NY,2017,January,12 month-ending,Number of Drug Overdose Deaths,2289,100,0.575182393,New York,Numbers may differ from published reports using final data. See Technical Notes.,**,2447
NY,2017,July,12 month-ending,Number of Drug Overdose Deaths,2459,100,0.525698005,New York,Numbers may differ from published reports using final data. See Technical Notes.,**,2612
NY,2017,June,12 month-ending,Number of Drug Overdose Deaths,2437,100,0.539586384,New York,Numbers may differ from published reports using final data. See Technical Notes.,**,2593
NY,2017,March,12 month-ending,Number of Drug Overdose Deaths,2331,100,0.566923108,New York,Numbers may differ from published reports using final data. See Technical Notes.,**,2489
NY,2017,May,12 month-ending,Number of Drug Overdose Deaths,2396,100,0.548521508,New York,Numbers may differ from published reports using final data. See Technical Notes.,**,2552
NY,2017,November,12 month-ending,Number of Drug Overdose Deaths,2446,100,0.504887959,New York,Numbers may differ from published reports using final data. See Technical Notes.,**,2591
NY,2017,October,12 month-ending,Number of Drug Overdose Deaths,2490,100,0.511225835,New York,Numbers may differ from published reports using final data. See Technical Notes.,**,2640
NY,2017,September,12 month-ending,Number of Drug Overdose Deaths,2511,100,0.511539735,New York,Numbers may differ from published reports using final data. See Technical Notes.,**,2662
NY,2018,April,12 month-ending,Number of Drug Overdose Deaths,2298,100,0.522729302,New York,Numbers may differ from published reports using final data. See Technical Notes.,**,2440
NY,2018,August,12 month-ending,Number of Drug Overdose Deaths,2209,100,0.514584862,New York,Numbers may differ from published reports using final data. See Technical Notes.,**,2343
NY,2018,December,12 month-ending,Number of Drug Overdose Deaths,2236,100,0.466825586,New York,Numbers may differ from published reports using final data. See Technical Notes.,**,2357
NY,2018,February,12 month-ending,Number of Drug Overdose Deaths,2410,100,0.506148212,New York,Numbers may differ from published reports using final data. See Technical Notes.,**,2553
NY,2018,January,12 month-ending,Number of Drug Overdose Deaths,2449,100,0.502247683,New York,Numbers may differ from published reports using final data. See Technical Notes.,**,2593
NY,2018,July,12 month-ending,Number of Drug Overdose Deaths,2214,100,0.515162043,New York,Numbers may differ from published reports using final data. See Technical Notes.,**,2349
NY,2018,June,12 month-ending,Number of Drug Overdose Deaths,2223,100,0.52032035,New York,Numbers may differ from published reports using final data. See Technical Notes.,**,2360
NY,2018,March,12 month-ending,Number of Drug Overdose Deaths,2331,100,0.512245242,New York,Numbers may differ from published reports using final data. See Technical Notes.,**,2472
NY,2018,May,12 month-ending,Number of Drug Overdose Deaths,2243,100,0.521910291,New York,Numbers may differ from published reports using final data. See Technical Notes.,**,2381
NY,2018,November,12 month-ending,Number of Drug Overdose Deaths,2240,100,0.486791333,New York,Numbers may differ from published reports using final data. See Technical Notes.,**,2368
NY,2018,October,12 month-ending,Number of Drug Overdose Deaths,2217,100,0.489135268,New York,Numbers may differ from published reports using final data. See Technical Notes.,**,2344
NY,2018,September,12 month-ending,Number of Drug Overdose Deaths,2166,100,0.510609553,New York,Numbers may differ from published reports using final data. See Technical Notes.,**,2296
NY,2019,April,12 month-ending,Number of Drug Overdose Deaths,2153,100,0.523491952,New York,Numbers may differ from published reports using final data. See Technical Notes.,**,2286
NY,2019,August,12 month-ending,Number of Drug Overdose Deaths,2124,100,0.61384597,New York,Numbers may differ from published reports using final data. See Technical Notes.,**,2282
NY,2019,December,12 month-ending,Number of Drug Overdose Deaths,2086,100,0.70299993,New York,Numbers may differ from published reports using final data. See Technical Notes.,**,2267
NY,2019,February,12 month-ending,Number of Drug Overdose Deaths,2142,100,0.491343709,New York,Numbers may differ from published reports using final data. See Technical Notes.,**,2265
NY,2019,January,12 month-ending,Number of Drug Overdose Deaths,2144,100,0.490854086,New York,Numbers may differ from published reports using final data. See Technical Notes.,**,2267
NY,2019,July,12 month-ending,Number of Drug Overdose Deaths,2120,100,0.585414585,New York,Numbers may differ from published reports using final data. See Technical Notes.,**,2269
NY,2019,June,12 month-ending,Number of Drug Overdose Deaths,2105,100,0.555422361,New York,Numbers may differ from published reports using final data. See Technical Notes.,**,2244
NY,2019,March,12 month-ending,Number of Drug Overdose Deaths,2169,100,0.509227238,New York,Numbers may differ from published reports using final data. See Technical Notes.,**,2299
NY,2019,May,12 month-ending,Number of Drug Overdose Deaths,2127,100,0.542620166,New York,Numbers may differ from published reports using final data. See Technical Notes.,**,2264
NY,2019,November,12 month-ending,Number of Drug Overdose Deaths,2104,100,0.674155066,New York,Numbers may differ from published reports using final data. See Technical Notes.,**,2278
NY,2019,October,12 month-ending,Number of Drug Overdose Deaths,2089,100,0.644389027,New York,Numbers may differ from published reports using final data. See Technical Notes.,**,2253
NY,2019,September,12 month-ending,Number of Drug Overdose Deaths,2116,100,0.614554075,New York,Numbers may differ from published reports using final data. See Technical Notes.,**,2273
NY,2020,April,12 month-ending,Number of Drug Overdose Deaths,2383,100,0.615052603,New York,Numbers may differ from published reports using final data. See Technical Notes.,**,2560
NY,2020,August,12 month-ending,Number of Drug Overdose Deaths,2669,100,0.566260322,New York,Numbers may differ from published reports using final data. See Technical Notes.,**,2850
NY,2020,December,12 month-ending,Number of Drug Overdose Deaths,2874,100,0.413828923,New York,Numbers may differ from published reports using final data. See Technical Notes.,**,3010
NY,2020,February,12 month-ending,Number of Drug Overdose Deaths,2202,100,0.711144566,New York,Numbers may differ from published reports using final data. See Technical Notes.,**,2395
NY,2020,January,12 month-ending,Number of Drug Overdose Deaths,2158,100,0.701642798,New York,Numbers may differ from published reports using final data. See Technical Notes.,**,2345
NY,2020,July,12 month-ending,Number of Drug Overdose Deaths,2596,100,0.584493424,New York,Numbers may differ from published reports using final data. See Technical Notes.,**,2778
NY,2020,June,12 month-ending,Number of Drug Overdose Deaths,2572,100,0.595081594,New York,Numbers may differ from published reports using final data. See Technical Notes.,**,2756
NY,2020,March,12 month-ending,Number of Drug Overdose Deaths,2260,100,0.683179283,New York,Numbers may differ from published reports using final data. See Technical Notes.,**,2450
NY,2020,May,12 month-ending,Number of Drug Overdose Deaths,2502,100,0.599607881,New York,Numbers may differ from published reports using final data. See Technical Notes.,**,2683
NY,2020,November,12 month-ending,Number of Drug Overdose Deaths,2813,100,0.481120952,New York,Numbers may differ from published reports using final data. See Technical Notes.,**,2971
NY,2020,October,12 month-ending,Number of Drug Overdose Deaths,2766,100,0.529371437,New York,Numbers may differ from published reports using final data. See Technical Notes.,**,2939
NY,2020,September,12 month-ending,Number of Drug Overdose Deaths,2722,100,0.550813167,New York,Numbers may differ from published reports using final data. See Technical Notes.,**,2900
NY,2021,April,12 month-ending,Number of Drug Overdose Deaths,3011,100,0.42479193,New York,Numbers may differ from published reports using final data. See Technical Notes.,**,3158
NY,2021,August,12 month-ending,Number of Drug Overdose Deaths,3050,100,0.462934603,New York,Numbers may differ from published reports using final data. See Technical Notes.,**,3214
NY,2021,December,12 month-ending,Number of Drug Overdose Deaths,3170,100,0.535675839,New York,Numbers may differ from published reports using final data. See Technical Notes.,**,3371
NY,2021,February,12 month-ending,Number of Drug Overdose Deaths,3006,100,0.385695653,New York,Numbers may differ from published reports using final data. See Technical Notes.,**,3137
NY,2021,January,12 month-ending,Number of Drug Overdose Deaths,2965,100,0.397015095,New York,Numbers may differ from published reports using final data. See Technical Notes.,**,3098
NY,2021,July,12 month-ending,Number of Drug Overdose Deaths,3014,100,0.465711136,New York,Numbers may differ from published reports using final data. See Technical Notes.,**,3177
NY,2021,June,12 month-ending,Number of Drug Overdose Deaths,2990,100,0.44862058,New York,Numbers may differ from published reports using final data. See Technical Notes.,**,3145
NY,2021,March,12 month-ending,Number of Drug Overdose Deaths,3037,100,0.389584256,New York,Numbers may differ from published reports using final data. See Technical Notes.,**,3171
NY,2021,May,12 month-ending,Number of Drug Overdose Deaths,2989,100,0.430981298,New York,Numbers may differ from published reports using final data. See Technical Notes.,**,3137
NY,2021,November,12 month-ending,Number of Drug Overdose Deaths,3126,100,0.492417118,New York,Numbers may differ from published reports using final data. See Technical Notes.,**,3306
NY,2021,October,12 month-ending,Number of Drug Overdose Deaths,3122,100,0.479143907,New York,Numbers may differ from published reports using final data. See Technical Notes.,**,3296
NY,2021,September,12 month-ending,Number of Drug Overdose Deaths,3087,100,0.48018895,New York,Numbers may differ from published reports using final data. See Technical Notes.,**,3260
NY,2022,April,12 month-ending,Number of Drug Overdose Deaths,3159,100,0.466394969,New York,Numbers may differ from published reports using final data. See Technical Notes.,**,3330
NY,2022,August,12 month-ending,Number of Drug Overdose Deaths,3259,100,0.342292311,New York,Numbers may differ from published reports using final data. See Technical Notes.,**,3383
NY,2022,December,12 month-ending,Number of Drug Overdose Deaths,3401,100,0.234804657,New York,Numbers may differ from published reports using final data. See Technical Notes.,**,3483
NY,2022,February,12 month-ending,Number of Drug Overdose Deaths,3134,100,0.506426376,New York,Numbers may differ from published reports using final data. See Technical Notes.,**,3321
NY,2022,January,12 month-ending,Number of Drug Overdose Deaths,3133,100,0.517869535,New York,Numbers may differ from published reports using final data. See Technical Notes.,**,3324
NY,2022,July,12 month-ending,Number of Drug Overdose Deaths,3263,100,0.356184903,New York,Numbers may differ from published reports using final data. See Technical Notes.,**,3393
NY,2022,June,12 month-ending,Number of Drug Overdose Deaths,3238,100,0.393491253,New York,Numbers may differ from published reports using final data. See Technical Notes.,**,3382
NY,2022,March,12 month-ending,Number of Drug Overdose Deaths,3127,100,0.49092232,New York,Numbers may differ from published reports using final data. See Technical Notes.,**,3307
NY,2022,May,12 month-ending,Number of Drug Overdose Deaths,3169,100,0.442954313,New York,Numbers may differ from published reports using final data. See Technical Notes.,**,3331
NY,2022,November,12 month-ending,Number of Drug Overdose Deaths,3369,100,0.275147115,New York,Numbers may differ from published reports using final data. See Technical Notes.,**,3468
NY,2022,October,12 month-ending,Number of Drug Overdose Deaths,3319,100,0.293824394,New York,Numbers may differ from published reports using final data. See Technical Notes.,**,3424
NY,2022,September,12 month-ending,Number of Drug Overdose Deaths,3281,100,0.312585061,New York,Numbers may differ from published reports using final data. See Technical Notes.,**,3393
NY,2023,April,12 month-ending,Number of Drug Overdose Deaths,3519,100,0.270076614,New York,Underreported due to incomplete data.,*,3622
NY,2023,August,12 month-ending,Number of Drug Overdose Deaths,3373,100,0.390737657,New York,Underreported due to incomplete data.,*,3529
NY,2023,February,12 month-ending,Number of Drug Overdose Deaths,3485,100,0.239673823,New York,Underreported due to incomplete data.,*,3564
NY,2023,January,12 month-ending,Number of Drug Overdose Deaths,3463,100,0.24069583,New York,Underreported due to incomplete data.,*,3530
NY,2023,July,12 month-ending,Number of Drug Overdose Deaths,3406,100,0.33507834,New York,Underreported due to incomplete data.,*,3538
NY,2023,June,12 month-ending,Number of Drug Overdose Deaths,3476,100,0.306047914,New York,Underreported due to incomplete data.,*,3593
NY,2023,March,12 month-ending,Number of Drug Overdose Deaths,3481,100,0.245853515,New York,Underreported due to incomplete data.,*,3574
NY,2023,May,12 month-ending,Number of Drug Overdose Deaths,3531,100,0.277649663,New York,Underreported due to incomplete data.,*,3642
NY,2023,October,12 month-ending,Number of Drug Overdose Deaths,3188,100,0.565098402,New York,Underreported due to incomplete data.,*,3407
NY,2023,September,12 month-ending,Number of Drug Overdose Deaths,3301,100,0.45349358,New York,Underreported due to incomplete data.,*,3476
OH,2015,April,12 month-ending,Number of Drug Overdose Deaths,2955,100,0.00510382,Ohio,Numbers may differ from published reports using final data. See Technical Notes.,**,2955
OH,2015,August,12 month-ending,Number of Drug Overdose Deaths,3153,100,0.008411278,Ohio,Numbers may differ from published reports using final data. See Technical Notes.,**,3153
OH,2015,December,12 month-ending,Number of Drug Overdose Deaths,3336,100,0.026246053,Ohio,Numbers may differ from published reports using final data. See Technical Notes.,**,3336
OH,2015,February,12 month-ending,Number of Drug Overdose Deaths,2828,100,0.006006212,Ohio,Numbers may differ from published reports using final data. See Technical Notes.,**,2828
OH,2015,January,12 month-ending,Number of Drug Overdose Deaths,2829,100,0.006037866,Ohio,Numbers may differ from published reports using final data. See Technical Notes.,**,2829
OH,2015,July,12 month-ending,Number of Drug Overdose Deaths,3128,100,0.005902541,Ohio,Numbers may differ from published reports using final data. See Technical Notes.,**,3128
OH,2015,June,12 month-ending,Number of Drug Overdose Deaths,3051,100,0.005918661,Ohio,Numbers may differ from published reports using final data. See Technical Notes.,**,3051
OH,2015,March,12 month-ending,Number of Drug Overdose Deaths,2843,100,0.005986744,Ohio,Numbers may differ from published reports using final data. See Technical Notes.,**,2843
OH,2015,May,12 month-ending,Number of Drug Overdose Deaths,3054,100,0.006779948,Ohio,Numbers may differ from published reports using final data. See Technical Notes.,**,3054
OH,2015,November,12 month-ending,Number of Drug Overdose Deaths,3298,100,0.020958385,Ohio,Numbers may differ from published reports using final data. See Technical Notes.,**,3298
OH,2015,October,12 month-ending,Number of Drug Overdose Deaths,3222,100,0.017595898,Ohio,Numbers may differ from published reports using final data. See Technical Notes.,**,3222
OH,2015,September,12 month-ending,Number of Drug Overdose Deaths,3196,100,0.010083102,Ohio,Numbers may differ from published reports using final data. See Technical Notes.,**,3196
OH,2016,April,12 month-ending,Number of Drug Overdose Deaths,3575,100,0.025516713,Ohio,Numbers may differ from published reports using final data. See Technical Notes.,**,3575
OH,2016,August,12 month-ending,Number of Drug Overdose Deaths,3857,100,0.022036139,Ohio,Numbers may differ from published reports using final data. See Technical Notes.,**,3857
OH,2016,December,12 month-ending,Number of Drug Overdose Deaths,4326,100,0.030095805,Ohio,Numbers may differ from published reports using final data. See Technical Notes.,**,4326
OH,2016,February,12 month-ending,Number of Drug Overdose Deaths,3452,100,0.024771716,Ohio,Numbers may differ from published reports using final data. See Technical Notes.,**,3452
OH,2016,January,12 month-ending,Number of Drug Overdose Deaths,3398,100,0.025634453,Ohio,Numbers may differ from published reports using final data. See Technical Notes.,**,3398
OH,2016,July,12 month-ending,Number of Drug Overdose Deaths,3763,100,0.024610476,Ohio,Numbers may differ from published reports using final data. See Technical Notes.,**,3763
OH,2016,June,12 month-ending,Number of Drug Overdose Deaths,3652,100,0.024628868,Ohio,Numbers may differ from published reports using final data. See Technical Notes.,**,3652
OH,2016,March,12 month-ending,Number of Drug Overdose Deaths,3542,100,0.025542132,Ohio,Numbers may differ from published reports using final data. See Technical Notes.,**,3542
OH,2016,May,12 month-ending,Number of Drug Overdose Deaths,3606,100,0.023806892,Ohio,Numbers may differ from published reports using final data. See Technical Notes.,**,3606
OH,2016,November,12 month-ending,Number of Drug Overdose Deaths,4211,100,0.021052809,Ohio,Numbers may differ from published reports using final data. See Technical Notes.,**,4211
OH,2016,October,12 month-ending,Number of Drug Overdose Deaths,4121,100,0.017721519,Ohio,Numbers may differ from published reports using final data. See Technical Notes.,**,4121
OH,2016,September,12 month-ending,Number of Drug Overdose Deaths,4000,100,0.020282261,Ohio,Numbers may differ from published reports using final data. See Technical Notes.,**,4000
OH,2017,April,12 month-ending,Number of Drug Overdose Deaths,4974,100,0.027904763,Ohio,Numbers may differ from published reports using final data. See Technical Notes.,**,4974
OH,2017,August,12 month-ending,Number of Drug Overdose Deaths,5262,100,0.028482378,Ohio,Numbers may differ from published reports using final data. See Technical Notes.,**,5262
OH,2017,December,12 month-ending,Number of Drug Overdose Deaths,5138,100,0.011300712,Ohio,Numbers may differ from published reports using final data. See Technical Notes.,**,5138
OH,2017,February,12 month-ending,Number of Drug Overdose Deaths,4710,100,0.029712041,Ohio,Numbers may differ from published reports using final data. See Technical Notes.,**,4710
OH,2017,January,12 month-ending,Number of Drug Overdose Deaths,4502,100,0.029850004,Ohio,Numbers may differ from published reports using final data. See Technical Notes.,**,4502
OH,2017,July,12 month-ending,Number of Drug Overdose Deaths,5290,100,0.028539045,Ohio,Numbers may differ from published reports using final data. See Technical Notes.,**,5290
OH,2017,June,12 month-ending,Number of Drug Overdose Deaths,5293,100,0.027762354,Ohio,Numbers may differ from published reports using final data. See Technical Notes.,**,5293
OH,2017,March,12 month-ending,Number of Drug Overdose Deaths,4788,100,0.028763735,Ohio,Numbers may differ from published reports using final data. See Technical Notes.,**,4788
OH,2017,May,12 month-ending,Number of Drug Overdose Deaths,5144,100,0.028654468,Ohio,Numbers may differ from published reports using final data. See Technical Notes.,**,5144
OH,2017,November,12 month-ending,Number of Drug Overdose Deaths,5210,100,0.021080967,Ohio,Numbers may differ from published reports using final data. See Technical Notes.,**,5210
OH,2017,October,12 month-ending,Number of Drug Overdose Deaths,5225,100,0.022755532,Ohio,Numbers may differ from published reports using final data. See Technical Notes.,**,5225
OH,2017,September,12 month-ending,Number of Drug Overdose Deaths,5258,100,0.027620719,Ohio,Numbers may differ from published reports using final data. See Technical Notes.,**,5258
OH,2018,April,12 month-ending,Number of Drug Overdose Deaths,4418,100,0.01206195,Ohio,Numbers may differ from published reports using final data. See Technical Notes.,**,4418
OH,2018,August,12 month-ending,Number of Drug Overdose Deaths,4144,100,0.012839855,Ohio,Numbers may differ from published reports using final data. See Technical Notes.,**,4144
OH,2018,December,12 month-ending,Number of Drug Overdose Deaths,4004,100,0.016047372,Ohio,Numbers may differ from published reports using final data. See Technical Notes.,**,4004
OH,2018,February,12 month-ending,Number of Drug Overdose Deaths,4739,100,0.012023952,Ohio,Numbers may differ from published reports using final data. See Technical Notes.,**,4739
OH,2018,January,12 month-ending,Number of Drug Overdose Deaths,4934,100,0.011204213,Ohio,Numbers may differ from published reports using final data. See Technical Notes.,**,4934
OH,2018,July,12 month-ending,Number of Drug Overdose Deaths,4117,100,0.012037171,Ohio,Numbers may differ from published reports using final data. See Technical Notes.,**,4117
OH,2018,June,12 month-ending,Number of Drug Overdose Deaths,4148,100,0.012044033,Ohio,Numbers may differ from published reports using final data. See Technical Notes.,**,4148
OH,2018,March,12 month-ending,Number of Drug Overdose Deaths,4636,100,0.012081575,Ohio,Numbers may differ from published reports using final data. See Technical Notes.,**,4636
OH,2018,May,12 month-ending,Number of Drug Overdose Deaths,4273,100,0.012046741,Ohio,Numbers may differ from published reports using final data. See Technical Notes.,**,4273
OH,2018,November,12 month-ending,Number of Drug Overdose Deaths,4001,100,0.014375849,Ohio,Numbers may differ from published reports using final data. See Technical Notes.,**,4001
OH,2018,October,12 month-ending,Number of Drug Overdose Deaths,4058,100,0.016795163,Ohio,Numbers may differ from published reports using final data. See Technical Notes.,**,4058
OH,2018,September,12 month-ending,Number of Drug Overdose Deaths,4099,100,0.01282524,Ohio,Numbers may differ from published reports using final data. See Technical Notes.,**,4099
OH,2019,April,12 month-ending,Number of Drug Overdose Deaths,4110,100,0.015429216,Ohio,Numbers may differ from published reports using final data. See Technical Notes.,**,4110
OH,2019,August,12 month-ending,Number of Drug Overdose Deaths,4129,100,0.015381128,Ohio,Numbers may differ from published reports using final data. See Technical Notes.,**,4129
OH,2019,December,12 month-ending,Number of Drug Overdose Deaths,4279,100,0.016977929,Ohio,Numbers may differ from published reports using final data. See Technical Notes.,**,4279
OH,2019,February,12 month-ending,Number of Drug Overdose Deaths,4011,100,0.015475337,Ohio,Numbers may differ from published reports using final data. See Technical Notes.,**,4011
OH,2019,January,12 month-ending,Number of Drug Overdose Deaths,4036,100,0.016235216,Ohio,Numbers may differ from published reports using final data. See Technical Notes.,**,4036
OH,2019,July,12 month-ending,Number of Drug Overdose Deaths,4159,100,0.014593214,Ohio,Numbers may differ from published reports using final data. See Technical Notes.,**,4159
OH,2019,June,12 month-ending,Number of Drug Overdose Deaths,4147,100,0.015424206,Ohio,Numbers may differ from published reports using final data. See Technical Notes.,**,4147
OH,2019,March,12 month-ending,Number of Drug Overdose Deaths,4062,100,0.0154022,Ohio,Numbers may differ from published reports using final data. See Technical Notes.,**,4062
OH,2019,May,12 month-ending,Number of Drug Overdose Deaths,4117,100,0.015447782,Ohio,Numbers may differ from published reports using final data. See Technical Notes.,**,4117
OH,2019,November,12 month-ending,Number of Drug Overdose Deaths,4260,100,0.015376896,Ohio,Numbers may differ from published reports using final data. See Technical Notes.,**,4260
OH,2019,October,12 month-ending,Number of Drug Overdose Deaths,4165,100,0.013760391,Ohio,Numbers may differ from published reports using final data. See Technical Notes.,**,4165
OH,2019,September,12 month-ending,Number of Drug Overdose Deaths,4117,100,0.015383743,Ohio,Numbers may differ from published reports using final data. See Technical Notes.,**,4117
OH,2020,April,12 month-ending,Number of Drug Overdose Deaths,4410,100,0.016728802,Ohio,Numbers may differ from published reports using final data. See Technical Notes.,**,4410
OH,2020,August,12 month-ending,Number of Drug Overdose Deaths,4993,100,0.014528549,Ohio,Numbers may differ from published reports using final data. See Technical Notes.,**,4993
OH,2020,December,12 month-ending,Number of Drug Overdose Deaths,5215,100,0.017367503,Ohio,Numbers may differ from published reports using final data. See Technical Notes.,**,5215
OH,2020,February,12 month-ending,Number of Drug Overdose Deaths,4366,100,0.016900864,Ohio,Numbers may differ from published reports using final data. See Technical Notes.,**,4366
OH,2020,January,12 month-ending,Number of Drug Overdose Deaths,4302,100,0.016987405,Ohio,Numbers may differ from published reports using final data. See Technical Notes.,**,4302
OH,2020,July,12 month-ending,Number of Drug Overdose Deaths,4939,100,0.016243686,Ohio,Numbers may differ from published reports using final data. See Technical Notes.,**,4939
OH,2020,June,12 month-ending,Number of Drug Overdose Deaths,4829,100,0.016405097,Ohio,Numbers may differ from published reports using final data. See Technical Notes.,**,4829
OH,2020,March,12 month-ending,Number of Drug Overdose Deaths,4348,100,0.016905082,Ohio,Numbers may differ from published reports using final data. See Technical Notes.,**,4348
OH,2020,May,12 month-ending,Number of Drug Overdose Deaths,4649,100,0.015721046,Ohio,Numbers may differ from published reports using final data. See Technical Notes.,**,4649
OH,2020,November,12 month-ending,Number of Drug Overdose Deaths,5122,100,0.016052301,Ohio,Numbers may differ from published reports using final data. See Technical Notes.,**,5122
OH,2020,October,12 month-ending,Number of Drug Overdose Deaths,5133,100,0.014226136,Ohio,Numbers may differ from published reports using final data. See Technical Notes.,**,5133
OH,2020,September,12 month-ending,Number of Drug Overdose Deaths,5076,100,0.015161508,Ohio,Numbers may differ from published reports using final data. See Technical Notes.,**,5076
OH,2021,April,12 month-ending,Number of Drug Overdose Deaths,5582,100,0.01687684,Ohio,Numbers may differ from published reports using final data. See Technical Notes.,**,5582
OH,2021,August,12 month-ending,Number of Drug Overdose Deaths,5403,100,0.018505445,Ohio,Numbers may differ from published reports using final data. See Technical Notes.,**,5403
OH,2021,December,12 month-ending,Number of Drug Overdose Deaths,5405,100,0.009487345,Ohio,Numbers may differ from published reports using final data. See Technical Notes.,**,5405
OH,2021,February,12 month-ending,Number of Drug Overdose Deaths,5366,100,0.016762773,Ohio,Numbers may differ from published reports using final data. See Technical Notes.,**,5366
OH,2021,January,12 month-ending,Number of Drug Overdose Deaths,5322,100,0.016906971,Ohio,Numbers may differ from published reports using final data. See Technical Notes.,**,5322
OH,2021,July,12 month-ending,Number of Drug Overdose Deaths,5357,100,0.017814198,Ohio,Numbers may differ from published reports using final data. See Technical Notes.,**,5357
OH,2021,June,12 month-ending,Number of Drug Overdose Deaths,5348,100,0.016345879,Ohio,Numbers may differ from published reports using final data. See Technical Notes.,**,5348
OH,2021,March,12 month-ending,Number of Drug Overdose Deaths,5491,100,0.016774921,Ohio,Numbers may differ from published reports using final data. See Technical Notes.,**,5491
OH,2021,May,12 month-ending,Number of Drug Overdose Deaths,5465,100,0.016970898,Ohio,Numbers may differ from published reports using final data. See Technical Notes.,**,5465
OH,2021,November,12 month-ending,Number of Drug Overdose Deaths,5438,100,0.014728428,Ohio,Numbers may differ from published reports using final data. See Technical Notes.,**,5438
OH,2021,October,12 month-ending,Number of Drug Overdose Deaths,5420,100,0.018019341,Ohio,Numbers may differ from published reports using final data. See Technical Notes.,**,5420
OH,2021,September,12 month-ending,Number of Drug Overdose Deaths,5406,100,0.018920837,Ohio,Numbers may differ from published reports using final data. See Technical Notes.,**,5406
OH,2022,April,12 month-ending,Number of Drug Overdose Deaths,5213,100,0.010041908,Ohio,Numbers may differ from published reports using final data. See Technical Notes.,**,5213
OH,2022,August,12 month-ending,Number of Drug Overdose Deaths,5103,100,0.008073849,Ohio,Numbers may differ from published reports using final data. See Technical Notes.,**,5103
OH,2022,December,12 month-ending,Number of Drug Overdose Deaths,5144,100,0.005790304,Ohio,Numbers may differ from published reports using final data. See Technical Notes.,**,5144
OH,2022,February,12 month-ending,Number of Drug Overdose Deaths,5361,100,0.009353724,Ohio,Numbers may differ from published reports using final data. See Technical Notes.,**,5361
OH,2022,January,12 month-ending,Number of Drug Overdose Deaths,5370,100,0.009373703,Ohio,Numbers may differ from published reports using final data. See Technical Notes.,**,5370
OH,2022,July,12 month-ending,Number of Drug Overdose Deaths,5104,100,0.008708176,Ohio,Numbers may differ from published reports using final data. See Technical Notes.,**,5104
OH,2022,June,12 month-ending,Number of Drug Overdose Deaths,5145,100,0.010069277,Ohio,Numbers may differ from published reports using final data. See Technical Notes.,**,5145
OH,2022,March,12 month-ending,Number of Drug Overdose Deaths,5317,100,0.009345046,Ohio,Numbers may differ from published reports using final data. See Technical Notes.,**,5317
OH,2022,May,12 month-ending,Number of Drug Overdose Deaths,5149,100,0.010074213,Ohio,Numbers may differ from published reports using final data. See Technical Notes.,**,5149
OH,2022,November,12 month-ending,Number of Drug Overdose Deaths,5098,100,0.006363167,Ohio,Numbers may differ from published reports using final data. See Technical Notes.,**,5098
OH,2022,October,12 month-ending,Number of Drug Overdose Deaths,5088,100,0.008362369,Ohio,Numbers may differ from published reports using final data. See Technical Notes.,**,5088
OH,2022,September,12 month-ending,Number of Drug Overdose Deaths,5062,100,0.006846876,Ohio,Numbers may differ from published reports using final data. See Technical Notes.,**,5062
OH,2023,April,12 month-ending,Number of Drug Overdose Deaths,5208,100,0.007589038,Ohio,Underreported due to incomplete data.,*,5208
OH,2023,August,12 month-ending,Number of Drug Overdose Deaths,5157,100,0.03910833,Ohio,Underreported due to incomplete data.,*,5170
OH,2023,February,12 month-ending,Number of Drug Overdose Deaths,5178,100,0.006859442,Ohio,Underreported due to incomplete data.,*,5178
OH,2023,January,12 month-ending,Number of Drug Overdose Deaths,5148,100,0.006015807,Ohio,Underreported due to incomplete data.,*,5148
OH,2023,July,12 month-ending,Number of Drug Overdose Deaths,5194,100,0.022117482,Ohio,Underreported due to incomplete data.,*,5195
OH,2023,June,12 month-ending,Number of Drug Overdose Deaths,5215,100,0.012905381,Ohio,Underreported due to incomplete data.,*,5215
OH,2023,March,12 month-ending,Number of Drug Overdose Deaths,5146,100,0.007612552,Ohio,Underreported due to incomplete data.,*,5146
OH,2023,May,12 month-ending,Number of Drug Overdose Deaths,5224,100,0.008338577,Ohio,Underreported due to incomplete data.,*,5224
OH,2023,October,12 month-ending,Number of Drug Overdose Deaths,4936,100,0.126954327,Ohio,Underreported due to incomplete data.,*,4998
OH,2023,September,12 month-ending,Number of Drug Overdose Deaths,5076,100,0.069871544,Ohio,Underreported due to incomplete data.,*,5101
OK,2015,April,12 month-ending,Number of Drug Overdose Deaths,766,100,0.018418145,Oklahoma,Numbers may differ from published reports using final data. See Technical Notes.,**,766
OK,2015,August,12 month-ending,Number of Drug Overdose Deaths,727,100,0.015670297,Oklahoma,Numbers may differ from published reports using final data. See Technical Notes.,**,727
OK,2015,December,12 month-ending,Number of Drug Overdose Deaths,722,100,0.018266747,Oklahoma,Numbers may differ from published reports using final data. See Technical Notes.,**,722
OK,2015,February,12 month-ending,Number of Drug Overdose Deaths,773,100,0.018431724,Oklahoma,Numbers may differ from published reports using final data. See Technical Notes.,**,773
OK,2015,January,12 month-ending,Number of Drug Overdose Deaths,794,100,0.021170742,Oklahoma,Numbers may differ from published reports using final data. See Technical Notes.,**,794
OK,2015,July,12 month-ending,Number of Drug Overdose Deaths,733,100,0.020946247,Oklahoma,Numbers may differ from published reports using final data. See Technical Notes.,**,733
OK,2015,June,12 month-ending,Number of Drug Overdose Deaths,738,100,0.023597892,Oklahoma,Numbers may differ from published reports using final data. See Technical Notes.,**,738
OK,2015,March,12 month-ending,Number of Drug Overdose Deaths,771,100,0.018400231,Oklahoma,Numbers may differ from published reports using final data. See Technical Notes.,**,771
OK,2015,May,12 month-ending,Number of Drug Overdose Deaths,752,100,0.018427357,Oklahoma,Numbers may differ from published reports using final data. See Technical Notes.,**,752
OK,2015,November,12 month-ending,Number of Drug Overdose Deaths,727,100,0.020899734,Oklahoma,Numbers may differ from published reports using final data. See Technical Notes.,**,727
OK,2015,October,12 month-ending,Number of Drug Overdose Deaths,723,100,0.01829587,Oklahoma,Numbers may differ from published reports using final data. See Technical Notes.,**,723
OK,2015,September,12 month-ending,Number of Drug Overdose Deaths,718,100,0.018304003,Oklahoma,Numbers may differ from published reports using final data. See Technical Notes.,**,718
OK,2016,April,12 month-ending,Number of Drug Overdose Deaths,712,100,0.023781841,Oklahoma,Numbers may differ from published reports using final data. See Technical Notes.,**,712
OK,2016,August,12 month-ending,Number of Drug Overdose Deaths,768,100,0.021111522,Oklahoma,Numbers may differ from published reports using final data. See Technical Notes.,**,768
OK,2016,December,12 month-ending,Number of Drug Overdose Deaths,803,100,0.013099293,Oklahoma,Numbers may differ from published reports using final data. See Technical Notes.,**,803
OK,2016,February,12 month-ending,Number of Drug Overdose Deaths,710,100,0.01845213,Oklahoma,Numbers may differ from published reports using final data. See Technical Notes.,**,710
OK,2016,January,12 month-ending,Number of Drug Overdose Deaths,696,100,0.018407005,Oklahoma,Numbers may differ from published reports using final data. See Technical Notes.,**,696
OK,2016,July,12 month-ending,Number of Drug Overdose Deaths,752,100,0.021165701,Oklahoma,Numbers may differ from published reports using final data. See Technical Notes.,**,752
OK,2016,June,12 month-ending,Number of Drug Overdose Deaths,727,100,0.021142208,Oklahoma,Numbers may differ from published reports using final data. See Technical Notes.,**,727
OK,2016,March,12 month-ending,Number of Drug Overdose Deaths,698,100,0.021157305,Oklahoma,Numbers may differ from published reports using final data. See Technical Notes.,**,698
OK,2016,May,12 month-ending,Number of Drug Overdose Deaths,734,100,0.02631025,Oklahoma,Numbers may differ from published reports using final data. See Technical Notes.,**,734
OK,2016,November,12 month-ending,Number of Drug Overdose Deaths,776,100,0.013144059,Oklahoma,Numbers may differ from published reports using final data. See Technical Notes.,**,776
OK,2016,October,12 month-ending,Number of Drug Overdose Deaths,776,100,0.015770798,Oklahoma,Numbers may differ from published reports using final data. See Technical Notes.,**,776
OK,2016,September,12 month-ending,Number of Drug Overdose Deaths,761,100,0.02102773,Oklahoma,Numbers may differ from published reports using final data. See Technical Notes.,**,761
OK,2017,April,12 month-ending,Number of Drug Overdose Deaths,847,100,0.007743534,Oklahoma,Numbers may differ from published reports using final data. See Technical Notes.,**,847
OK,2017,August,12 month-ending,Number of Drug Overdose Deaths,817,100,0.005128205,Oklahoma,Numbers may differ from published reports using final data. See Technical Notes.,**,817
OK,2017,December,12 month-ending,Number of Drug Overdose Deaths,770,100,0.005086729,Oklahoma,Numbers may differ from published reports using final data. See Technical Notes.,**,770
OK,2017,February,12 month-ending,Number of Drug Overdose Deaths,833,100,0.012981281,Oklahoma,Numbers may differ from published reports using final data. See Technical Notes.,**,833
OK,2017,January,12 month-ending,Number of Drug Overdose Deaths,830,100,0.01303985,Oklahoma,Numbers may differ from published reports using final data. See Technical Notes.,**,830
OK,2017,July,12 month-ending,Number of Drug Overdose Deaths,847,100,0.005128863,Oklahoma,Numbers may differ from published reports using final data. See Technical Notes.,**,847
OK,2017,June,12 month-ending,Number of Drug Overdose Deaths,848,100,0.005145621,Oklahoma,Numbers may differ from published reports using final data. See Technical Notes.,**,848
OK,2017,March,12 month-ending,Number of Drug Overdose Deaths,844,100,0.010358401,Oklahoma,Numbers may differ from published reports using final data. See Technical Notes.,**,844
OK,2017,May,12 month-ending,Number of Drug Overdose Deaths,828,100,0.00517023,Oklahoma,Numbers may differ from published reports using final data. See Technical Notes.,**,828
OK,2017,November,12 month-ending,Number of Drug Overdose Deaths,791,100,0.005090872,Oklahoma,Numbers may differ from published reports using final data. See Technical Notes.,**,791
OK,2017,October,12 month-ending,Number of Drug Overdose Deaths,791,100,0.005111037,Oklahoma,Numbers may differ from published reports using final data. See Technical Notes.,**,791
OK,2017,September,12 month-ending,Number of Drug Overdose Deaths,821,100,0.002559902,Oklahoma,Numbers may differ from published reports using final data. See Technical Notes.,**,821
OK,2018,April,12 month-ending,Number of Drug Overdose Deaths,714,100,0.017518394,Oklahoma,Numbers may differ from published reports using final data. See Technical Notes.,**,714
OK,2018,August,12 month-ending,Number of Drug Overdose Deaths,713,100,0.032472398,Oklahoma,Numbers may differ from published reports using final data. See Technical Notes.,**,713
OK,2018,December,12 month-ending,Number of Drug Overdose Deaths,703,100,0.072725449,Oklahoma,Numbers may differ from published reports using final data. See Technical Notes.,**,706
OK,2018,February,12 month-ending,Number of Drug Overdose Deaths,732,100,0.010007756,Oklahoma,Numbers may differ from published reports using final data. See Technical Notes.,**,732
OK,2018,January,12 month-ending,Number of Drug Overdose Deaths,757,100,0.005021089,Oklahoma,Numbers may differ from published reports using final data. See Technical Notes.,**,757
OK,2018,July,12 month-ending,Number of Drug Overdose Deaths,701,100,0.027522018,Oklahoma,Numbers may differ from published reports using final data. See Technical Notes.,**,701
OK,2018,June,12 month-ending,Number of Drug Overdose Deaths,723,100,0.027425266,Oklahoma,Numbers may differ from published reports using final data. See Technical Notes.,**,723
OK,2018,March,12 month-ending,Number of Drug Overdose Deaths,724,100,0.01503458,Oklahoma,Numbers may differ from published reports using final data. See Technical Notes.,**,724
OK,2018,May,12 month-ending,Number of Drug Overdose Deaths,732,100,0.024956326,Oklahoma,Numbers may differ from published reports using final data. See Technical Notes.,**,732
OK,2018,November,12 month-ending,Number of Drug Overdose Deaths,711,100,0.059895183,Oklahoma,Numbers may differ from published reports using final data. See Technical Notes.,**,713
OK,2018,October,12 month-ending,Number of Drug Overdose Deaths,711,100,0.047501188,Oklahoma,Numbers may differ from published reports using final data. See Technical Notes.,**,712
OK,2018,September,12 month-ending,Number of Drug Overdose Deaths,703,100,0.035081565,Oklahoma,Numbers may differ from published reports using final data. See Technical Notes.,**,703
OK,2019,April,12 month-ending,Number of Drug Overdose Deaths,633,100,0.06861325,Oklahoma,Numbers may differ from published reports using final data. See Technical Notes.,**,636
OK,2019,August,12 month-ending,Number of Drug Overdose Deaths,588,100,0.055762553,Oklahoma,Numbers may differ from published reports using final data. See Technical Notes.,**,590
OK,2019,December,12 month-ending,Number of Drug Overdose Deaths,618,100,0.032690422,Oklahoma,Numbers may differ from published reports using final data. See Technical Notes.,**,618
OK,2019,February,12 month-ending,Number of Drug Overdose Deaths,663,100,0.071574642,Oklahoma,Numbers may differ from published reports using final data. See Technical Notes.,**,666
OK,2019,January,12 month-ending,Number of Drug Overdose Deaths,675,100,0.073791349,Oklahoma,Numbers may differ from published reports using final data. See Technical Notes.,**,678
OK,2019,July,12 month-ending,Number of Drug Overdose Deaths,600,100,0.060822626,Oklahoma,Numbers may differ from published reports using final data. See Technical Notes.,**,602
OK,2019,June,12 month-ending,Number of Drug Overdose Deaths,603,100,0.061034535,Oklahoma,Numbers may differ from published reports using final data. See Technical Notes.,**,605
OK,2019,March,12 month-ending,Number of Drug Overdose Deaths,640,100,0.068580137,Oklahoma,Numbers may differ from published reports using final data. See Technical Notes.,**,643
OK,2019,May,12 month-ending,Number of Drug Overdose Deaths,615,100,0.061045403,Oklahoma,Numbers may differ from published reports using final data. See Technical Notes.,**,617
OK,2019,November,12 month-ending,Number of Drug Overdose Deaths,618,100,0.045455693,Oklahoma,Numbers may differ from published reports using final data. See Technical Notes.,**,619
OK,2019,October,12 month-ending,Number of Drug Overdose Deaths,605,100,0.05056123,Oklahoma,Numbers may differ from published reports using final data. See Technical Notes.,**,606
OK,2019,September,12 month-ending,Number of Drug Overdose Deaths,609,100,0.06314088,Oklahoma,Numbers may differ from published reports using final data. See Technical Notes.,**,611
OK,2020,April,12 month-ending,Number of Drug Overdose Deaths,662,100,0.044890019,Oklahoma,Numbers may differ from published reports using final data. See Technical Notes.,**,663
OK,2020,August,12 month-ending,Number of Drug Overdose Deaths,732,100,0.074725805,Oklahoma,Numbers may differ from published reports using final data. See Technical Notes.,**,736
OK,2020,December,12 month-ending,Number of Drug Overdose Deaths,746,100,0.135699823,Oklahoma,Numbers may differ from published reports using final data. See Technical Notes.,**,755
OK,2020,February,12 month-ending,Number of Drug Overdose Deaths,621,100,0.042539349,Oklahoma,Numbers may differ from published reports using final data. See Technical Notes.,**,622
OK,2020,January,12 month-ending,Number of Drug Overdose Deaths,617,100,0.037587391,Oklahoma,Numbers may differ from published reports using final data. See Technical Notes.,**,617
OK,2020,July,12 month-ending,Number of Drug Overdose Deaths,716,100,0.061079892,Oklahoma,Numbers may differ from published reports using final data. See Technical Notes.,**,718
OK,2020,June,12 month-ending,Number of Drug Overdose Deaths,692,100,0.054358569,Oklahoma,Numbers may differ from published reports using final data. See Technical Notes.,**,694
OK,2020,March,12 month-ending,Number of Drug Overdose Deaths,648,100,0.04262254,Oklahoma,Numbers may differ from published reports using final data. See Technical Notes.,**,649
OK,2020,May,12 month-ending,Number of Drug Overdose Deaths,684,100,0.0472167,Oklahoma,Numbers may differ from published reports using final data. See Technical Notes.,**,685
OK,2020,November,12 month-ending,Number of Drug Overdose Deaths,733,100,0.097030418,Oklahoma,Numbers may differ from published reports using final data. See Technical Notes.,**,739
OK,2020,October,12 month-ending,Number of Drug Overdose Deaths,735,100,0.086220959,Oklahoma,Numbers may differ from published reports using final data. See Technical Notes.,**,740
OK,2020,September,12 month-ending,Number of Drug Overdose Deaths,714,100,0.078665077,Oklahoma,Numbers may differ from published reports using final data. See Technical Notes.,**,718
OK,2021,April,12 month-ending,Number of Drug Overdose Deaths,788,100,0.11681046,Oklahoma,Numbers may differ from published reports using final data. See Technical Notes.,**,796
OK,2021,August,12 month-ending,Number of Drug Overdose Deaths,836,100,0.111841186,Oklahoma,Numbers may differ from published reports using final data. See Technical Notes.,**,844
OK,2021,December,12 month-ending,Number of Drug Overdose Deaths,934,100,0.124109868,Oklahoma,Numbers may differ from published reports using final data. See Technical Notes.,**,944
OK,2021,February,12 month-ending,Number of Drug Overdose Deaths,779,100,0.118815938,Oklahoma,Numbers may differ from published reports using final data. See Technical Notes.,**,787
OK,2021,January,12 month-ending,Number of Drug Overdose Deaths,777,100,0.126443215,Oklahoma,Numbers may differ from published reports using final data. See Technical Notes.,**,786
OK,2021,July,12 month-ending,Number of Drug Overdose Deaths,806,100,0.107925389,Oklahoma,Numbers may differ from published reports using final data. See Technical Notes.,**,813
OK,2021,June,12 month-ending,Number of Drug Overdose Deaths,800,100,0.108161058,Oklahoma,Numbers may differ from published reports using final data. See Technical Notes.,**,807
OK,2021,March,12 month-ending,Number of Drug Overdose Deaths,789,100,0.118667649,Oklahoma,Numbers may differ from published reports using final data. See Technical Notes.,**,797
OK,2021,May,12 month-ending,Number of Drug Overdose Deaths,783,100,0.114587383,Oklahoma,Numbers may differ from published reports using final data. See Technical Notes.,**,791
OK,2021,November,12 month-ending,Number of Drug Overdose Deaths,911,100,0.117203019,Oklahoma,Numbers may differ from published reports using final data. See Technical Notes.,**,920
OK,2021,October,12 month-ending,Number of Drug Overdose Deaths,883,100,0.115003021,Oklahoma,Numbers may differ from published reports using final data. See Technical Notes.,**,892
OK,2021,September,12 month-ending,Number of Drug Overdose Deaths,866,100,0.111184801,Oklahoma,Numbers may differ from published reports using final data. See Technical Notes.,**,874
OK,2022,April,12 month-ending,Number of Drug Overdose Deaths,1052,100,0.120122525,Oklahoma,Numbers may differ from published reports using final data. See Technical Notes.,**,1063
OK,2022,August,12 month-ending,Number of Drug Overdose Deaths,1126,100,0.11055832,Oklahoma,Numbers may differ from published reports using final data. See Technical Notes.,**,1136
OK,2022,December,12 month-ending,Number of Drug Overdose Deaths,1183,100,0.124364775,Oklahoma,Numbers may differ from published reports using final data. See Technical Notes.,**,1196
OK,2022,February,12 month-ending,Number of Drug Overdose Deaths,1013,100,0.122959081,Oklahoma,Numbers may differ from published reports using final data. See Technical Notes.,**,1024
OK,2022,January,12 month-ending,Number of Drug Overdose Deaths,959,100,0.124003903,Oklahoma,Numbers may differ from published reports using final data. See Technical Notes.,**,969
OK,2022,July,12 month-ending,Number of Drug Overdose Deaths,1125,100,0.118146502,Oklahoma,Numbers may differ from published reports using final data. See Technical Notes.,**,1136
OK,2022,June,12 month-ending,Number of Drug Overdose Deaths,1094,100,0.120088866,Oklahoma,Numbers may differ from published reports using final data. See Technical Notes.,**,1105
OK,2022,March,12 month-ending,Number of Drug Overdose Deaths,1033,100,0.120281459,Oklahoma,Numbers may differ from published reports using final data. See Technical Notes.,**,1044
OK,2022,May,12 month-ending,Number of Drug Overdose Deaths,1068,100,0.120074446,Oklahoma,Numbers may differ from published reports using final data. See Technical Notes.,**,1079
OK,2022,November,12 month-ending,Number of Drug Overdose Deaths,1162,100,0.121612972,Oklahoma,Numbers may differ from published reports using final data. See Technical Notes.,**,1174
OK,2022,October,12 month-ending,Number of Drug Overdose Deaths,1150,100,0.110635944,Oklahoma,Numbers may differ from published reports using final data. See Technical Notes.,**,1161
OK,2022,September,12 month-ending,Number of Drug Overdose Deaths,1136,100,0.119680013,Oklahoma,Numbers may differ from published reports using final data. See Technical Notes.,**,1148
OK,2023,April,12 month-ending,Number of Drug Overdose Deaths,1257,100,0.140989198,Oklahoma,Underreported due to incomplete data.,*,1274
OK,2023,August,12 month-ending,Number of Drug Overdose Deaths,1210,100,0.377228292,Oklahoma,Underreported due to incomplete data.,*,1264
OK,2023,February,12 month-ending,Number of Drug Overdose Deaths,1214,100,0.133659553,Oklahoma,Underreported due to incomplete data.,*,1226
OK,2023,January,12 month-ending,Number of Drug Overdose Deaths,1197,100,0.130739231,Oklahoma,Underreported due to incomplete data.,*,1204
OK,2023,July,12 month-ending,Number of Drug Overdose Deaths,1246,100,0.238444607,Oklahoma,Underreported due to incomplete data.,*,1279
OK,2023,June,12 month-ending,Number of Drug Overdose Deaths,1274,100,0.170691186,Oklahoma,Underreported due to incomplete data.,*,1296
OK,2023,March,12 month-ending,Number of Drug Overdose Deaths,1236,100,0.138876241,Oklahoma,Underreported due to incomplete data.,*,1253
OK,2023,May,12 month-ending,Number of Drug Overdose Deaths,1295,100,0.152248506,Oklahoma,Underreported due to incomplete data.,*,1316
OK,2023,October,12 month-ending,Number of Drug Overdose Deaths,1066,100,0.949586433,Oklahoma,Underreported due to incomplete data.,*,1198
OK,2023,September,12 month-ending,Number of Drug Overdose Deaths,1150,100,0.598041932,Oklahoma,Underreported due to incomplete data.,*,1234
OR,2015,April,12 month-ending,Number of Drug Overdose Deaths,517,100,0.020046967,Oregon,Numbers may differ from published reports using final data. See Technical Notes.,**,517
OR,2015,August,12 month-ending,Number of Drug Overdose Deaths,515,100,0.022544102,Oregon,Numbers may differ from published reports using final data. See Technical Notes.,**,515
OR,2015,December,12 month-ending,Number of Drug Overdose Deaths,497,100,0.022388895,Oregon,Numbers may differ from published reports using final data. See Technical Notes.,**,497
OR,2015,February,12 month-ending,Number of Drug Overdose Deaths,519,100,0.023090689,Oregon,Numbers may differ from published reports using final data. See Technical Notes.,**,519
OR,2015,January,12 month-ending,Number of Drug Overdose Deaths,520,100,0.023247704,Oregon,Numbers may differ from published reports using final data. See Technical Notes.,**,520
OR,2015,July,12 month-ending,Number of Drug Overdose Deaths,502,100,0.022554271,Oregon,Numbers may differ from published reports using final data. See Technical Notes.,**,502
OR,2015,June,12 month-ending,Number of Drug Overdose Deaths,506,100,0.022626994,Oregon,Numbers may differ from published reports using final data. See Technical Notes.,**,506
OR,2015,March,12 month-ending,Number of Drug Overdose Deaths,515,100,0.023006356,Oregon,Numbers may differ from published reports using final data. See Technical Notes.,**,515
OR,2015,May,12 month-ending,Number of Drug Overdose Deaths,501,100,0.01991012,Oregon,Numbers may differ from published reports using final data. See Technical Notes.,**,501
OR,2015,November,12 month-ending,Number of Drug Overdose Deaths,504,100,0.014033512,Oregon,Numbers may differ from published reports using final data. See Technical Notes.,**,504
OR,2015,October,12 month-ending,Number of Drug Overdose Deaths,510,100,0.016909029,Oregon,Numbers may differ from published reports using final data. See Technical Notes.,**,510
OR,2015,September,12 month-ending,Number of Drug Overdose Deaths,523,100,0.019682272,Oregon,Numbers may differ from published reports using final data. See Technical Notes.,**,523
OR,2016,April,12 month-ending,Number of Drug Overdose Deaths,510,100,0.030915376,Oregon,Numbers may differ from published reports using final data. See Technical Notes.,**,510
OR,2016,August,12 month-ending,Number of Drug Overdose Deaths,495,100,0.053409794,Oregon,Numbers may differ from published reports using final data. See Technical Notes.,**,496
OR,2016,December,12 month-ending,Number of Drug Overdose Deaths,496,100,0.072387104,Oregon,Numbers may differ from published reports using final data. See Technical Notes.,**,499
OR,2016,February,12 month-ending,Number of Drug Overdose Deaths,495,100,0.025385722,Oregon,Numbers may differ from published reports using final data. See Technical Notes.,**,495
OR,2016,January,12 month-ending,Number of Drug Overdose Deaths,491,100,0.02252062,Oregon,Numbers may differ from published reports using final data. See Technical Notes.,**,491
OR,2016,July,12 month-ending,Number of Drug Overdose Deaths,511,100,0.053569415,Oregon,Numbers may differ from published reports using final data. See Technical Notes.,**,512
OR,2016,June,12 month-ending,Number of Drug Overdose Deaths,521,100,0.048023955,Oregon,Numbers may differ from published reports using final data. See Technical Notes.,**,522
OR,2016,March,12 month-ending,Number of Drug Overdose Deaths,503,100,0.028093044,Oregon,Numbers may differ from published reports using final data. See Technical Notes.,**,503
OR,2016,May,12 month-ending,Number of Drug Overdose Deaths,525,100,0.045109814,Oregon,Numbers may differ from published reports using final data. See Technical Notes.,**,526
OR,2016,November,12 month-ending,Number of Drug Overdose Deaths,484,100,0.064483571,Oregon,Numbers may differ from published reports using final data. See Technical Notes.,**,486
OR,2016,October,12 month-ending,Number of Drug Overdose Deaths,483,100,0.061645371,Oregon,Numbers may differ from published reports using final data. See Technical Notes.,**,485
OR,2016,September,12 month-ending,Number of Drug Overdose Deaths,488,100,0.059076715,Oregon,Numbers may differ from published reports using final data. See Technical Notes.,**,490
OR,2017,April,12 month-ending,Number of Drug Overdose Deaths,507,100,0.079008309,Oregon,Numbers may differ from published reports using final data. See Technical Notes.,**,510
OR,2017,August,12 month-ending,Number of Drug Overdose Deaths,517,100,0.06232049,Oregon,Numbers may differ from published reports using final data. See Technical Notes.,**,519
OR,2017,December,12 month-ending,Number of Drug Overdose Deaths,534,100,0.049053004,Oregon,Numbers may differ from published reports using final data. See Technical Notes.,**,535
OR,2017,February,12 month-ending,Number of Drug Overdose Deaths,512,100,0.070852409,Oregon,Numbers may differ from published reports using final data. See Technical Notes.,**,514
OR,2017,January,12 month-ending,Number of Drug Overdose Deaths,504,100,0.073881516,Oregon,Numbers may differ from published reports using final data. See Technical Notes.,**,507
OR,2017,July,12 month-ending,Number of Drug Overdose Deaths,504,100,0.059649694,Oregon,Numbers may differ from published reports using final data. See Technical Notes.,**,506
OR,2017,June,12 month-ending,Number of Drug Overdose Deaths,494,100,0.062411809,Oregon,Numbers may differ from published reports using final data. See Technical Notes.,**,496
OR,2017,March,12 month-ending,Number of Drug Overdose Deaths,504,100,0.073698002,Oregon,Numbers may differ from published reports using final data. See Technical Notes.,**,507
OR,2017,May,12 month-ending,Number of Drug Overdose Deaths,501,100,0.065173116,Oregon,Numbers may differ from published reports using final data. See Technical Notes.,**,503
OR,2017,November,12 month-ending,Number of Drug Overdose Deaths,547,100,0.054263776,Oregon,Numbers may differ from published reports using final data. See Technical Notes.,**,549
OR,2017,October,12 month-ending,Number of Drug Overdose Deaths,546,100,0.054140386,Oregon,Numbers may differ from published reports using final data. See Technical Notes.,**,548
OR,2017,September,12 month-ending,Number of Drug Overdose Deaths,529,100,0.056995522,Oregon,Numbers may differ from published reports using final data. See Technical Notes.,**,531
OR,2018,April,12 month-ending,Number of Drug Overdose Deaths,554,100,0.041254125,Oregon,Numbers may differ from published reports using final data. See Technical Notes.,**,555
OR,2018,August,12 month-ending,Number of Drug Overdose Deaths,562,100,0.038698621,Oregon,Numbers may differ from published reports using final data. See Technical Notes.,**,563
OR,2018,December,12 month-ending,Number of Drug Overdose Deaths,556,100,0.052474591,Oregon,Numbers may differ from published reports using final data. See Technical Notes.,**,557
OR,2018,February,12 month-ending,Number of Drug Overdose Deaths,534,100,0.047014575,Oregon,Numbers may differ from published reports using final data. See Technical Notes.,**,535
OR,2018,January,12 month-ending,Number of Drug Overdose Deaths,543,100,0.046680213,Oregon,Numbers may differ from published reports using final data. See Technical Notes.,**,544
OR,2018,July,12 month-ending,Number of Drug Overdose Deaths,572,100,0.044211108,Oregon,Numbers may differ from published reports using final data. See Technical Notes.,**,573
OR,2018,June,12 month-ending,Number of Drug Overdose Deaths,574,100,0.041317761,Oregon,Numbers may differ from published reports using final data. See Technical Notes.,**,575
OR,2018,March,12 month-ending,Number of Drug Overdose Deaths,544,100,0.044097787,Oregon,Numbers may differ from published reports using final data. See Technical Notes.,**,545
OR,2018,May,12 month-ending,Number of Drug Overdose Deaths,566,100,0.041435319,Oregon,Numbers may differ from published reports using final data. See Technical Notes.,**,567
OR,2018,November,12 month-ending,Number of Drug Overdose Deaths,543,100,0.052471693,Oregon,Numbers may differ from published reports using final data. See Technical Notes.,**,544
OR,2018,October,12 month-ending,Number of Drug Overdose Deaths,541,100,0.055401662,Oregon,Numbers may differ from published reports using final data. See Technical Notes.,**,543
OR,2018,September,12 month-ending,Number of Drug Overdose Deaths,554,100,0.04972101,Oregon,Numbers may differ from published reports using final data. See Technical Notes.,**,555
OR,2019,April,12 month-ending,Number of Drug Overdose Deaths,570,100,0.057785972,Oregon,Numbers may differ from published reports using final data. See Technical Notes.,**,572
OR,2019,August,12 month-ending,Number of Drug Overdose Deaths,586,100,0.057071421,Oregon,Numbers may differ from published reports using final data. See Technical Notes.,**,588
OR,2019,December,12 month-ending,Number of Drug Overdose Deaths,610,100,0.077482099,Oregon,Numbers may differ from published reports using final data. See Technical Notes.,**,613
OR,2019,February,12 month-ending,Number of Drug Overdose Deaths,555,100,0.060822206,Oregon,Numbers may differ from published reports using final data. See Technical Notes.,**,557
OR,2019,January,12 month-ending,Number of Drug Overdose Deaths,547,100,0.05834792,Oregon,Numbers may differ from published reports using final data. See Technical Notes.,**,549
OR,2019,July,12 month-ending,Number of Drug Overdose Deaths,577,100,0.051702087,Oregon,Numbers may differ from published reports using final data. See Technical Notes.,**,578
OR,2019,June,12 month-ending,Number of Drug Overdose Deaths,563,100,0.054611982,Oregon,Numbers may differ from published reports using final data. See Technical Notes.,**,565
OR,2019,March,12 month-ending,Number of Drug Overdose Deaths,564,100,0.063352155,Oregon,Numbers may differ from published reports using final data. See Technical Notes.,**,566
OR,2019,May,12 month-ending,Number of Drug Overdose Deaths,556,100,0.0574304,Oregon,Numbers may differ from published reports using final data. See Technical Notes.,**,558
OR,2019,November,12 month-ending,Number of Drug Overdose Deaths,605,100,0.06696309,Oregon,Numbers may differ from published reports using final data. See Technical Notes.,**,608
OR,2019,October,12 month-ending,Number of Drug Overdose Deaths,598,100,0.056472866,Oregon,Numbers may differ from published reports using final data. See Technical Notes.,**,600
OR,2019,September,12 month-ending,Number of Drug Overdose Deaths,595,100,0.054049672,Oregon,Numbers may differ from published reports using final data. See Technical Notes.,**,597
OR,2020,April,12 month-ending,Number of Drug Overdose Deaths,644,100,0.071545922,Oregon,Numbers may differ from published reports using final data. See Technical Notes.,**,647
OR,2020,August,12 month-ending,Number of Drug Overdose Deaths,734,100,0.067411652,Oregon,Numbers may differ from published reports using final data. See Technical Notes.,**,737
OR,2020,December,12 month-ending,Number of Drug Overdose Deaths,797,100,0.059645112,Oregon,Numbers may differ from published reports using final data. See Technical Notes.,**,800
OR,2020,February,12 month-ending,Number of Drug Overdose Deaths,624,100,0.071831436,Oregon,Numbers may differ from published reports using final data. See Technical Notes.,**,627
OR,2020,January,12 month-ending,Number of Drug Overdose Deaths,621,100,0.074714484,Oregon,Numbers may differ from published reports using final data. See Technical Notes.,**,624
OR,2020,July,12 month-ending,Number of Drug Overdose Deaths,715,100,0.070797388,Oregon,Numbers may differ from published reports using final data. See Technical Notes.,**,718
OR,2020,June,12 month-ending,Number of Drug Overdose Deaths,701,100,0.073886426,Oregon,Numbers may differ from published reports using final data. See Technical Notes.,**,704
OR,2020,March,12 month-ending,Number of Drug Overdose Deaths,633,100,0.071890726,Oregon,Numbers may differ from published reports using final data. See Technical Notes.,**,636
OR,2020,May,12 month-ending,Number of Drug Overdose Deaths,701,100,0.074083874,Oregon,Numbers may differ from published reports using final data. See Technical Notes.,**,704
OR,2020,November,12 month-ending,Number of Drug Overdose Deaths,787,100,0.070993915,Oregon,Numbers may differ from published reports using final data. See Technical Notes.,**,791
OR,2020,October,12 month-ending,Number of Drug Overdose Deaths,763,100,0.071875963,Oregon,Numbers may differ from published reports using final data. See Technical Notes.,**,767
OR,2020,September,12 month-ending,Number of Drug Overdose Deaths,745,100,0.072142636,Oregon,Numbers may differ from published reports using final data. See Technical Notes.,**,749
OR,2021,April,12 month-ending,Number of Drug Overdose Deaths,938,100,0.053447354,Oregon,Numbers may differ from published reports using final data. See Technical Notes.,**,940
OR,2021,August,12 month-ending,Number of Drug Overdose Deaths,1059,100,0.055924502,Oregon,Numbers may differ from published reports using final data. See Technical Notes.,**,1062
OR,2021,December,12 month-ending,Number of Drug Overdose Deaths,1181,100,0.046638683,Oregon,Numbers may differ from published reports using final data. See Technical Notes.,**,1183
OR,2021,February,12 month-ending,Number of Drug Overdose Deaths,861,100,0.05860949,Oregon,Numbers may differ from published reports using final data. See Technical Notes.,**,864
OR,2021,January,12 month-ending,Number of Drug Overdose Deaths,838,100,0.056390517,Oregon,Numbers may differ from published reports using final data. See Technical Notes.,**,840
OR,2021,July,12 month-ending,Number of Drug Overdose Deaths,1036,100,0.054466231,Oregon,Numbers may differ from published reports using final data. See Technical Notes.,**,1038
OR,2021,June,12 month-ending,Number of Drug Overdose Deaths,1001,100,0.050113352,Oregon,Numbers may differ from published reports using final data. See Technical Notes.,**,1003
OR,2021,March,12 month-ending,Number of Drug Overdose Deaths,894,100,0.053541008,Oregon,Numbers may differ from published reports using final data. See Technical Notes.,**,896
OR,2021,May,12 month-ending,Number of Drug Overdose Deaths,951,100,0.050654895,Oregon,Numbers may differ from published reports using final data. See Technical Notes.,**,953
OR,2021,November,12 month-ending,Number of Drug Overdose Deaths,1157,100,0.037743389,Oregon,Numbers may differ from published reports using final data. See Technical Notes.,**,1157
OR,2021,October,12 month-ending,Number of Drug Overdose Deaths,1147,100,0.044521615,Oregon,Numbers may differ from published reports using final data. See Technical Notes.,**,1148
OR,2021,September,12 month-ending,Number of Drug Overdose Deaths,1104,100,0.045446282,Oregon,Numbers may differ from published reports using final data. See Technical Notes.,**,1105
OR,2022,April,12 month-ending,Number of Drug Overdose Deaths,1214,100,0.04525667,Oregon,Numbers may differ from published reports using final data. See Technical Notes.,**,1215
OR,2022,August,12 month-ending,Number of Drug Overdose Deaths,1247,100,0.034916201,Oregon,Numbers may differ from published reports using final data. See Technical Notes.,**,1247
OR,2022,December,12 month-ending,Number of Drug Overdose Deaths,1387,100,0.06281407,Oregon,Numbers may differ from published reports using final data. See Technical Notes.,**,1392
OR,2022,February,12 month-ending,Number of Drug Overdose Deaths,1217,100,0.043323802,Oregon,Numbers may differ from published reports using final data. See Technical Notes.,**,1218
OR,2022,January,12 month-ending,Number of Drug Overdose Deaths,1182,100,0.046094076,Oregon,Numbers may differ from published reports using final data. See Technical Notes.,**,1184
OR,2022,July,12 month-ending,Number of Drug Overdose Deaths,1227,100,0.041004834,Oregon,Numbers may differ from published reports using final data. See Technical Notes.,**,1228
OR,2022,June,12 month-ending,Number of Drug Overdose Deaths,1220,100,0.045306466,Oregon,Numbers may differ from published reports using final data. See Technical Notes.,**,1221
OR,2022,March,12 month-ending,Number of Drug Overdose Deaths,1226,100,0.045391665,Oregon,Numbers may differ from published reports using final data. See Technical Notes.,**,1228
OR,2022,May,12 month-ending,Number of Drug Overdose Deaths,1229,100,0.04520601,Oregon,Numbers may differ from published reports using final data. See Technical Notes.,**,1230
OR,2022,November,12 month-ending,Number of Drug Overdose Deaths,1301,100,0.043001992,Oregon,Numbers may differ from published reports using final data. See Technical Notes.,**,1302
OR,2022,October,12 month-ending,Number of Drug Overdose Deaths,1256,100,0.038400723,Oregon,Numbers may differ from published reports using final data. See Technical Notes.,**,1256
OR,2022,September,12 month-ending,Number of Drug Overdose Deaths,1242,100,0.037874568,Oregon,Numbers may differ from published reports using final data. See Technical Notes.,**,1242
OR,2023,April,12 month-ending,Number of Drug Overdose Deaths,1528,100,0.07980846,Oregon,Underreported due to incomplete data.,*,1537
OR,2023,August,12 month-ending,Number of Drug Overdose Deaths,1712,100,0.214795482,Oregon,Underreported due to incomplete data.,*,1753
OR,2023,February,12 month-ending,Number of Drug Overdose Deaths,1444,100,0.070887928,Oregon,Underreported due to incomplete data.,*,1448
OR,2023,January,12 month-ending,Number of Drug Overdose Deaths,1431,100,0.06574771,Oregon,Underreported due to incomplete data.,*,1431
OR,2023,July,12 month-ending,Number of Drug Overdose Deaths,1675,100,0.149545611,Oregon,Underreported due to incomplete data.,*,1701
OR,2023,June,12 month-ending,Number of Drug Overdose Deaths,1606,100,0.103384106,Oregon,Underreported due to incomplete data.,*,1620
OR,2023,March,12 month-ending,Number of Drug Overdose Deaths,1494,100,0.075328707,Oregon,Underreported due to incomplete data.,*,1503
OR,2023,May,12 month-ending,Number of Drug Overdose Deaths,1544,100,0.089486485,Oregon,Underreported due to incomplete data.,*,1557
OR,2023,October,12 month-ending,Number of Drug Overdose Deaths,1683,100,0.598816186,Oregon,Underreported due to incomplete data.,*,1807
OR,2023,September,12 month-ending,Number of Drug Overdose Deaths,1720,100,0.345948938,Oregon,Underreported due to incomplete data.,*,1788
PA,2015,April,12 month-ending,Number of Drug Overdose Deaths,2862,100,0.282827378,Pennsylvania,Numbers may differ from published reports using final data. See Technical Notes.,**,2949
PA,2015,August,12 month-ending,Number of Drug Overdose Deaths,3075,100,0.273411309,Pennsylvania,Numbers may differ from published reports using final data. See Technical Notes.,**,3164
PA,2015,December,12 month-ending,Number of Drug Overdose Deaths,3263,100,0.275173105,Pennsylvania,Numbers may differ from published reports using final data. See Technical Notes.,**,3359
PA,2015,February,12 month-ending,Number of Drug Overdose Deaths,2815,100,0.27134383,Pennsylvania,Numbers may differ from published reports using final data. See Technical Notes.,**,2896
PA,2015,January,12 month-ending,Number of Drug Overdose Deaths,2788,100,0.262862005,Pennsylvania,Numbers may differ from published reports using final data. See Technical Notes.,**,2865
PA,2015,July,12 month-ending,Number of Drug Overdose Deaths,3012,100,0.268616624,Pennsylvania,Numbers may differ from published reports using final data. See Technical Notes.,**,3098
PA,2015,June,12 month-ending,Number of Drug Overdose Deaths,2964,100,0.275206778,Pennsylvania,Numbers may differ from published reports using final data. See Technical Notes.,**,3051
PA,2015,March,12 month-ending,Number of Drug Overdose Deaths,2836,100,0.275391385,Pennsylvania,Numbers may differ from published reports using final data. See Technical Notes.,**,2919
PA,2015,May,12 month-ending,Number of Drug Overdose Deaths,2878,100,0.27458998,Pennsylvania,Numbers may differ from published reports using final data. See Technical Notes.,**,2962
PA,2015,November,12 month-ending,Number of Drug Overdose Deaths,3250,100,0.288935555,Pennsylvania,Numbers may differ from published reports using final data. See Technical Notes.,**,3351
PA,2015,October,12 month-ending,Number of Drug Overdose Deaths,3203,100,0.282322174,Pennsylvania,Numbers may differ from published reports using final data. See Technical Notes.,**,3300
PA,2015,September,12 month-ending,Number of Drug Overdose Deaths,3131,100,0.281937408,Pennsylvania,Numbers may differ from published reports using final data. See Technical Notes.,**,3225
PA,2016,April,12 month-ending,Number of Drug Overdose Deaths,3601,100,0.265987765,Pennsylvania,Numbers may differ from published reports using final data. See Technical Notes.,**,3702
PA,2016,August,12 month-ending,Number of Drug Overdose Deaths,3890,100,0.277274828,Pennsylvania,Numbers may differ from published reports using final data. See Technical Notes.,**,4005
PA,2016,December,12 month-ending,Number of Drug Overdose Deaths,4648,100,0.289913249,Pennsylvania,Numbers may differ from published reports using final data. See Technical Notes.,**,4793
PA,2016,February,12 month-ending,Number of Drug Overdose Deaths,3414,100,0.264498136,Pennsylvania,Numbers may differ from published reports using final data. See Technical Notes.,**,3509
PA,2016,January,12 month-ending,Number of Drug Overdose Deaths,3269,100,0.265961466,Pennsylvania,Numbers may differ from published reports using final data. See Technical Notes.,**,3361
PA,2016,July,12 month-ending,Number of Drug Overdose Deaths,3797,100,0.26458647,Pennsylvania,Numbers may differ from published reports using final data. See Technical Notes.,**,3903
PA,2016,June,12 month-ending,Number of Drug Overdose Deaths,3657,100,0.261239785,Pennsylvania,Numbers may differ from published reports using final data. See Technical Notes.,**,3758
PA,2016,March,12 month-ending,Number of Drug Overdose Deaths,3526,100,0.259150049,Pennsylvania,Numbers may differ from published reports using final data. See Technical Notes.,**,3622
PA,2016,May,12 month-ending,Number of Drug Overdose Deaths,3632,100,0.268229306,Pennsylvania,Numbers may differ from published reports using final data. See Technical Notes.,**,3735
PA,2016,November,12 month-ending,Number of Drug Overdose Deaths,4358,100,0.301462317,Pennsylvania,Numbers may differ from published reports using final data. See Technical Notes.,**,4500
PA,2016,October,12 month-ending,Number of Drug Overdose Deaths,4158,100,0.290366616,Pennsylvania,Numbers may differ from published reports using final data. See Technical Notes.,**,4288
PA,2016,September,12 month-ending,Number of Drug Overdose Deaths,4030,100,0.280452958,Pennsylvania,Numbers may differ from published reports using final data. See Technical Notes.,**,4151
PA,2017,April,12 month-ending,Number of Drug Overdose Deaths,5220,100,0.270519926,Pennsylvania,Numbers may differ from published reports using final data. See Technical Notes.,**,5370
PA,2017,August,12 month-ending,Number of Drug Overdose Deaths,5695,100,0.250557198,Pennsylvania,Numbers may differ from published reports using final data. See Technical Notes.,**,5844
PA,2017,December,12 month-ending,Number of Drug Overdose Deaths,5434,100,0.205130451,Pennsylvania,Numbers may differ from published reports using final data. See Technical Notes.,**,5545
PA,2017,February,12 month-ending,Number of Drug Overdose Deaths,4960,100,0.279286383,Pennsylvania,Numbers may differ from published reports using final data. See Technical Notes.,**,5108
PA,2017,January,12 month-ending,Number of Drug Overdose Deaths,4875,100,0.291172449,Pennsylvania,Numbers may differ from published reports using final data. See Technical Notes.,**,5028
PA,2017,July,12 month-ending,Number of Drug Overdose Deaths,5573,100,0.26875651,Pennsylvania,Numbers may differ from published reports using final data. See Technical Notes.,**,5731
PA,2017,June,12 month-ending,Number of Drug Overdose Deaths,5508,100,0.273818974,Pennsylvania,Numbers may differ from published reports using final data. See Technical Notes.,**,5668
PA,2017,March,12 month-ending,Number of Drug Overdose Deaths,5107,100,0.281830725,Pennsylvania,Numbers may differ from published reports using final data. See Technical Notes.,**,5261
PA,2017,May,12 month-ending,Number of Drug Overdose Deaths,5386,100,0.266777763,Pennsylvania,Numbers may differ from published reports using final data. See Technical Notes.,**,5538
PA,2017,November,12 month-ending,Number of Drug Overdose Deaths,5586,100,0.202244402,Pennsylvania,Numbers may differ from published reports using final data. See Technical Notes.,**,5698
PA,2017,October,12 month-ending,Number of Drug Overdose Deaths,5642,100,0.22953161,Pennsylvania,Numbers may differ from published reports using final data. See Technical Notes.,**,5775
PA,2017,September,12 month-ending,Number of Drug Overdose Deaths,5697,100,0.240835868,Pennsylvania,Numbers may differ from published reports using final data. See Technical Notes.,**,5839
PA,2018,April,12 month-ending,Number of Drug Overdose Deaths,4912,100,0.202952299,Pennsylvania,Numbers may differ from published reports using final data. See Technical Notes.,**,5011
PA,2018,August,12 month-ending,Number of Drug Overdose Deaths,4633,100,0.205171795,Pennsylvania,Numbers may differ from published reports using final data. See Technical Notes.,**,4728
PA,2018,December,12 month-ending,Number of Drug Overdose Deaths,4415,100,0.196252821,Pennsylvania,Numbers may differ from published reports using final data. See Technical Notes.,**,4500
PA,2018,February,12 month-ending,Number of Drug Overdose Deaths,5134,100,0.211159411,Pennsylvania,Numbers may differ from published reports using final data. See Technical Notes.,**,5243
PA,2018,January,12 month-ending,Number of Drug Overdose Deaths,5303,100,0.209552082,Pennsylvania,Numbers may differ from published reports using final data. See Technical Notes.,**,5414
PA,2018,July,12 month-ending,Number of Drug Overdose Deaths,4741,100,0.200603274,Pennsylvania,Numbers may differ from published reports using final data. See Technical Notes.,**,4835
PA,2018,June,12 month-ending,Number of Drug Overdose Deaths,4806,100,0.196968588,Pennsylvania,Numbers may differ from published reports using final data. See Technical Notes.,**,4899
PA,2018,March,12 month-ending,Number of Drug Overdose Deaths,4982,100,0.205280306,Pennsylvania,Numbers may differ from published reports using final data. See Technical Notes.,**,5084
PA,2018,May,12 month-ending,Number of Drug Overdose Deaths,4833,100,0.19748102,Pennsylvania,Numbers may differ from published reports using final data. See Technical Notes.,**,4927
PA,2018,November,12 month-ending,Number of Drug Overdose Deaths,4475,100,0.204334229,Pennsylvania,Numbers may differ from published reports using final data. See Technical Notes.,**,4566
PA,2018,October,12 month-ending,Number of Drug Overdose Deaths,4570,100,0.201301506,Pennsylvania,Numbers may differ from published reports using final data. See Technical Notes.,**,4661
PA,2018,September,12 month-ending,Number of Drug Overdose Deaths,4587,100,0.204794691,Pennsylvania,Numbers may differ from published reports using final data. See Technical Notes.,**,4681
PA,2019,April,12 month-ending,Number of Drug Overdose Deaths,4379,100,0.184592482,Pennsylvania,Numbers may differ from published reports using final data. See Technical Notes.,**,4457
PA,2019,August,12 month-ending,Number of Drug Overdose Deaths,4277,100,0.155858036,Pennsylvania,Numbers may differ from published reports using final data. See Technical Notes.,**,4338
PA,2019,December,12 month-ending,Number of Drug Overdose Deaths,4444,100,0.150838485,Pennsylvania,Numbers may differ from published reports using final data. See Technical Notes.,**,4505
PA,2019,February,12 month-ending,Number of Drug Overdose Deaths,4408,100,0.188833544,Pennsylvania,Numbers may differ from published reports using final data. See Technical Notes.,**,4489
PA,2019,January,12 month-ending,Number of Drug Overdose Deaths,4403,100,0.191885965,Pennsylvania,Numbers may differ from published reports using final data. See Technical Notes.,**,4486
PA,2019,July,12 month-ending,Number of Drug Overdose Deaths,4257,100,0.161926479,Pennsylvania,Numbers may differ from published reports using final data. See Technical Notes.,**,4321
PA,2019,June,12 month-ending,Number of Drug Overdose Deaths,4282,100,0.165778303,Pennsylvania,Numbers may differ from published reports using final data. See Technical Notes.,**,4349
PA,2019,March,12 month-ending,Number of Drug Overdose Deaths,4410,100,0.180513461,Pennsylvania,Numbers may differ from published reports using final data. See Technical Notes.,**,4487
PA,2019,May,12 month-ending,Number of Drug Overdose Deaths,4337,100,0.179878842,Pennsylvania,Numbers may differ from published reports using final data. See Technical Notes.,**,4412
PA,2019,November,12 month-ending,Number of Drug Overdose Deaths,4348,100,0.152692125,Pennsylvania,Numbers may differ from published reports using final data. See Technical Notes.,**,4409
PA,2019,October,12 month-ending,Number of Drug Overdose Deaths,4275,100,0.150065375,Pennsylvania,Numbers may differ from published reports using final data. See Technical Notes.,**,4333
PA,2019,September,12 month-ending,Number of Drug Overdose Deaths,4269,100,0.146103415,Pennsylvania,Numbers may differ from published reports using final data. See Technical Notes.,**,4325
PA,2020,April,12 month-ending,Number of Drug Overdose Deaths,4699,100,0.179297241,Pennsylvania,Numbers may differ from published reports using final data. See Technical Notes.,**,4780
PA,2020,August,12 month-ending,Number of Drug Overdose Deaths,5072,100,0.233651301,Pennsylvania,Numbers may differ from published reports using final data. See Technical Notes.,**,5194
PA,2020,December,12 month-ending,Number of Drug Overdose Deaths,5178,100,0.225400677,Pennsylvania,Numbers may differ from published reports using final data. See Technical Notes.,**,5297
PA,2020,February,12 month-ending,Number of Drug Overdose Deaths,4552,100,0.169417865,Pennsylvania,Numbers may differ from published reports using final data. See Technical Notes.,**,4625
PA,2020,January,12 month-ending,Number of Drug Overdose Deaths,4483,100,0.160309686,Pennsylvania,Numbers may differ from published reports using final data. See Technical Notes.,**,4550
PA,2020,July,12 month-ending,Number of Drug Overdose Deaths,5036,100,0.222451681,Pennsylvania,Numbers may differ from published reports using final data. See Technical Notes.,**,5150
PA,2020,June,12 month-ending,Number of Drug Overdose Deaths,4928,100,0.202172307,Pennsylvania,Numbers may differ from published reports using final data. See Technical Notes.,**,5027
PA,2020,March,12 month-ending,Number of Drug Overdose Deaths,4595,100,0.178300399,Pennsylvania,Numbers may differ from published reports using final data. See Technical Notes.,**,4674
PA,2020,May,12 month-ending,Number of Drug Overdose Deaths,4824,100,0.184193017,Pennsylvania,Numbers may differ from published reports using final data. See Technical Notes.,**,4910
PA,2020,November,12 month-ending,Number of Drug Overdose Deaths,5199,100,0.22796251,Pennsylvania,Numbers may differ from published reports using final data. See Technical Notes.,**,5320
PA,2020,October,12 month-ending,Number of Drug Overdose Deaths,5172,100,0.23439789,Pennsylvania,Numbers may differ from published reports using final data. See Technical Notes.,**,5297
PA,2020,September,12 month-ending,Number of Drug Overdose Deaths,5149,100,0.233582442,Pennsylvania,Numbers may differ from published reports using final data. See Technical Notes.,**,5273
PA,2021,April,12 month-ending,Number of Drug Overdose Deaths,5315,100,0.193299375,Pennsylvania,Numbers may differ from published reports using final data. See Technical Notes.,**,5416
PA,2021,August,12 month-ending,Number of Drug Overdose Deaths,5404,100,0.146517803,Pennsylvania,Numbers may differ from published reports using final data. See Technical Notes.,**,5475
PA,2021,December,12 month-ending,Number of Drug Overdose Deaths,5444,100,0.131847594,Pennsylvania,Numbers may differ from published reports using final data. See Technical Notes.,**,5506
PA,2021,February,12 month-ending,Number of Drug Overdose Deaths,5314,100,0.202778497,Pennsylvania,Numbers may differ from published reports using final data. See Technical Notes.,**,5421
PA,2021,January,12 month-ending,Number of Drug Overdose Deaths,5239,100,0.209739873,Pennsylvania,Numbers may differ from published reports using final data. See Technical Notes.,**,5349
PA,2021,July,12 month-ending,Number of Drug Overdose Deaths,5401,100,0.157672093,Pennsylvania,Numbers may differ from published reports using final data. See Technical Notes.,**,5480
PA,2021,June,12 month-ending,Number of Drug Overdose Deaths,5373,100,0.176407424,Pennsylvania,Numbers may differ from published reports using final data. See Technical Notes.,**,5464
PA,2021,March,12 month-ending,Number of Drug Overdose Deaths,5358,100,0.200309401,Pennsylvania,Numbers may differ from published reports using final data. See Technical Notes.,**,5464
PA,2021,May,12 month-ending,Number of Drug Overdose Deaths,5385,100,0.188684056,Pennsylvania,Numbers may differ from published reports using final data. See Technical Notes.,**,5484
PA,2021,November,12 month-ending,Number of Drug Overdose Deaths,5443,100,0.133708302,Pennsylvania,Numbers may differ from published reports using final data. See Technical Notes.,**,5506
PA,2021,October,12 month-ending,Number of Drug Overdose Deaths,5469,100,0.139929471,Pennsylvania,Numbers may differ from published reports using final data. See Technical Notes.,**,5537
PA,2021,September,12 month-ending,Number of Drug Overdose Deaths,5421,100,0.148561996,Pennsylvania,Numbers may differ from published reports using final data. See Technical Notes.,**,5494
PA,2022,April,12 month-ending,Number of Drug Overdose Deaths,5383,100,0.125079377,Pennsylvania,Numbers may differ from published reports using final data. See Technical Notes.,**,5440
PA,2022,August,12 month-ending,Number of Drug Overdose Deaths,5175,100,0.114499643,Pennsylvania,Numbers may differ from published reports using final data. See Technical Notes.,**,5223
PA,2022,December,12 month-ending,Number of Drug Overdose Deaths,5212,100,0.095425659,Pennsylvania,Numbers may differ from published reports using final data. See Technical Notes.,**,5248
PA,2022,February,12 month-ending,Number of Drug Overdose Deaths,5368,100,0.128147912,Pennsylvania,Numbers may differ from published reports using final data. See Technical Notes.,**,5427
PA,2022,January,12 month-ending,Number of Drug Overdose Deaths,5429,100,0.129506408,Pennsylvania,Numbers may differ from published reports using final data. See Technical Notes.,**,5489
PA,2022,July,12 month-ending,Number of Drug Overdose Deaths,5176,100,0.119959458,Pennsylvania,Numbers may differ from published reports using final data. See Technical Notes.,**,5227
PA,2022,June,12 month-ending,Number of Drug Overdose Deaths,5223,100,0.12201152,Pennsylvania,Numbers may differ from published reports using final data. See Technical Notes.,**,5276
PA,2022,March,12 month-ending,Number of Drug Overdose Deaths,5392,100,0.12438287,Pennsylvania,Numbers may differ from published reports using final data. See Technical Notes.,**,5448
PA,2022,May,12 month-ending,Number of Drug Overdose Deaths,5238,100,0.126118822,Pennsylvania,Numbers may differ from published reports using final data. See Technical Notes.,**,5294
PA,2022,November,12 month-ending,Number of Drug Overdose Deaths,5147,100,0.104420929,Pennsylvania,Numbers may differ from published reports using final data. See Technical Notes.,**,5188
PA,2022,October,12 month-ending,Number of Drug Overdose Deaths,5113,100,0.106299213,Pennsylvania,Numbers may differ from published reports using final data. See Technical Notes.,**,5155
PA,2022,September,12 month-ending,Number of Drug Overdose Deaths,5109,100,0.110382443,Pennsylvania,Numbers may differ from published reports using final data. See Technical Notes.,**,5154
PA,2023,April,12 month-ending,Number of Drug Overdose Deaths,5202,100,0.098620719,Pennsylvania,Underreported due to incomplete data.,*,5245
PA,2023,August,12 month-ending,Number of Drug Overdose Deaths,5044,100,0.123069481,Pennsylvania,Underreported due to incomplete data.,*,5108
PA,2023,February,12 month-ending,Number of Drug Overdose Deaths,5255,100,0.098740355,Pennsylvania,Underreported due to incomplete data.,*,5284
PA,2023,January,12 month-ending,Number of Drug Overdose Deaths,5229,100,0.099128092,Pennsylvania,Underreported due to incomplete data.,*,5240
PA,2023,July,12 month-ending,Number of Drug Overdose Deaths,5141,100,0.109838714,Pennsylvania,Underreported due to incomplete data.,*,5196
PA,2023,June,12 month-ending,Number of Drug Overdose Deaths,5193,100,0.104530109,Pennsylvania,Underreported due to incomplete data.,*,5239
PA,2023,March,12 month-ending,Number of Drug Overdose Deaths,5214,100,0.100110686,Pennsylvania,Underreported due to incomplete data.,*,5260
PA,2023,May,12 month-ending,Number of Drug Overdose Deaths,5248,100,0.096555029,Pennsylvania,Underreported due to incomplete data.,*,5295
PA,2023,October,12 month-ending,Number of Drug Overdose Deaths,4888,100,0.208907172,Pennsylvania,Underreported due to incomplete data.,*,4998
PA,2023,September,12 month-ending,Number of Drug Overdose Deaths,4983,100,0.146947627,Pennsylvania,Underreported due to incomplete data.,*,5054
RI,2015,April,12 month-ending,Number of Drug Overdose Deaths,267,100,0.039028198,Rhode Island,Numbers may differ from published reports using final data. See Technical Notes.,**,268
RI,2015,August,12 month-ending,Number of Drug Overdose Deaths,308,100,0.019288263,Rhode Island,Numbers may differ from published reports using final data. See Technical Notes.,**,308
RI,2015,December,12 month-ending,Number of Drug Overdose Deaths,319,100,0,Rhode Island,Numbers may differ from published reports using final data. See Technical Notes.,**,319
RI,2015,February,12 month-ending,Number of Drug Overdose Deaths,254,100,0.039192632,Rhode Island,Numbers may differ from published reports using final data. See Technical Notes.,**,255
RI,2015,January,12 month-ending,Number of Drug Overdose Deaths,250,100,0.06923153,Rhode Island,Numbers may differ from published reports using final data. See Technical Notes.,**,251
RI,2015,July,12 month-ending,Number of Drug Overdose Deaths,308,100,0.019295707,Rhode Island,Numbers may differ from published reports using final data. See Technical Notes.,**,308
RI,2015,June,12 month-ending,Number of Drug Overdose Deaths,296,100,0.029165857,Rhode Island,Numbers may differ from published reports using final data. See Technical Notes.,**,296
RI,2015,March,12 month-ending,Number of Drug Overdose Deaths,262,100,0.03895598,Rhode Island,Numbers may differ from published reports using final data. See Technical Notes.,**,263
RI,2015,May,12 month-ending,Number of Drug Overdose Deaths,282,100,0.039070131,Rhode Island,Numbers may differ from published reports using final data. See Technical Notes.,**,283
RI,2015,November,12 month-ending,Number of Drug Overdose Deaths,323,100,0.009527439,Rhode Island,Numbers may differ from published reports using final data. See Technical Notes.,**,323
RI,2015,October,12 month-ending,Number of Drug Overdose Deaths,322,100,0.019091256,Rhode Island,Numbers may differ from published reports using final data. See Technical Notes.,**,322
RI,2015,September,12 month-ending,Number of Drug Overdose Deaths,326,100,0.019204916,Rhode Island,Numbers may differ from published reports using final data. See Technical Notes.,**,326
RI,2016,April,12 month-ending,Number of Drug Overdose Deaths,328,100,0.009843489,Rhode Island,Numbers may differ from published reports using final data. See Technical Notes.,**,328
RI,2016,August,12 month-ending,Number of Drug Overdose Deaths,337,100,0.030009003,Rhode Island,Numbers may differ from published reports using final data. See Technical Notes.,**,337
RI,2016,December,12 month-ending,Number of Drug Overdose Deaths,346,100,0.069839369,Rhode Island,Numbers may differ from published reports using final data. See Technical Notes.,**,348
RI,2016,February,12 month-ending,Number of Drug Overdose Deaths,322,100,0,Rhode Island,Numbers may differ from published reports using final data. See Technical Notes.,**,322
RI,2016,January,12 month-ending,Number of Drug Overdose Deaths,320,100,0,Rhode Island,Numbers may differ from published reports using final data. See Technical Notes.,**,320
RI,2016,July,12 month-ending,Number of Drug Overdose Deaths,333,100,0.030081219,Rhode Island,Numbers may differ from published reports using final data. See Technical Notes.,**,333
RI,2016,June,12 month-ending,Number of Drug Overdose Deaths,338,100,0.029785544,Rhode Island,Numbers may differ from published reports using final data. See Technical Notes.,**,338
RI,2016,March,12 month-ending,Number of Drug Overdose Deaths,322,100,0,Rhode Island,Numbers may differ from published reports using final data. See Technical Notes.,**,322
RI,2016,May,12 month-ending,Number of Drug Overdose Deaths,329,100,0.009870694,Rhode Island,Numbers may differ from published reports using final data. See Technical Notes.,**,329
RI,2016,November,12 month-ending,Number of Drug Overdose Deaths,344,100,0.050301811,Rhode Island,Numbers may differ from published reports using final data. See Technical Notes.,**,345
RI,2016,October,12 month-ending,Number of Drug Overdose Deaths,330,100,0.050251256,Rhode Island,Numbers may differ from published reports using final data. See Technical Notes.,**,331
RI,2016,September,12 month-ending,Number of Drug Overdose Deaths,329,100,0.04006009,Rhode Island,Numbers may differ from published reports using final data. See Technical Notes.,**,330
RI,2017,April,12 month-ending,Number of Drug Overdose Deaths,339,100,0.078231958,Rhode Island,Numbers may differ from published reports using final data. See Technical Notes.,**,341
RI,2017,August,12 month-ending,Number of Drug Overdose Deaths,326,100,0.067665539,Rhode Island,Numbers may differ from published reports using final data. See Technical Notes.,**,328
RI,2017,December,12 month-ending,Number of Drug Overdose Deaths,332,100,0.124473382,Rhode Island,Numbers may differ from published reports using final data. See Technical Notes.,**,336
RI,2017,February,12 month-ending,Number of Drug Overdose Deaths,340,100,0.069258929,Rhode Island,Numbers may differ from published reports using final data. See Technical Notes.,**,342
RI,2017,January,12 month-ending,Number of Drug Overdose Deaths,350,100,0.069478908,Rhode Island,Numbers may differ from published reports using final data. See Technical Notes.,**,352
RI,2017,July,12 month-ending,Number of Drug Overdose Deaths,321,100,0.067476383,Rhode Island,Numbers may differ from published reports using final data. See Technical Notes.,**,323
RI,2017,June,12 month-ending,Number of Drug Overdose Deaths,320,100,0.067744121,Rhode Island,Numbers may differ from published reports using final data. See Technical Notes.,**,322
RI,2017,March,12 month-ending,Number of Drug Overdose Deaths,346,100,0.088347894,Rhode Island,Numbers may differ from published reports using final data. See Technical Notes.,**,349
RI,2017,May,12 month-ending,Number of Drug Overdose Deaths,324,100,0.087736401,Rhode Island,Numbers may differ from published reports using final data. See Technical Notes.,**,326
RI,2017,November,12 month-ending,Number of Drug Overdose Deaths,326,100,0.086713556,Rhode Island,Numbers may differ from published reports using final data. See Technical Notes.,**,328
RI,2017,October,12 month-ending,Number of Drug Overdose Deaths,332,100,0.048304512,Rhode Island,Numbers may differ from published reports using final data. See Technical Notes.,**,333
RI,2017,September,12 month-ending,Number of Drug Overdose Deaths,330,100,0.057742277,Rhode Island,Numbers may differ from published reports using final data. See Technical Notes.,**,331
RI,2018,April,12 month-ending,Number of Drug Overdose Deaths,313,100,0.106424149,Rhode Island,Numbers may differ from published reports using final data. See Technical Notes.,**,316
RI,2018,August,12 month-ending,Number of Drug Overdose Deaths,329,100,0.095987714,Rhode Island,Numbers may differ from published reports using final data. See Technical Notes.,**,332
RI,2018,December,12 month-ending,Number of Drug Overdose Deaths,331,100,0,Rhode Island,Numbers may differ from published reports using final data. See Technical Notes.,**,331
RI,2018,February,12 month-ending,Number of Drug Overdose Deaths,317,100,0.124855935,Rhode Island,Numbers may differ from published reports using final data. See Technical Notes.,**,321
RI,2018,January,12 month-ending,Number of Drug Overdose Deaths,321,100,0.123750595,Rhode Island,Numbers may differ from published reports using final data. See Technical Notes.,**,325
RI,2018,July,12 month-ending,Number of Drug Overdose Deaths,330,100,0.096339114,Rhode Island,Numbers may differ from published reports using final data. See Technical Notes.,**,333
RI,2018,June,12 month-ending,Number of Drug Overdose Deaths,332,100,0.096543734,Rhode Island,Numbers may differ from published reports using final data. See Technical Notes.,**,335
RI,2018,March,12 month-ending,Number of Drug Overdose Deaths,309,100,0.106775383,Rhode Island,Numbers may differ from published reports using final data. See Technical Notes.,**,312
RI,2018,May,12 month-ending,Number of Drug Overdose Deaths,329,100,0.096459921,Rhode Island,Numbers may differ from published reports using final data. See Technical Notes.,**,332
RI,2018,November,12 month-ending,Number of Drug Overdose Deaths,334,100,0.057131975,Rhode Island,Numbers may differ from published reports using final data. See Technical Notes.,**,335
RI,2018,October,12 month-ending,Number of Drug Overdose Deaths,333,100,0.095174645,Rhode Island,Numbers may differ from published reports using final data. See Technical Notes.,**,336
RI,2018,September,12 month-ending,Number of Drug Overdose Deaths,328,100,0.095822154,Rhode Island,Numbers may differ from published reports using final data. See Technical Notes.,**,331
RI,2019,April,12 month-ending,Number of Drug Overdose Deaths,345,100,0,Rhode Island,Numbers may differ from published reports using final data. See Technical Notes.,**,345
RI,2019,August,12 month-ending,Number of Drug Overdose Deaths,341,100,0.018932223,Rhode Island,Numbers may differ from published reports using final data. See Technical Notes.,**,341
RI,2019,December,12 month-ending,Number of Drug Overdose Deaths,317,100,0.207175817,Rhode Island,Numbers may differ from published reports using final data. See Technical Notes.,**,324
RI,2019,February,12 month-ending,Number of Drug Overdose Deaths,345,100,0,Rhode Island,Numbers may differ from published reports using final data. See Technical Notes.,**,345
RI,2019,January,12 month-ending,Number of Drug Overdose Deaths,344,100,0,Rhode Island,Numbers may differ from published reports using final data. See Technical Notes.,**,344
RI,2019,July,12 month-ending,Number of Drug Overdose Deaths,345,100,0,Rhode Island,Numbers may differ from published reports using final data. See Technical Notes.,**,345
RI,2019,June,12 month-ending,Number of Drug Overdose Deaths,341,100,0,Rhode Island,Numbers may differ from published reports using final data. See Technical Notes.,**,341
RI,2019,March,12 month-ending,Number of Drug Overdose Deaths,348,100,0,Rhode Island,Numbers may differ from published reports using final data. See Technical Notes.,**,348
RI,2019,May,12 month-ending,Number of Drug Overdose Deaths,349,100,0,Rhode Island,Numbers may differ from published reports using final data. See Technical Notes.,**,349
RI,2019,November,12 month-ending,Number of Drug Overdose Deaths,318,100,0.141669815,Rhode Island,Numbers may differ from published reports using final data. See Technical Notes.,**,322
RI,2019,October,12 month-ending,Number of Drug Overdose Deaths,325,100,0.085324232,Rhode Island,Numbers may differ from published reports using final data. See Technical Notes.,**,327
RI,2019,September,12 month-ending,Number of Drug Overdose Deaths,334,100,0.028395646,Rhode Island,Numbers may differ from published reports using final data. See Technical Notes.,**,334
RI,2020,April,12 month-ending,Number of Drug Overdose Deaths,340,100,0.21068059,Rhode Island,Numbers may differ from published reports using final data. See Technical Notes.,**,348
RI,2020,August,12 month-ending,Number of Drug Overdose Deaths,376,100,0.182450043,Rhode Island,Numbers may differ from published reports using final data. See Technical Notes.,**,383
RI,2020,December,12 month-ending,Number of Drug Overdose Deaths,397,100,0.016447368,Rhode Island,Numbers may differ from published reports using final data. See Technical Notes.,**,397
RI,2020,February,12 month-ending,Number of Drug Overdose Deaths,326,100,0.207880563,Rhode Island,Numbers may differ from published reports using final data. See Technical Notes.,**,333
RI,2020,January,12 month-ending,Number of Drug Overdose Deaths,318,100,0.209205021,Rhode Island,Numbers may differ from published reports using final data. See Technical Notes.,**,325
RI,2020,July,12 month-ending,Number of Drug Overdose Deaths,359,100,0.20026121,Rhode Island,Numbers may differ from published reports using final data. See Technical Notes.,**,367
RI,2020,June,12 month-ending,Number of Drug Overdose Deaths,346,100,0.199687446,Rhode Island,Numbers may differ from published reports using final data. See Technical Notes.,**,353
RI,2020,March,12 month-ending,Number of Drug Overdose Deaths,327,100,0.207998487,Rhode Island,Numbers may differ from published reports using final data. See Technical Notes.,**,334
RI,2020,May,12 month-ending,Number of Drug Overdose Deaths,343,100,0.201966983,Rhode Island,Numbers may differ from published reports using final data. See Technical Notes.,**,350
RI,2020,November,12 month-ending,Number of Drug Overdose Deaths,396,100,0.068183755,Rhode Island,Numbers may differ from published reports using final data. See Technical Notes.,**,398
RI,2020,October,12 month-ending,Number of Drug Overdose Deaths,392,100,0.120918984,Rhode Island,Numbers may differ from published reports using final data. See Technical Notes.,**,396
RI,2020,September,12 month-ending,Number of Drug Overdose Deaths,391,100,0.173160173,Rhode Island,Numbers may differ from published reports using final data. See Technical Notes.,**,398
RI,2021,April,12 month-ending,Number of Drug Overdose Deaths,411,100,0.008159935,Rhode Island,Numbers may differ from published reports using final data. See Technical Notes.,**,411
RI,2021,August,12 month-ending,Number of Drug Overdose Deaths,407,100,0.02554061,Rhode Island,Numbers may differ from published reports using final data. See Technical Notes.,**,407
RI,2021,December,12 month-ending,Number of Drug Overdose Deaths,460,100,0.042981174,Rhode Island,Numbers may differ from published reports using final data. See Technical Notes.,**,461
RI,2021,February,12 month-ending,Number of Drug Overdose Deaths,409,100,0.015893198,Rhode Island,Numbers may differ from published reports using final data. See Technical Notes.,**,409
RI,2021,January,12 month-ending,Number of Drug Overdose Deaths,402,100,0.015976993,Rhode Island,Numbers may differ from published reports using final data. See Technical Notes.,**,402
RI,2021,July,12 month-ending,Number of Drug Overdose Deaths,403,100,0.025623505,Rhode Island,Numbers may differ from published reports using final data. See Technical Notes.,**,403
RI,2021,June,12 month-ending,Number of Drug Overdose Deaths,415,100,0.025643217,Rhode Island,Numbers may differ from published reports using final data. See Technical Notes.,**,415
RI,2021,March,12 month-ending,Number of Drug Overdose Deaths,407,100,0.015885624,Rhode Island,Numbers may differ from published reports using final data. See Technical Notes.,**,407
RI,2021,May,12 month-ending,Number of Drug Overdose Deaths,419,100,0.016904742,Rhode Island,Numbers may differ from published reports using final data. See Technical Notes.,**,419
RI,2021,November,12 month-ending,Number of Drug Overdose Deaths,454,100,0.050782903,Rhode Island,Numbers may differ from published reports using final data. See Technical Notes.,**,455
RI,2021,October,12 month-ending,Number of Drug Overdose Deaths,432,100,0.025359256,Rhode Island,Numbers may differ from published reports using final data. See Technical Notes.,**,432
RI,2021,September,12 month-ending,Number of Drug Overdose Deaths,412,100,0.02548853,Rhode Island,Numbers may differ from published reports using final data. See Technical Notes.,**,412
RI,2022,April,12 month-ending,Number of Drug Overdose Deaths,468,100,0.061039414,Rhode Island,Numbers may differ from published reports using final data. See Technical Notes.,**,470
RI,2022,August,12 month-ending,Number of Drug Overdose Deaths,458,100,0.061060712,Rhode Island,Numbers may differ from published reports using final data. See Technical Notes.,**,460
RI,2022,December,12 month-ending,Number of Drug Overdose Deaths,452,100,0.063256823,Rhode Island,Numbers may differ from published reports using final data. See Technical Notes.,**,454
RI,2022,February,12 month-ending,Number of Drug Overdose Deaths,460,100,0.051808997,Rhode Island,Numbers may differ from published reports using final data. See Technical Notes.,**,461
RI,2022,January,12 month-ending,Number of Drug Overdose Deaths,459,100,0.043099733,Rhode Island,Numbers may differ from published reports using final data. See Technical Notes.,**,460
RI,2022,July,12 month-ending,Number of Drug Overdose Deaths,471,100,0.060705923,Rhode Island,Numbers may differ from published reports using final data. See Technical Notes.,**,473
RI,2022,June,12 month-ending,Number of Drug Overdose Deaths,481,100,0.05241548,Rhode Island,Numbers may differ from published reports using final data. See Technical Notes.,**,482
RI,2022,March,12 month-ending,Number of Drug Overdose Deaths,473,100,0.06090134,Rhode Island,Numbers may differ from published reports using final data. See Technical Notes.,**,475
RI,2022,May,12 month-ending,Number of Drug Overdose Deaths,469,100,0.06119416,Rhode Island,Numbers may differ from published reports using final data. See Technical Notes.,**,471
RI,2022,November,12 month-ending,Number of Drug Overdose Deaths,447,100,0.053295434,Rhode Island,Numbers may differ from published reports using final data. See Technical Notes.,**,448
RI,2022,October,12 month-ending,Number of Drug Overdose Deaths,453,100,0.079358081,Rhode Island,Numbers may differ from published reports using final data. See Technical Notes.,**,456
RI,2022,September,12 month-ending,Number of Drug Overdose Deaths,455,100,0.061663143,Rhode Island,Numbers may differ from published reports using final data. See Technical Notes.,**,457
RI,2023,April,12 month-ending,Number of Drug Overdose Deaths,446,100,0.19164081,Rhode Island,Underreported due to incomplete data.,*,455
RI,2023,August,12 month-ending,Number of Drug Overdose Deaths,432,100,0.471741745,Rhode Island,Underreported due to incomplete data.,*,457
RI,2023,February,12 month-ending,Number of Drug Overdose Deaths,452,100,0.092747171,Rhode Island,Underreported due to incomplete data.,*,455
RI,2023,January,12 month-ending,Number of Drug Overdose Deaths,460,100,0.092038656,Rhode Island,Underreported due to incomplete data.,*,461
RI,2023,July,12 month-ending,Number of Drug Overdose Deaths,440,100,0.339574156,Rhode Island,Underreported due to incomplete data.,*,458
RI,2023,June,12 month-ending,Number of Drug Overdose Deaths,426,100,0.300820419,Rhode Island,Underreported due to incomplete data.,*,441
RI,2023,March,12 month-ending,Number of Drug Overdose Deaths,443,100,0.129067945,Rhode Island,Underreported due to incomplete data.,*,449
RI,2023,May,12 month-ending,Number of Drug Overdose Deaths,432,100,0.228581878,Rhode Island,Underreported due to incomplete data.,*,443
RI,2023,October,12 month-ending,Number of Drug Overdose Deaths,404,100,0.72563608,Rhode Island,Underreported due to incomplete data.,*,441
RI,2023,September,12 month-ending,Number of Drug Overdose Deaths,427,100,0.568807339,Rhode Island,Underreported due to incomplete data.,*,457
SC,2015,April,12 month-ending,Number of Drug Overdose Deaths,709,100,0.032806246,South Carolina,Numbers may differ from published reports using final data. See Technical Notes.,**,709
SC,2015,August,12 month-ending,Number of Drug Overdose Deaths,744,100,0.041154046,South Carolina,Numbers may differ from published reports using final data. See Technical Notes.,**,745
SC,2015,December,12 month-ending,Number of Drug Overdose Deaths,736,100,0.060407318,South Carolina,Numbers may differ from published reports using final data. See Technical Notes.,**,738
SC,2015,February,12 month-ending,Number of Drug Overdose Deaths,699,100,0.026511135,South Carolina,Numbers may differ from published reports using final data. See Technical Notes.,**,699
SC,2015,January,12 month-ending,Number of Drug Overdose Deaths,692,100,0.026734394,South Carolina,Numbers may differ from published reports using final data. See Technical Notes.,**,692
SC,2015,July,12 month-ending,Number of Drug Overdose Deaths,726,100,0.036906778,South Carolina,Numbers may differ from published reports using final data. See Technical Notes.,**,726
SC,2015,June,12 month-ending,Number of Drug Overdose Deaths,730,100,0.034809094,South Carolina,Numbers may differ from published reports using final data. See Technical Notes.,**,730
SC,2015,March,12 month-ending,Number of Drug Overdose Deaths,710,100,0.030656039,South Carolina,Numbers may differ from published reports using final data. See Technical Notes.,**,710
SC,2015,May,12 month-ending,Number of Drug Overdose Deaths,726,100,0.037083088,South Carolina,Numbers may differ from published reports using final data. See Technical Notes.,**,726
SC,2015,November,12 month-ending,Number of Drug Overdose Deaths,738,100,0.04521477,South Carolina,Numbers may differ from published reports using final data. See Technical Notes.,**,739
SC,2015,October,12 month-ending,Number of Drug Overdose Deaths,747,100,0.038748843,South Carolina,Numbers may differ from published reports using final data. See Technical Notes.,**,748
SC,2015,September,12 month-ending,Number of Drug Overdose Deaths,735,100,0.034587116,South Carolina,Numbers may differ from published reports using final data. See Technical Notes.,**,735
SC,2016,April,12 month-ending,Number of Drug Overdose Deaths,771,100,0.060503911,South Carolina,Numbers may differ from published reports using final data. See Technical Notes.,**,774
SC,2016,August,12 month-ending,Number of Drug Overdose Deaths,822,100,0.0559236,South Carolina,Numbers may differ from published reports using final data. See Technical Notes.,**,824
SC,2016,December,12 month-ending,Number of Drug Overdose Deaths,871,100,0.038197908,South Carolina,Numbers may differ from published reports using final data. See Technical Notes.,**,871
SC,2016,February,12 month-ending,Number of Drug Overdose Deaths,722,100,0.064822818,South Carolina,Numbers may differ from published reports using final data. See Technical Notes.,**,725
SC,2016,January,12 month-ending,Number of Drug Overdose Deaths,730,100,0.062876718,South Carolina,Numbers may differ from published reports using final data. See Technical Notes.,**,733
SC,2016,July,12 month-ending,Number of Drug Overdose Deaths,822,100,0.055874326,South Carolina,Numbers may differ from published reports using final data. See Technical Notes.,**,824
SC,2016,June,12 month-ending,Number of Drug Overdose Deaths,804,100,0.058283864,South Carolina,Numbers may differ from published reports using final data. See Technical Notes.,**,806
SC,2016,March,12 month-ending,Number of Drug Overdose Deaths,733,100,0.062848103,South Carolina,Numbers may differ from published reports using final data. See Technical Notes.,**,736
SC,2016,May,12 month-ending,Number of Drug Overdose Deaths,775,100,0.058361974,South Carolina,Numbers may differ from published reports using final data. See Technical Notes.,**,777
SC,2016,November,12 month-ending,Number of Drug Overdose Deaths,842,100,0.059644265,South Carolina,Numbers may differ from published reports using final data. See Technical Notes.,**,845
SC,2016,October,12 month-ending,Number of Drug Overdose Deaths,846,100,0.062048012,South Carolina,Numbers may differ from published reports using final data. See Technical Notes.,**,849
SC,2016,September,12 month-ending,Number of Drug Overdose Deaths,831,100,0.059753729,South Carolina,Numbers may differ from published reports using final data. See Technical Notes.,**,834
SC,2017,April,12 month-ending,Number of Drug Overdose Deaths,934,100,0.038042904,South Carolina,Numbers may differ from published reports using final data. See Technical Notes.,**,934
SC,2017,August,12 month-ending,Number of Drug Overdose Deaths,999,100,0.043734511,South Carolina,Numbers may differ from published reports using final data. See Technical Notes.,**,1000
SC,2017,December,12 month-ending,Number of Drug Overdose Deaths,1001,100,0.057829733,South Carolina,Numbers may differ from published reports using final data. See Technical Notes.,**,1004
SC,2017,February,12 month-ending,Number of Drug Overdose Deaths,934,100,0.038369714,South Carolina,Numbers may differ from published reports using final data. See Technical Notes.,**,934
SC,2017,January,12 month-ending,Number of Drug Overdose Deaths,903,100,0.040264474,South Carolina,Numbers may differ from published reports using final data. See Technical Notes.,**,904
SC,2017,July,12 month-ending,Number of Drug Overdose Deaths,981,100,0.046032809,South Carolina,Numbers may differ from published reports using final data. See Technical Notes.,**,982
SC,2017,June,12 month-ending,Number of Drug Overdose Deaths,978,100,0.044006706,South Carolina,Numbers may differ from published reports using final data. See Technical Notes.,**,979
SC,2017,March,12 month-ending,Number of Drug Overdose Deaths,924,100,0.036055143,South Carolina,Numbers may differ from published reports using final data. See Technical Notes.,**,924
SC,2017,May,12 month-ending,Number of Drug Overdose Deaths,964,100,0.042112356,South Carolina,Numbers may differ from published reports using final data. See Technical Notes.,**,965
SC,2017,November,12 month-ending,Number of Drug Overdose Deaths,1028,100,0.051841407,South Carolina,Numbers may differ from published reports using final data. See Technical Notes.,**,1030
SC,2017,October,12 month-ending,Number of Drug Overdose Deaths,1012,100,0.043581123,South Carolina,Numbers may differ from published reports using final data. See Technical Notes.,**,1013
SC,2017,September,12 month-ending,Number of Drug Overdose Deaths,1020,100,0.045857217,South Carolina,Numbers may differ from published reports using final data. See Technical Notes.,**,1021
SC,2018,April,12 month-ending,Number of Drug Overdose Deaths,1057,100,0.062853551,South Carolina,Numbers may differ from published reports using final data. See Technical Notes.,**,1061
SC,2018,August,12 month-ending,Number of Drug Overdose Deaths,1053,100,0.064795691,South Carolina,Numbers may differ from published reports using final data. See Technical Notes.,**,1057
SC,2018,December,12 month-ending,Number of Drug Overdose Deaths,1106,100,0.076680927,South Carolina,Numbers may differ from published reports using final data. See Technical Notes.,**,1112
SC,2018,February,12 month-ending,Number of Drug Overdose Deaths,992,100,0.058781798,South Carolina,Numbers may differ from published reports using final data. See Technical Notes.,**,995
SC,2018,January,12 month-ending,Number of Drug Overdose Deaths,993,100,0.055053728,South Carolina,Numbers may differ from published reports using final data. See Technical Notes.,**,995
SC,2018,July,12 month-ending,Number of Drug Overdose Deaths,1057,100,0.064920574,South Carolina,Numbers may differ from published reports using final data. See Technical Notes.,**,1061
SC,2018,June,12 month-ending,Number of Drug Overdose Deaths,1039,100,0.066971081,South Carolina,Numbers may differ from published reports using final data. See Technical Notes.,**,1043
SC,2018,March,12 month-ending,Number of Drug Overdose Deaths,1023,100,0.060773033,South Carolina,Numbers may differ from published reports using final data. See Technical Notes.,**,1026
SC,2018,May,12 month-ending,Number of Drug Overdose Deaths,1046,100,0.060733663,South Carolina,Numbers may differ from published reports using final data. See Technical Notes.,**,1049
SC,2018,November,12 month-ending,Number of Drug Overdose Deaths,1064,100,0.072620176,South Carolina,Numbers may differ from published reports using final data. See Technical Notes.,**,1069
SC,2018,October,12 month-ending,Number of Drug Overdose Deaths,1064,100,0.072825845,South Carolina,Numbers may differ from published reports using final data. See Technical Notes.,**,1069
SC,2018,September,12 month-ending,Number of Drug Overdose Deaths,1048,100,0.06873269,South Carolina,Numbers may differ from published reports using final data. See Technical Notes.,**,1052
SC,2019,April,12 month-ending,Number of Drug Overdose Deaths,1069,100,0.08148797,South Carolina,Numbers may differ from published reports using final data. See Technical Notes.,**,1075
SC,2019,August,12 month-ending,Number of Drug Overdose Deaths,1083,100,0.082526519,South Carolina,Numbers may differ from published reports using final data. See Technical Notes.,**,1089
SC,2019,December,12 month-ending,Number of Drug Overdose Deaths,1131,100,0.091985282,South Carolina,Numbers may differ from published reports using final data. See Technical Notes.,**,1139
SC,2019,February,12 month-ending,Number of Drug Overdose Deaths,1118,100,0.075511745,South Carolina,Numbers may differ from published reports using final data. See Technical Notes.,**,1123
SC,2019,January,12 month-ending,Number of Drug Overdose Deaths,1116,100,0.079512324,South Carolina,Numbers may differ from published reports using final data. See Technical Notes.,**,1122
SC,2019,July,12 month-ending,Number of Drug Overdose Deaths,1057,100,0.078556178,South Carolina,Numbers may differ from published reports using final data. See Technical Notes.,**,1063
SC,2019,June,12 month-ending,Number of Drug Overdose Deaths,1059,100,0.076606725,South Carolina,Numbers may differ from published reports using final data. See Technical Notes.,**,1064
SC,2019,March,12 month-ending,Number of Drug Overdose Deaths,1104,100,0.075353346,South Carolina,Numbers may differ from published reports using final data. See Technical Notes.,**,1109
SC,2019,May,12 month-ending,Number of Drug Overdose Deaths,1064,100,0.081081629,South Carolina,Numbers may differ from published reports using final data. See Technical Notes.,**,1070
SC,2019,November,12 month-ending,Number of Drug Overdose Deaths,1133,100,0.084303493,South Carolina,Numbers may differ from published reports using final data. See Technical Notes.,**,1140
SC,2019,October,12 month-ending,Number of Drug Overdose Deaths,1109,100,0.084229103,South Carolina,Numbers may differ from published reports using final data. See Technical Notes.,**,1116
SC,2019,September,12 month-ending,Number of Drug Overdose Deaths,1107,100,0.078425064,South Carolina,Numbers may differ from published reports using final data. See Technical Notes.,**,1113
SC,2020,April,12 month-ending,Number of Drug Overdose Deaths,1304,100,0.079676629,South Carolina,Numbers may differ from published reports using final data. See Technical Notes.,**,1311
SC,2020,August,12 month-ending,Number of Drug Overdose Deaths,1586,100,0.064442217,South Carolina,Numbers may differ from published reports using final data. See Technical Notes.,**,1591
SC,2020,December,12 month-ending,Number of Drug Overdose Deaths,1729,100,0.05805756,South Carolina,Numbers may differ from published reports using final data. See Technical Notes.,**,1734
SC,2020,February,12 month-ending,Number of Drug Overdose Deaths,1176,100,0.091087305,South Carolina,Numbers may differ from published reports using final data. See Technical Notes.,**,1184
SC,2020,January,12 month-ending,Number of Drug Overdose Deaths,1148,100,0.089537984,South Carolina,Numbers may differ from published reports using final data. See Technical Notes.,**,1156
SC,2020,July,12 month-ending,Number of Drug Overdose Deaths,1535,100,0.064493541,South Carolina,Numbers may differ from published reports using final data. See Technical Notes.,**,1540
SC,2020,June,12 month-ending,Number of Drug Overdose Deaths,1469,100,0.072443046,South Carolina,Numbers may differ from published reports using final data. See Technical Notes.,**,1475
SC,2020,March,12 month-ending,Number of Drug Overdose Deaths,1244,100,0.090447914,South Carolina,Numbers may differ from published reports using final data. See Technical Notes.,**,1252
SC,2020,May,12 month-ending,Number of Drug Overdose Deaths,1389,100,0.075172028,South Carolina,Numbers may differ from published reports using final data. See Technical Notes.,**,1396
SC,2020,November,12 month-ending,Number of Drug Overdose Deaths,1694,100,0.064589601,South Carolina,Numbers may differ from published reports using final data. See Technical Notes.,**,1700
SC,2020,October,12 month-ending,Number of Drug Overdose Deaths,1651,100,0.05702338,South Carolina,Numbers may differ from published reports using final data. See Technical Notes.,**,1655
SC,2020,September,12 month-ending,Number of Drug Overdose Deaths,1626,100,0.068490745,South Carolina,Numbers may differ from published reports using final data. See Technical Notes.,**,1632
SC,2021,April,12 month-ending,Number of Drug Overdose Deaths,1906,100,0.057781803,South Carolina,Numbers may differ from published reports using final data. See Technical Notes.,**,1911
SC,2021,August,12 month-ending,Number of Drug Overdose Deaths,1980,100,0.053956264,South Carolina,Numbers may differ from published reports using final data. See Technical Notes.,**,1984
SC,2021,December,12 month-ending,Number of Drug Overdose Deaths,2166,100,0.040443636,South Carolina,Numbers may differ from published reports using final data. See Technical Notes.,**,2167
SC,2021,February,12 month-ending,Number of Drug Overdose Deaths,1801,100,0.056457304,South Carolina,Numbers may differ from published reports using final data. See Technical Notes.,**,1805
SC,2021,January,12 month-ending,Number of Drug Overdose Deaths,1778,100,0.055751127,South Carolina,Numbers may differ from published reports using final data. See Technical Notes.,**,1782
SC,2021,July,12 month-ending,Number of Drug Overdose Deaths,1959,100,0.05889469,South Carolina,Numbers may differ from published reports using final data. See Technical Notes.,**,1964
SC,2021,June,12 month-ending,Number of Drug Overdose Deaths,1930,100,0.057922009000000003,South Carolina,Numbers may differ from published reports using final data. See Technical Notes.,**,1935
SC,2021,March,12 month-ending,Number of Drug Overdose Deaths,1830,100,0.054761085,South Carolina,Numbers may differ from published reports using final data. See Technical Notes.,**,1834
SC,2021,May,12 month-ending,Number of Drug Overdose Deaths,1915,100,0.057789926,South Carolina,Numbers may differ from published reports using final data. See Technical Notes.,**,1920
SC,2021,November,12 month-ending,Number of Drug Overdose Deaths,2131,100,0.036950363,South Carolina,Numbers may differ from published reports using final data. See Technical Notes.,**,2131
SC,2021,October,12 month-ending,Number of Drug Overdose Deaths,2109,100,0.047717267,South Carolina,Numbers may differ from published reports using final data. See Technical Notes.,**,2112
SC,2021,September,12 month-ending,Number of Drug Overdose Deaths,2042,100,0.045021968,South Carolina,Numbers may differ from published reports using final data. See Technical Notes.,**,2044
SC,2022,April,12 month-ending,Number of Drug Overdose Deaths,2212,100,0.03934096,South Carolina,Numbers may differ from published reports using final data. See Technical Notes.,**,2213
SC,2022,August,12 month-ending,Number of Drug Overdose Deaths,2249,100,0.048019208,South Carolina,Numbers may differ from published reports using final data. See Technical Notes.,**,2252
SC,2022,December,12 month-ending,Number of Drug Overdose Deaths,2292,100,0.045009002,South Carolina,Numbers may differ from published reports using final data. See Technical Notes.,**,2294
SC,2022,February,12 month-ending,Number of Drug Overdose Deaths,2260,100,0.039050297,South Carolina,Numbers may differ from published reports using final data. See Technical Notes.,**,2261
SC,2022,January,12 month-ending,Number of Drug Overdose Deaths,2203,100,0.042308476,South Carolina,Numbers may differ from published reports using final data. See Technical Notes.,**,2204
SC,2022,July,12 month-ending,Number of Drug Overdose Deaths,2240,100,0.04250429,South Carolina,Numbers may differ from published reports using final data. See Technical Notes.,**,2242
SC,2022,June,12 month-ending,Number of Drug Overdose Deaths,2212,100,0.03937628,South Carolina,Numbers may differ from published reports using final data. See Technical Notes.,**,2213
SC,2022,March,12 month-ending,Number of Drug Overdose Deaths,2258,100,0.040687302,South Carolina,Numbers may differ from published reports using final data. See Technical Notes.,**,2259
SC,2022,May,12 month-ending,Number of Drug Overdose Deaths,2199,100,0.039415391,South Carolina,Numbers may differ from published reports using final data. See Technical Notes.,**,2200
SC,2022,November,12 month-ending,Number of Drug Overdose Deaths,2248,100,0.050026681,South Carolina,Numbers may differ from published reports using final data. See Technical Notes.,**,2252
SC,2022,October,12 month-ending,Number of Drug Overdose Deaths,2216,100,0.048239267,South Carolina,Numbers may differ from published reports using final data. See Technical Notes.,**,2219
SC,2022,September,12 month-ending,Number of Drug Overdose Deaths,2224,100,0.051032167,South Carolina,Numbers may differ from published reports using final data. See Technical Notes.,**,2228
SC,2023,April,12 month-ending,Number of Drug Overdose Deaths,2308,100,0.05694466,South Carolina,Underreported due to incomplete data.,*,2316
SC,2023,August,12 month-ending,Number of Drug Overdose Deaths,2294,100,0.081534939,South Carolina,Underreported due to incomplete data.,*,2312
SC,2023,February,12 month-ending,Number of Drug Overdose Deaths,2269,100,0.046918987,South Carolina,Underreported due to incomplete data.,*,2269
SC,2023,January,12 month-ending,Number of Drug Overdose Deaths,2282,100,0.044409524,South Carolina,Underreported due to incomplete data.,*,2282
SC,2023,July,12 month-ending,Number of Drug Overdose Deaths,2310,100,0.077827741,South Carolina,Underreported due to incomplete data.,*,2326
SC,2023,June,12 month-ending,Number of Drug Overdose Deaths,2356,100,0.067291268,South Carolina,Underreported due to incomplete data.,*,2366
SC,2023,March,12 month-ending,Number of Drug Overdose Deaths,2304,100,0.051972351,South Carolina,Underreported due to incomplete data.,*,2311
SC,2023,May,12 month-ending,Number of Drug Overdose Deaths,2342,100,0.063855858,South Carolina,Underreported due to incomplete data.,*,2354
SC,2023,October,12 month-ending,Number of Drug Overdose Deaths,2239,100,0.218218638,South Carolina,Underreported due to incomplete data.,*,2292
SC,2023,September,12 month-ending,Number of Drug Overdose Deaths,2258,100,0.130285238,South Carolina,Underreported due to incomplete data.,*,2286
SD,2015,April,12 month-ending,Number of Drug Overdose Deaths,57,100,0.051666236,South Dakota,Numbers may differ from published reports using final data. See Technical Notes.,**,58
SD,2015,August,12 month-ending,Number of Drug Overdose Deaths,64,100,0.063363325,South Dakota,Numbers may differ from published reports using final data. See Technical Notes.,**,65
SD,2015,December,12 month-ending,Number of Drug Overdose Deaths,62,100,0.038003547,South Dakota,Numbers may differ from published reports using final data. See Technical Notes.,**,62
SD,2015,February,12 month-ending,Number of Drug Overdose Deaths,59,100,0.039042166,South Dakota,Numbers may differ from published reports using final data. See Technical Notes.,**,60
SD,2015,January,12 month-ending,Number of Drug Overdose Deaths,60,100,0.038961039,South Dakota,Numbers may differ from published reports using final data. See Technical Notes.,**,61
SD,2015,July,12 month-ending,Number of Drug Overdose Deaths,66,100,0.063299152,South Dakota,Numbers may differ from published reports using final data. See Technical Notes.,**,67
SD,2015,June,12 month-ending,Number of Drug Overdose Deaths,59,100,0.050948924,South Dakota,Numbers may differ from published reports using final data. See Technical Notes.,**,60
SD,2015,March,12 month-ending,Number of Drug Overdose Deaths,61,100,0.038860104,South Dakota,Numbers may differ from published reports using final data. See Technical Notes.,**,62
SD,2015,May,12 month-ending,Number of Drug Overdose Deaths,55,100,0.05155968,South Dakota,Numbers may differ from published reports using final data. See Technical Notes.,**,56
SD,2015,November,12 month-ending,Number of Drug Overdose Deaths,60,100,0.037902716,South Dakota,Numbers may differ from published reports using final data. See Technical Notes.,**,60
SD,2015,October,12 month-ending,Number of Drug Overdose Deaths,62,100,0.037769105,South Dakota,Numbers may differ from published reports using final data. See Technical Notes.,**,62
SD,2015,September,12 month-ending,Number of Drug Overdose Deaths,62,100,0.050314465,South Dakota,Numbers may differ from published reports using final data. See Technical Notes.,**,63
SD,2016,April,12 month-ending,Number of Drug Overdose Deaths,70,100,0.025487447,South Dakota,Numbers may differ from published reports using final data. See Technical Notes.,**,70
SD,2016,August,12 month-ending,Number of Drug Overdose Deaths,65,100,0.02541619,South Dakota,Numbers may differ from published reports using final data. See Technical Notes.,**,65
SD,2016,December,12 month-ending,Number of Drug Overdose Deaths,69,100,0.025173065,South Dakota,Numbers may differ from published reports using final data. See Technical Notes.,**,69
SD,2016,February,12 month-ending,Number of Drug Overdose Deaths,65,100,0.025601639,South Dakota,Numbers may differ from published reports using final data. See Technical Notes.,**,65
SD,2016,January,12 month-ending,Number of Drug Overdose Deaths,63,100,0.025664057,South Dakota,Numbers may differ from published reports using final data. See Technical Notes.,**,63
SD,2016,July,12 month-ending,Number of Drug Overdose Deaths,63,100,0.012750223,South Dakota,Numbers may differ from published reports using final data. See Technical Notes.,**,63
SD,2016,June,12 month-ending,Number of Drug Overdose Deaths,68,100,0.025458248,South Dakota,Numbers may differ from published reports using final data. See Technical Notes.,**,68
SD,2016,March,12 month-ending,Number of Drug Overdose Deaths,66,100,0.025644313,South Dakota,Numbers may differ from published reports using final data. See Technical Notes.,**,66
SD,2016,May,12 month-ending,Number of Drug Overdose Deaths,70,100,0.02543882,South Dakota,Numbers may differ from published reports using final data. See Technical Notes.,**,70
SD,2016,November,12 month-ending,Number of Drug Overdose Deaths,71,100,0.025303644,South Dakota,Numbers may differ from published reports using final data. See Technical Notes.,**,71
SD,2016,October,12 month-ending,Number of Drug Overdose Deaths,69,100,0.025562372,South Dakota,Numbers may differ from published reports using final data. See Technical Notes.,**,69
SD,2016,September,12 month-ending,Number of Drug Overdose Deaths,70,100,0.025614754,South Dakota,Numbers may differ from published reports using final data. See Technical Notes.,**,70
SD,2017,April,12 month-ending,Number of Drug Overdose Deaths,70,100,0.012259409,South Dakota,Numbers may differ from published reports using final data. See Technical Notes.,**,70
SD,2017,August,12 month-ending,Number of Drug Overdose Deaths,76,100,0,South Dakota,Numbers may differ from published reports using final data. See Technical Notes.,**,76
SD,2017,December,12 month-ending,Number of Drug Overdose Deaths,75,100,0.024570025,South Dakota,Numbers may differ from published reports using final data. See Technical Notes.,**,75
SD,2017,February,12 month-ending,Number of Drug Overdose Deaths,74,100,0.024582104,South Dakota,Numbers may differ from published reports using final data. See Technical Notes.,**,74
SD,2017,January,12 month-ending,Number of Drug Overdose Deaths,75,100,0.024857072,South Dakota,Numbers may differ from published reports using final data. See Technical Notes.,**,75
SD,2017,July,12 month-ending,Number of Drug Overdose Deaths,75,100,0.012265424,South Dakota,Numbers may differ from published reports using final data. See Technical Notes.,**,75
SD,2017,June,12 month-ending,Number of Drug Overdose Deaths,75,100,0.012212995,South Dakota,Numbers may differ from published reports using final data. See Technical Notes.,**,75
SD,2017,March,12 month-ending,Number of Drug Overdose Deaths,70,100,0.024414063,South Dakota,Numbers may differ from published reports using final data. See Technical Notes.,**,70
SD,2017,May,12 month-ending,Number of Drug Overdose Deaths,75,100,0.012239902,South Dakota,Numbers may differ from published reports using final data. See Technical Notes.,**,75
SD,2017,November,12 month-ending,Number of Drug Overdose Deaths,76,100,0.012190662,South Dakota,Numbers may differ from published reports using final data. See Technical Notes.,**,76
SD,2017,October,12 month-ending,Number of Drug Overdose Deaths,75,100,0,South Dakota,Numbers may differ from published reports using final data. See Technical Notes.,**,75
SD,2017,September,12 month-ending,Number of Drug Overdose Deaths,75,100,0,South Dakota,Numbers may differ from published reports using final data. See Technical Notes.,**,75
SD,2018,April,12 month-ending,Number of Drug Overdose Deaths,64,100,0.024953213,South Dakota,Numbers may differ from published reports using final data. See Technical Notes.,**,64
SD,2018,August,12 month-ending,Number of Drug Overdose Deaths,58,100,0.024773938,South Dakota,Numbers may differ from published reports using final data. See Technical Notes.,**,58
SD,2018,December,12 month-ending,Number of Drug Overdose Deaths,57,100,0,South Dakota,Numbers may differ from published reports using final data. See Technical Notes.,**,57
SD,2018,February,12 month-ending,Number of Drug Overdose Deaths,64,100,0.024783147,South Dakota,Numbers may differ from published reports using final data. See Technical Notes.,**,64
SD,2018,January,12 month-ending,Number of Drug Overdose Deaths,69,100,0.024609327,South Dakota,Numbers may differ from published reports using final data. See Technical Notes.,**,69
SD,2018,July,12 month-ending,Number of Drug Overdose Deaths,62,100,0.024727992,South Dakota,Numbers may differ from published reports using final data. See Technical Notes.,**,62
SD,2018,June,12 month-ending,Number of Drug Overdose Deaths,62,100,0.024940766,South Dakota,Numbers may differ from published reports using final data. See Technical Notes.,**,62
SD,2018,March,12 month-ending,Number of Drug Overdose Deaths,67,100,0.024888004,South Dakota,Numbers may differ from published reports using final data. See Technical Notes.,**,67
SD,2018,May,12 month-ending,Number of Drug Overdose Deaths,61,100,0.024968789,South Dakota,Numbers may differ from published reports using final data. See Technical Notes.,**,61
SD,2018,November,12 month-ending,Number of Drug Overdose Deaths,55,100,0.012356357,South Dakota,Numbers may differ from published reports using final data. See Technical Notes.,**,55
SD,2018,October,12 month-ending,Number of Drug Overdose Deaths,58,100,0.024660912,South Dakota,Numbers may differ from published reports using final data. See Technical Notes.,**,58
SD,2018,September,12 month-ending,Number of Drug Overdose Deaths,55,100,0.024594196,South Dakota,Numbers may differ from published reports using final data. See Technical Notes.,**,55
SD,2019,April,12 month-ending,Number of Drug Overdose Deaths,65,100,0,South Dakota,Numbers may differ from published reports using final data. See Technical Notes.,**,65
SD,2019,August,12 month-ending,Number of Drug Overdose Deaths,78,100,0.012014898,South Dakota,Numbers may differ from published reports using final data. See Technical Notes.,**,78
SD,2019,December,12 month-ending,Number of Drug Overdose Deaths,88,100,0.035769643,South Dakota,Numbers may differ from published reports using final data. See Technical Notes.,**,88
SD,2019,February,12 month-ending,Number of Drug Overdose Deaths,64,100,0,South Dakota,Numbers may differ from published reports using final data. See Technical Notes.,**,64
SD,2019,January,12 month-ending,Number of Drug Overdose Deaths,56,100,0,South Dakota,Numbers may differ from published reports using final data. See Technical Notes.,**,56
SD,2019,July,12 month-ending,Number of Drug Overdose Deaths,71,100,0.012152145,South Dakota,Numbers may differ from published reports using final data. See Technical Notes.,**,71
SD,2019,June,12 month-ending,Number of Drug Overdose Deaths,72,100,0,South Dakota,Numbers may differ from published reports using final data. See Technical Notes.,**,72
SD,2019,March,12 month-ending,Number of Drug Overdose Deaths,62,100,0,South Dakota,Numbers may differ from published reports using final data. See Technical Notes.,**,62
SD,2019,May,12 month-ending,Number of Drug Overdose Deaths,69,100,0,South Dakota,Numbers may differ from published reports using final data. See Technical Notes.,**,69
SD,2019,November,12 month-ending,Number of Drug Overdose Deaths,89,100,0.035769643,South Dakota,Numbers may differ from published reports using final data. See Technical Notes.,**,89
SD,2019,October,12 month-ending,Number of Drug Overdose Deaths,84,100,0.024003841,South Dakota,Numbers may differ from published reports using final data. See Technical Notes.,**,84
SD,2019,September,12 month-ending,Number of Drug Overdose Deaths,84,100,0.023954965,South Dakota,Numbers may differ from published reports using final data. See Technical Notes.,**,84
SD,2020,April,12 month-ending,Number of Drug Overdose Deaths,95,100,0.035570311,South Dakota,Numbers may differ from published reports using final data. See Technical Notes.,**,95
SD,2020,August,12 month-ending,Number of Drug Overdose Deaths,84,100,0.023266636,South Dakota,Numbers may differ from published reports using final data. See Technical Notes.,**,84
SD,2020,December,12 month-ending,Number of Drug Overdose Deaths,74,100,0.009875568,South Dakota,Numbers may differ from published reports using final data. See Technical Notes.,**,74
SD,2020,February,12 month-ending,Number of Drug Overdose Deaths,87,100,0.035620993,South Dakota,Numbers may differ from published reports using final data. See Technical Notes.,**,87
SD,2020,January,12 month-ending,Number of Drug Overdose Deaths,88,100,0.035782443,South Dakota,Numbers may differ from published reports using final data. See Technical Notes.,**,88
SD,2020,July,12 month-ending,Number of Drug Overdose Deaths,91,100,0.02342469,South Dakota,Numbers may differ from published reports using final data. See Technical Notes.,**,91
SD,2020,June,12 month-ending,Number of Drug Overdose Deaths,91,100,0.035507161,South Dakota,Numbers may differ from published reports using final data. See Technical Notes.,**,91
SD,2020,March,12 month-ending,Number of Drug Overdose Deaths,92,100,0.035498758,South Dakota,Numbers may differ from published reports using final data. See Technical Notes.,**,92
SD,2020,May,12 month-ending,Number of Drug Overdose Deaths,91,100,0.035561878,South Dakota,Numbers may differ from published reports using final data. See Technical Notes.,**,91
SD,2020,November,12 month-ending,Number of Drug Overdose Deaths,70,100,0.010267995,South Dakota,Numbers may differ from published reports using final data. See Technical Notes.,**,70
SD,2020,October,12 month-ending,Number of Drug Overdose Deaths,75,100,0.02219017,South Dakota,Numbers may differ from published reports using final data. See Technical Notes.,**,75
SD,2020,September,12 month-ending,Number of Drug Overdose Deaths,80,100,0.022946306,South Dakota,Numbers may differ from published reports using final data. See Technical Notes.,**,80
SD,2021,April,12 month-ending,Number of Drug Overdose Deaths,78,100,0.00971251,South Dakota,Numbers may differ from published reports using final data. See Technical Notes.,**,78
SD,2021,August,12 month-ending,Number of Drug Overdose Deaths,86,100,0.029382958,South Dakota,Numbers may differ from published reports using final data. See Technical Notes.,**,86
SD,2021,December,12 month-ending,Number of Drug Overdose Deaths,101,100,0.053151908,South Dakota,Numbers may differ from published reports using final data. See Technical Notes.,**,102
SD,2021,February,12 month-ending,Number of Drug Overdose Deaths,81,100,0.009688984,South Dakota,Numbers may differ from published reports using final data. See Technical Notes.,**,81
SD,2021,January,12 month-ending,Number of Drug Overdose Deaths,76,100,0.009706853,South Dakota,Numbers may differ from published reports using final data. See Technical Notes.,**,76
SD,2021,July,12 month-ending,Number of Drug Overdose Deaths,80,100,0.019519813,South Dakota,Numbers may differ from published reports using final data. See Technical Notes.,**,80
SD,2021,June,12 month-ending,Number of Drug Overdose Deaths,74,100,0.00973236,South Dakota,Numbers may differ from published reports using final data. See Technical Notes.,**,74
SD,2021,March,12 month-ending,Number of Drug Overdose Deaths,77,100,0.00969838,South Dakota,Numbers may differ from published reports using final data. See Technical Notes.,**,77
SD,2021,May,12 month-ending,Number of Drug Overdose Deaths,75,100,0.009733307,South Dakota,Numbers may differ from published reports using final data. See Technical Notes.,**,75
SD,2021,November,12 month-ending,Number of Drug Overdose Deaths,103,100,0.041884817,South Dakota,Numbers may differ from published reports using final data. See Technical Notes.,**,104
SD,2021,October,12 month-ending,Number of Drug Overdose Deaths,96,100,0.03960396,South Dakota,Numbers may differ from published reports using final data. See Technical Notes.,**,97
SD,2021,September,12 month-ending,Number of Drug Overdose Deaths,88,100,0.029254022,South Dakota,Numbers may differ from published reports using final data. See Technical Notes.,**,88
SD,2022,April,12 month-ending,Number of Drug Overdose Deaths,97,100,0.051851084,South Dakota,Numbers may differ from published reports using final data. See Technical Notes.,**,98
SD,2022,August,12 month-ending,Number of Drug Overdose Deaths,91,100,0.041485169,South Dakota,Numbers may differ from published reports using final data. See Technical Notes.,**,92
SD,2022,December,12 month-ending,Number of Drug Overdose Deaths,84,100,0.021822149,South Dakota,Numbers may differ from published reports using final data. See Technical Notes.,**,84
SD,2022,February,12 month-ending,Number of Drug Overdose Deaths,96,100,0.052056221,South Dakota,Numbers may differ from published reports using final data. See Technical Notes.,**,97
SD,2022,January,12 month-ending,Number of Drug Overdose Deaths,103,100,0.052664841,South Dakota,Numbers may differ from published reports using final data. See Technical Notes.,**,104
SD,2022,July,12 month-ending,Number of Drug Overdose Deaths,94,100,0.051631557,South Dakota,Numbers may differ from published reports using final data. See Technical Notes.,**,95
SD,2022,June,12 month-ending,Number of Drug Overdose Deaths,97,100,0.062396007,South Dakota,Numbers may differ from published reports using final data. See Technical Notes.,**,98
SD,2022,March,12 month-ending,Number of Drug Overdose Deaths,99,100,0.052050802,South Dakota,Numbers may differ from published reports using final data. See Technical Notes.,**,100
SD,2022,May,12 month-ending,Number of Drug Overdose Deaths,101,100,0.051834957,South Dakota,Numbers may differ from published reports using final data. See Technical Notes.,**,102
SD,2022,November,12 month-ending,Number of Drug Overdose Deaths,84,100,0.021572646,South Dakota,Numbers may differ from published reports using final data. See Technical Notes.,**,84
SD,2022,October,12 month-ending,Number of Drug Overdose Deaths,89,100,0.021215657,South Dakota,Numbers may differ from published reports using final data. See Technical Notes.,**,89
SD,2022,September,12 month-ending,Number of Drug Overdose Deaths,96,100,0.031582272,South Dakota,Numbers may differ from published reports using final data. See Technical Notes.,**,96
SD,2023,April,12 month-ending,Number of Drug Overdose Deaths,85,100,0.022859755,South Dakota,Underreported due to incomplete data.,*,85
SD,2023,August,12 month-ending,Number of Drug Overdose Deaths,83,100,0.011419436,South Dakota,Underreported due to incomplete data.,*,83
SD,2023,February,12 month-ending,Number of Drug Overdose Deaths,87,100,0.02283105,South Dakota,Underreported due to incomplete data.,*,87
SD,2023,January,12 month-ending,Number of Drug Overdose Deaths,85,100,0.022381379,South Dakota,Underreported due to incomplete data.,*,85
SD,2023,July,12 month-ending,Number of Drug Overdose Deaths,88,100,0.011458691,South Dakota,Underreported due to incomplete data.,*,88
SD,2023,June,12 month-ending,Number of Drug Overdose Deaths,90,100,0.011393415,South Dakota,Underreported due to incomplete data.,*,90
SD,2023,March,12 month-ending,Number of Drug Overdose Deaths,88,100,0.022872827,South Dakota,Underreported due to incomplete data.,*,88
SD,2023,May,12 month-ending,Number of Drug Overdose Deaths,88,100,0.02279462,South Dakota,Underreported due to incomplete data.,*,89
SD,2023,October,12 month-ending,Number of Drug Overdose Deaths,84,100,0.034191931,South Dakota,Underreported due to incomplete data.,*,85
SD,2023,September,12 month-ending,Number of Drug Overdose Deaths,80,100,0.022802417,South Dakota,Underreported due to incomplete data.,*,80
TN,2015,April,12 month-ending,Number of Drug Overdose Deaths,1302,100,0.182602444,Tennessee,Numbers may differ from published reports using final data. See Technical Notes.,**,1325
TN,2015,August,12 month-ending,Number of Drug Overdose Deaths,1388,100,0.202146741,Tennessee,Numbers may differ from published reports using final data. See Technical Notes.,**,1416
TN,2015,December,12 month-ending,Number of Drug Overdose Deaths,1455,100,0.290445207,Tennessee,Numbers may differ from published reports using final data. See Technical Notes.,**,1501
TN,2015,February,12 month-ending,Number of Drug Overdose Deaths,1278,100,0.174954093,Tennessee,Numbers may differ from published reports using final data. See Technical Notes.,**,1300
TN,2015,January,12 month-ending,Number of Drug Overdose Deaths,1296,100,0.164377982,Tennessee,Numbers may differ from published reports using final data. See Technical Notes.,**,1316
TN,2015,July,12 month-ending,Number of Drug Overdose Deaths,1375,100,0.189753321,Tennessee,Numbers may differ from published reports using final data. See Technical Notes.,**,1401
TN,2015,June,12 month-ending,Number of Drug Overdose Deaths,1349,100,0.176187475,Tennessee,Numbers may differ from published reports using final data. See Technical Notes.,**,1372
TN,2015,March,12 month-ending,Number of Drug Overdose Deaths,1311,100,0.176828304,Tennessee,Numbers may differ from published reports using final data. See Technical Notes.,**,1334
TN,2015,May,12 month-ending,Number of Drug Overdose Deaths,1331,100,0.18244243,Tennessee,Numbers may differ from published reports using final data. See Technical Notes.,**,1355
TN,2015,November,12 month-ending,Number of Drug Overdose Deaths,1430,100,0.251985447,Tennessee,Numbers may differ from published reports using final data. See Technical Notes.,**,1468
TN,2015,October,12 month-ending,Number of Drug Overdose Deaths,1440,100,0.237936748,Tennessee,Numbers may differ from published reports using final data. See Technical Notes.,**,1476
TN,2015,September,12 month-ending,Number of Drug Overdose Deaths,1412,100,0.216062544,Tennessee,Numbers may differ from published reports using final data. See Technical Notes.,**,1443
TN,2016,April,12 month-ending,Number of Drug Overdose Deaths,1510,100,0.278031254,Tennessee,Numbers may differ from published reports using final data. See Technical Notes.,**,1555
TN,2016,August,12 month-ending,Number of Drug Overdose Deaths,1579,100,0.24181232,Tennessee,Numbers may differ from published reports using final data. See Technical Notes.,**,1619
TN,2016,December,12 month-ending,Number of Drug Overdose Deaths,1643,100,0.148239309,Tennessee,Numbers may differ from published reports using final data. See Technical Notes.,**,1665
TN,2016,February,12 month-ending,Number of Drug Overdose Deaths,1515,100,0.283887248,Tennessee,Numbers may differ from published reports using final data. See Technical Notes.,**,1561
TN,2016,January,12 month-ending,Number of Drug Overdose Deaths,1488,100,0.293995325,Tennessee,Numbers may differ from published reports using final data. See Technical Notes.,**,1535
TN,2016,July,12 month-ending,Number of Drug Overdose Deaths,1552,100,0.253897108,Tennessee,Numbers may differ from published reports using final data. See Technical Notes.,**,1594
TN,2016,June,12 month-ending,Number of Drug Overdose Deaths,1515,100,0.262821423,Tennessee,Numbers may differ from published reports using final data. See Technical Notes.,**,1557
TN,2016,March,12 month-ending,Number of Drug Overdose Deaths,1502,100,0.284871736,Tennessee,Numbers may differ from published reports using final data. See Technical Notes.,**,1548
TN,2016,May,12 month-ending,Number of Drug Overdose Deaths,1525,100,0.27062443,Tennessee,Numbers may differ from published reports using final data. See Technical Notes.,**,1569
TN,2016,November,12 month-ending,Number of Drug Overdose Deaths,1629,100,0.191506139,Tennessee,Numbers may differ from published reports using final data. See Technical Notes.,**,1660
TN,2016,October,12 month-ending,Number of Drug Overdose Deaths,1589,100,0.187382006,Tennessee,Numbers may differ from published reports using final data. See Technical Notes.,**,1618
TN,2016,September,12 month-ending,Number of Drug Overdose Deaths,1585,100,0.219174208,Tennessee,Numbers may differ from published reports using final data. See Technical Notes.,**,1621
TN,2017,April,12 month-ending,Number of Drug Overdose Deaths,1724,100,0.14760453,Tennessee,Numbers may differ from published reports using final data. See Technical Notes.,**,1747
TN,2017,August,12 month-ending,Number of Drug Overdose Deaths,1736,100,0.195162177,Tennessee,Numbers may differ from published reports using final data. See Technical Notes.,**,1770
TN,2017,December,12 month-ending,Number of Drug Overdose Deaths,1783,100,0.252395039,Tennessee,Numbers may differ from published reports using final data. See Technical Notes.,**,1830
TN,2017,February,12 month-ending,Number of Drug Overdose Deaths,1652,100,0.14877435,Tennessee,Numbers may differ from published reports using final data. See Technical Notes.,**,1675
TN,2017,January,12 month-ending,Number of Drug Overdose Deaths,1643,100,0.147560381,Tennessee,Numbers may differ from published reports using final data. See Technical Notes.,**,1665
TN,2017,July,12 month-ending,Number of Drug Overdose Deaths,1745,100,0.175816931,Tennessee,Numbers may differ from published reports using final data. See Technical Notes.,**,1775
TN,2017,June,12 month-ending,Number of Drug Overdose Deaths,1758,100,0.168127446,Tennessee,Numbers may differ from published reports using final data. See Technical Notes.,**,1786
TN,2017,March,12 month-ending,Number of Drug Overdose Deaths,1691,100,0.148025178,Tennessee,Numbers may differ from published reports using final data. See Technical Notes.,**,1714
TN,2017,May,12 month-ending,Number of Drug Overdose Deaths,1737,100,0.161241421,Tennessee,Numbers may differ from published reports using final data. See Technical Notes.,**,1763
TN,2017,November,12 month-ending,Number of Drug Overdose Deaths,1760,100,0.25208481,Tennessee,Numbers may differ from published reports using final data. See Technical Notes.,**,1807
TN,2017,October,12 month-ending,Number of Drug Overdose Deaths,1768,100,0.247457071,Tennessee,Numbers may differ from published reports using final data. See Technical Notes.,**,1814
TN,2017,September,12 month-ending,Number of Drug Overdose Deaths,1764,100,0.218851304,Tennessee,Numbers may differ from published reports using final data. See Technical Notes.,**,1803
TN,2018,April,12 month-ending,Number of Drug Overdose Deaths,1787,100,0.283499268,Tennessee,Numbers may differ from published reports using final data. See Technical Notes.,**,1841
TN,2018,August,12 month-ending,Number of Drug Overdose Deaths,1835,100,0.328196918,Tennessee,Numbers may differ from published reports using final data. See Technical Notes.,**,1901
TN,2018,December,12 month-ending,Number of Drug Overdose Deaths,1837,100,0.435537742,Tennessee,Numbers may differ from published reports using final data. See Technical Notes.,**,1929
TN,2018,February,12 month-ending,Number of Drug Overdose Deaths,1792,100,0.26331266,Tennessee,Numbers may differ from published reports using final data. See Technical Notes.,**,1842
TN,2018,January,12 month-ending,Number of Drug Overdose Deaths,1765,100,0.258862347,Tennessee,Numbers may differ from published reports using final data. See Technical Notes.,**,1813
TN,2018,July,12 month-ending,Number of Drug Overdose Deaths,1825,100,0.31562617,Tennessee,Numbers may differ from published reports using final data. See Technical Notes.,**,1888
TN,2018,June,12 month-ending,Number of Drug Overdose Deaths,1810,100,0.294625758,Tennessee,Numbers may differ from published reports using final data. See Technical Notes.,**,1868
TN,2018,March,12 month-ending,Number of Drug Overdose Deaths,1786,100,0.275215809,Tennessee,Numbers may differ from published reports using final data. See Technical Notes.,**,1839
TN,2018,May,12 month-ending,Number of Drug Overdose Deaths,1802,100,0.288377708,Tennessee,Numbers may differ from published reports using final data. See Technical Notes.,**,1858
TN,2018,November,12 month-ending,Number of Drug Overdose Deaths,1851,100,0.3918746,Tennessee,Numbers may differ from published reports using final data. See Technical Notes.,**,1933
TN,2018,October,12 month-ending,Number of Drug Overdose Deaths,1837,100,0.368762108,Tennessee,Numbers may differ from published reports using final data. See Technical Notes.,**,1913
TN,2018,September,12 month-ending,Number of Drug Overdose Deaths,1831,100,0.355420157,Tennessee,Numbers may differ from published reports using final data. See Technical Notes.,**,1904
TN,2019,April,12 month-ending,Number of Drug Overdose Deaths,1903,100,0.419360475,Tennessee,Numbers may differ from published reports using final data. See Technical Notes.,**,1994
TN,2019,August,12 month-ending,Number of Drug Overdose Deaths,1999,100,0.326440335,Tennessee,Numbers may differ from published reports using final data. See Technical Notes.,**,2071
TN,2019,December,12 month-ending,Number of Drug Overdose Deaths,2138,100,0.158388659,Tennessee,Numbers may differ from published reports using final data. See Technical Notes.,**,2170
TN,2019,February,12 month-ending,Number of Drug Overdose Deaths,1861,100,0.440427147,Tennessee,Numbers may differ from published reports using final data. See Technical Notes.,**,1956
TN,2019,January,12 month-ending,Number of Drug Overdose Deaths,1881,100,0.437195452,Tennessee,Numbers may differ from published reports using final data. See Technical Notes.,**,1976
TN,2019,July,12 month-ending,Number of Drug Overdose Deaths,1986,100,0.358977781,Tennessee,Numbers may differ from published reports using final data. See Technical Notes.,**,2066
TN,2019,June,12 month-ending,Number of Drug Overdose Deaths,1965,100,0.388,Tennessee,Numbers may differ from published reports using final data. See Technical Notes.,**,2051
TN,2019,March,12 month-ending,Number of Drug Overdose Deaths,1881,100,0.435229239,Tennessee,Numbers may differ from published reports using final data. See Technical Notes.,**,1975
TN,2019,May,12 month-ending,Number of Drug Overdose Deaths,1920,100,0.398635543,Tennessee,Numbers may differ from published reports using final data. See Technical Notes.,**,2007
TN,2019,November,12 month-ending,Number of Drug Overdose Deaths,2116,100,0.218569101,Tennessee,Numbers may differ from published reports using final data. See Technical Notes.,**,2163
TN,2019,October,12 month-ending,Number of Drug Overdose Deaths,2081,100,0.253120941,Tennessee,Numbers may differ from published reports using final data. See Technical Notes.,**,2136
TN,2019,September,12 month-ending,Number of Drug Overdose Deaths,2033,100,0.280514232,Tennessee,Numbers may differ from published reports using final data. See Technical Notes.,**,2094
TN,2020,April,12 month-ending,Number of Drug Overdose Deaths,2354,100,0.139044104,Tennessee,Numbers may differ from published reports using final data. See Technical Notes.,**,2383
TN,2020,August,12 month-ending,Number of Drug Overdose Deaths,2827,100,0.155379873,Tennessee,Numbers may differ from published reports using final data. See Technical Notes.,**,2868
TN,2020,December,12 month-ending,Number of Drug Overdose Deaths,3090,100,0.15723804,Tennessee,Numbers may differ from published reports using final data. See Technical Notes.,**,3135
TN,2020,February,12 month-ending,Number of Drug Overdose Deaths,2202,100,0.147863181,Tennessee,Numbers may differ from published reports using final data. See Technical Notes.,**,2232
TN,2020,January,12 month-ending,Number of Drug Overdose Deaths,2161,100,0.150720839,Tennessee,Numbers may differ from published reports using final data. See Technical Notes.,**,2191
TN,2020,July,12 month-ending,Number of Drug Overdose Deaths,2728,100,0.146668353,Tennessee,Numbers may differ from published reports using final data. See Technical Notes.,**,2764
TN,2020,June,12 month-ending,Number of Drug Overdose Deaths,2634,100,0.142743242,Tennessee,Numbers may differ from published reports using final data. See Technical Notes.,**,2668
TN,2020,March,12 month-ending,Number of Drug Overdose Deaths,2274,100,0.137900529,Tennessee,Numbers may differ from published reports using final data. See Technical Notes.,**,2302
TN,2020,May,12 month-ending,Number of Drug Overdose Deaths,2520,100,0.138459349,Tennessee,Numbers may differ from published reports using final data. See Technical Notes.,**,2551
TN,2020,November,12 month-ending,Number of Drug Overdose Deaths,3025,100,0.149956653,Tennessee,Numbers may differ from published reports using final data. See Technical Notes.,**,3066
TN,2020,October,12 month-ending,Number of Drug Overdose Deaths,2975,100,0.155892123,Tennessee,Numbers may differ from published reports using final data. See Technical Notes.,**,3018
TN,2020,September,12 month-ending,Number of Drug Overdose Deaths,2891,100,0.167582048,Tennessee,Numbers may differ from published reports using final data. See Technical Notes.,**,2937
TN,2021,April,12 month-ending,Number of Drug Overdose Deaths,3512,100,0.159050853,Tennessee,Numbers may differ from published reports using final data. See Technical Notes.,**,3564
TN,2021,August,12 month-ending,Number of Drug Overdose Deaths,3603,100,0.161370803,Tennessee,Numbers may differ from published reports using final data. See Technical Notes.,**,3657
TN,2021,December,12 month-ending,Number of Drug Overdose Deaths,3861,100,0.153379067,Tennessee,Numbers may differ from published reports using final data. See Technical Notes.,**,3915
TN,2021,February,12 month-ending,Number of Drug Overdose Deaths,3323,100,0.144062564,Tennessee,Numbers may differ from published reports using final data. See Technical Notes.,**,3366
TN,2021,January,12 month-ending,Number of Drug Overdose Deaths,3215,100,0.152150355,Tennessee,Numbers may differ from published reports using final data. See Technical Notes.,**,3260
TN,2021,July,12 month-ending,Number of Drug Overdose Deaths,3535,100,0.165543337,Tennessee,Numbers may differ from published reports using final data. See Technical Notes.,**,3590
TN,2021,June,12 month-ending,Number of Drug Overdose Deaths,3508,100,0.163398693,Tennessee,Numbers may differ from published reports using final data. See Technical Notes.,**,3562
TN,2021,March,12 month-ending,Number of Drug Overdose Deaths,3415,100,0.150268646,Tennessee,Numbers may differ from published reports using final data. See Technical Notes.,**,3462
TN,2021,May,12 month-ending,Number of Drug Overdose Deaths,3485,100,0.164834577,Tennessee,Numbers may differ from published reports using final data. See Technical Notes.,**,3539
TN,2021,November,12 month-ending,Number of Drug Overdose Deaths,3814,100,0.151930133,Tennessee,Numbers may differ from published reports using final data. See Technical Notes.,**,3867
TN,2021,October,12 month-ending,Number of Drug Overdose Deaths,3749,100,0.154998974,Tennessee,Numbers may differ from published reports using final data. See Technical Notes.,**,3803
TN,2021,September,12 month-ending,Number of Drug Overdose Deaths,3688,100,0.152605638,Tennessee,Numbers may differ from published reports using final data. See Technical Notes.,**,3740
TN,2022,April,12 month-ending,Number of Drug Overdose Deaths,3819,100,0.129495802,Tennessee,Numbers may differ from published reports using final data. See Technical Notes.,**,3862
TN,2022,August,12 month-ending,Number of Drug Overdose Deaths,3739,100,0.104390805,Tennessee,Numbers may differ from published reports using final data. See Technical Notes.,**,3769
TN,2022,December,12 month-ending,Number of Drug Overdose Deaths,3862,100,0.108313025,Tennessee,Numbers may differ from published reports using final data. See Technical Notes.,**,3895
TN,2022,February,12 month-ending,Number of Drug Overdose Deaths,3842,100,0.148081716,Tennessee,Numbers may differ from published reports using final data. See Technical Notes.,**,3894
TN,2022,January,12 month-ending,Number of Drug Overdose Deaths,3806,100,0.148685556,Tennessee,Numbers may differ from published reports using final data. See Technical Notes.,**,3857
TN,2022,July,12 month-ending,Number of Drug Overdose Deaths,3784,100,0.109984497,Tennessee,Numbers may differ from published reports using final data. See Technical Notes.,**,3817
TN,2022,June,12 month-ending,Number of Drug Overdose Deaths,3753,100,0.118529396,Tennessee,Numbers may differ from published reports using final data. See Technical Notes.,**,3790
TN,2022,March,12 month-ending,Number of Drug Overdose Deaths,3864,100,0.137249805,Tennessee,Numbers may differ from published reports using final data. See Technical Notes.,**,3911
TN,2022,May,12 month-ending,Number of Drug Overdose Deaths,3785,100,0.121603489,Tennessee,Numbers may differ from published reports using final data. See Technical Notes.,**,3824
TN,2022,November,12 month-ending,Number of Drug Overdose Deaths,3784,100,0.1054876,Tennessee,Numbers may differ from published reports using final data. See Technical Notes.,**,3815
TN,2022,October,12 month-ending,Number of Drug Overdose Deaths,3752,100,0.099501375,Tennessee,Numbers may differ from published reports using final data. See Technical Notes.,**,3780
TN,2022,September,12 month-ending,Number of Drug Overdose Deaths,3750,100,0.100253388,Tennessee,Numbers may differ from published reports using final data. See Technical Notes.,**,3778
TN,2023,April,12 month-ending,Number of Drug Overdose Deaths,3871,100,0.146333404,Tennessee,Underreported due to incomplete data.,*,3925
TN,2023,August,12 month-ending,Number of Drug Overdose Deaths,3877,100,0.245135955,Tennessee,Underreported due to incomplete data.,*,3984
TN,2023,February,12 month-ending,Number of Drug Overdose Deaths,3871,100,0.126133135,Tennessee,Underreported due to incomplete data.,*,3905
TN,2023,January,12 month-ending,Number of Drug Overdose Deaths,3895,100,0.11778155,Tennessee,Underreported due to incomplete data.,*,3912
TN,2023,July,12 month-ending,Number of Drug Overdose Deaths,3845,100,0.200479252,Tennessee,Underreported due to incomplete data.,*,3929
TN,2023,June,12 month-ending,Number of Drug Overdose Deaths,3914,100,0.18197717,Tennessee,Underreported due to incomplete data.,*,3985
TN,2023,March,12 month-ending,Number of Drug Overdose Deaths,3861,100,0.137072093,Tennessee,Underreported due to incomplete data.,*,3913
TN,2023,May,12 month-ending,Number of Drug Overdose Deaths,3911,100,0.168590326,Tennessee,Underreported due to incomplete data.,*,3981
TN,2023,October,12 month-ending,Number of Drug Overdose Deaths,3772,100,0.367994074,Tennessee,Underreported due to incomplete data.,*,3933
TN,2023,September,12 month-ending,Number of Drug Overdose Deaths,3847,100,0.2834852,Tennessee,Underreported due to incomplete data.,*,3967
TX,2015,April,12 month-ending,Number of Drug Overdose Deaths,2533,100,0.178251239,Texas,Numbers may differ from published reports using final data. See Technical Notes.,**,2577
TX,2015,August,12 month-ending,Number of Drug Overdose Deaths,2590,100,0.173749291,Texas,Numbers may differ from published reports using final data. See Technical Notes.,**,2633
TX,2015,December,12 month-ending,Number of Drug Overdose Deaths,2579,100,0.177733431,Texas,Numbers may differ from published reports using final data. See Technical Notes.,**,2623
TX,2015,February,12 month-ending,Number of Drug Overdose Deaths,2520,100,0.185013876,Texas,Numbers may differ from published reports using final data. See Technical Notes.,**,2565
TX,2015,January,12 month-ending,Number of Drug Overdose Deaths,2577,100,0.183968603,Texas,Numbers may differ from published reports using final data. See Technical Notes.,**,2623
TX,2015,July,12 month-ending,Number of Drug Overdose Deaths,2564,100,0.173163786,Texas,Numbers may differ from published reports using final data. See Technical Notes.,**,2607
TX,2015,June,12 month-ending,Number of Drug Overdose Deaths,2517,100,0.171903252,Texas,Numbers may differ from published reports using final data. See Technical Notes.,**,2558
TX,2015,March,12 month-ending,Number of Drug Overdose Deaths,2544,100,0.181538152,Texas,Numbers may differ from published reports using final data. See Technical Notes.,**,2589
TX,2015,May,12 month-ending,Number of Drug Overdose Deaths,2539,100,0.17702741,Texas,Numbers may differ from published reports using final data. See Technical Notes.,**,2582
TX,2015,November,12 month-ending,Number of Drug Overdose Deaths,2591,100,0.171290649,Texas,Numbers may differ from published reports using final data. See Technical Notes.,**,2633
TX,2015,October,12 month-ending,Number of Drug Overdose Deaths,2625,100,0.174192545,Texas,Numbers may differ from published reports using final data. See Technical Notes.,**,2669
TX,2015,September,12 month-ending,Number of Drug Overdose Deaths,2615,100,0.177129975,Texas,Numbers may differ from published reports using final data. See Technical Notes.,**,2660
TX,2016,April,12 month-ending,Number of Drug Overdose Deaths,2685,100,0.175170726,Texas,Numbers may differ from published reports using final data. See Technical Notes.,**,2730
TX,2016,August,12 month-ending,Number of Drug Overdose Deaths,2741,100,0.177923021,Texas,Numbers may differ from published reports using final data. See Technical Notes.,**,2788
TX,2016,December,12 month-ending,Number of Drug Overdose Deaths,2812,100,0.173473001,Texas,Numbers may differ from published reports using final data. See Technical Notes.,**,2859
TX,2016,February,12 month-ending,Number of Drug Overdose Deaths,2645,100,0.167950274,Texas,Numbers may differ from published reports using final data. See Technical Notes.,**,2687
TX,2016,January,12 month-ending,Number of Drug Overdose Deaths,2593,100,0.167940213,Texas,Numbers may differ from published reports using final data. See Technical Notes.,**,2634
TX,2016,July,12 month-ending,Number of Drug Overdose Deaths,2731,100,0.173234491,Texas,Numbers may differ from published reports using final data. See Technical Notes.,**,2776
TX,2016,June,12 month-ending,Number of Drug Overdose Deaths,2724,100,0.180849733,Texas,Numbers may differ from published reports using final data. See Technical Notes.,**,2772
TX,2016,March,12 month-ending,Number of Drug Overdose Deaths,2645,100,0.165515218,Texas,Numbers may differ from published reports using final data. See Technical Notes.,**,2686
TX,2016,May,12 month-ending,Number of Drug Overdose Deaths,2697,100,0.17716412,Texas,Numbers may differ from published reports using final data. See Technical Notes.,**,2743
TX,2016,November,12 month-ending,Number of Drug Overdose Deaths,2773,100,0.173351234,Texas,Numbers may differ from published reports using final data. See Technical Notes.,**,2819
TX,2016,October,12 month-ending,Number of Drug Overdose Deaths,2749,100,0.17787998,Texas,Numbers may differ from published reports using final data. See Technical Notes.,**,2796
TX,2016,September,12 month-ending,Number of Drug Overdose Deaths,2762,100,0.177346218,Texas,Numbers may differ from published reports using final data. See Technical Notes.,**,2809
TX,2017,April,12 month-ending,Number of Drug Overdose Deaths,2797,100,0.148396605,Texas,Numbers may differ from published reports using final data. See Technical Notes.,**,2835
TX,2017,August,12 month-ending,Number of Drug Overdose Deaths,2855,100,0.118640802,Texas,Numbers may differ from published reports using final data. See Technical Notes.,**,2883
TX,2017,December,12 month-ending,Number of Drug Overdose Deaths,2950,100,0.070706568,Texas,Numbers may differ from published reports using final data. See Technical Notes.,**,2962
TX,2017,February,12 month-ending,Number of Drug Overdose Deaths,2813,100,0.157653866,Texas,Numbers may differ from published reports using final data. See Technical Notes.,**,2854
TX,2017,January,12 month-ending,Number of Drug Overdose Deaths,2810,100,0.167569224,Texas,Numbers may differ from published reports using final data. See Technical Notes.,**,2855
TX,2017,July,12 month-ending,Number of Drug Overdose Deaths,2878,100,0.129386455,Texas,Numbers may differ from published reports using final data. See Technical Notes.,**,2910
TX,2017,June,12 month-ending,Number of Drug Overdose Deaths,2840,100,0.131397378,Texas,Numbers may differ from published reports using final data. See Technical Notes.,**,2872
TX,2017,March,12 month-ending,Number of Drug Overdose Deaths,2814,100,0.156609108,Texas,Numbers may differ from published reports using final data. See Technical Notes.,**,2855
TX,2017,May,12 month-ending,Number of Drug Overdose Deaths,2830,100,0.141553948,Texas,Numbers may differ from published reports using final data. See Technical Notes.,**,2866
TX,2017,November,12 month-ending,Number of Drug Overdose Deaths,2928,100,0.091831051,Texas,Numbers may differ from published reports using final data. See Technical Notes.,**,2947
TX,2017,October,12 month-ending,Number of Drug Overdose Deaths,2879,100,0.103264675,Texas,Numbers may differ from published reports using final data. See Technical Notes.,**,2902
TX,2017,September,12 month-ending,Number of Drug Overdose Deaths,2868,100,0.109289065,Texas,Numbers may differ from published reports using final data. See Technical Notes.,**,2893
TX,2018,April,12 month-ending,Number of Drug Overdose Deaths,2989,100,0.109163389,Texas,Numbers may differ from published reports using final data. See Technical Notes.,**,3015
TX,2018,August,12 month-ending,Number of Drug Overdose Deaths,3027,100,0.148052503,Texas,Numbers may differ from published reports using final data. See Technical Notes.,**,3068
TX,2018,December,12 month-ending,Number of Drug Overdose Deaths,2971,100,0.207325164,Texas,Numbers may differ from published reports using final data. See Technical Notes.,**,3033
TX,2018,February,12 month-ending,Number of Drug Overdose Deaths,2987,100,0.086270763,Texas,Numbers may differ from published reports using final data. See Technical Notes.,**,3005
TX,2018,January,12 month-ending,Number of Drug Overdose Deaths,2969,100,0.075796845,Texas,Numbers may differ from published reports using final data. See Technical Notes.,**,2983
TX,2018,July,12 month-ending,Number of Drug Overdose Deaths,2975,100,0.140523194,Texas,Numbers may differ from published reports using final data. See Technical Notes.,**,3012
TX,2018,June,12 month-ending,Number of Drug Overdose Deaths,2997,100,0.136322695,Texas,Numbers may differ from published reports using final data. See Technical Notes.,**,3033
TX,2018,March,12 month-ending,Number of Drug Overdose Deaths,2977,100,0.09805452,Texas,Numbers may differ from published reports using final data. See Technical Notes.,**,2999
TX,2018,May,12 month-ending,Number of Drug Overdose Deaths,2960,100,0.121864428,Texas,Numbers may differ from published reports using final data. See Technical Notes.,**,2990
TX,2018,November,12 month-ending,Number of Drug Overdose Deaths,3011,100,0.190512293,Texas,Numbers may differ from published reports using final data. See Technical Notes.,**,3067
TX,2018,October,12 month-ending,Number of Drug Overdose Deaths,3036,100,0.168324779,Texas,Numbers may differ from published reports using final data. See Technical Notes.,**,3084
TX,2018,September,12 month-ending,Number of Drug Overdose Deaths,3035,100,0.158811873,Texas,Numbers may differ from published reports using final data. See Technical Notes.,**,3080
TX,2019,April,12 month-ending,Number of Drug Overdose Deaths,2961,100,0.206128492,Texas,Numbers may differ from published reports using final data. See Technical Notes.,**,3022
TX,2019,August,12 month-ending,Number of Drug Overdose Deaths,2978,100,0.199545996,Texas,Numbers may differ from published reports using final data. See Technical Notes.,**,3037
TX,2019,December,12 month-ending,Number of Drug Overdose Deaths,3123,100,0.178733174,Texas,Numbers may differ from published reports using final data. See Technical Notes.,**,3177
TX,2019,February,12 month-ending,Number of Drug Overdose Deaths,2912,100,0.217796673,Texas,Numbers may differ from published reports using final data. See Technical Notes.,**,2976
TX,2019,January,12 month-ending,Number of Drug Overdose Deaths,2968,100,0.211537985,Texas,Numbers may differ from published reports using final data. See Technical Notes.,**,3031
TX,2019,July,12 month-ending,Number of Drug Overdose Deaths,2957,100,0.197837047,Texas,Numbers may differ from published reports using final data. See Technical Notes.,**,3015
TX,2019,June,12 month-ending,Number of Drug Overdose Deaths,2952,100,0.196421099,Texas,Numbers may differ from published reports using final data. See Technical Notes.,**,3009
TX,2019,March,12 month-ending,Number of Drug Overdose Deaths,2954,100,0.215505497,Texas,Numbers may differ from published reports using final data. See Technical Notes.,**,3018
TX,2019,May,12 month-ending,Number of Drug Overdose Deaths,2979,100,0.203781554,Texas,Numbers may differ from published reports using final data. See Technical Notes.,**,3040
TX,2019,November,12 month-ending,Number of Drug Overdose Deaths,3050,100,0.185086228,Texas,Numbers may differ from published reports using final data. See Technical Notes.,**,3105
TX,2019,October,12 month-ending,Number of Drug Overdose Deaths,3005,100,0.199844998,Texas,Numbers may differ from published reports using final data. See Technical Notes.,**,3065
TX,2019,September,12 month-ending,Number of Drug Overdose Deaths,2956,100,0.203056117,Texas,Numbers may differ from published reports using final data. See Technical Notes.,**,3016
TX,2020,April,12 month-ending,Number of Drug Overdose Deaths,3386,100,0.153799271,Texas,Numbers may differ from published reports using final data. See Technical Notes.,**,3434
TX,2020,August,12 month-ending,Number of Drug Overdose Deaths,3888,100,0.135816256,Texas,Numbers may differ from published reports using final data. See Technical Notes.,**,3934
TX,2020,December,12 month-ending,Number of Drug Overdose Deaths,4154,100,0.130468544,Texas,Numbers may differ from published reports using final data. See Technical Notes.,**,4201
TX,2020,February,12 month-ending,Number of Drug Overdose Deaths,3258,100,0.16690235,Texas,Numbers may differ from published reports using final data. See Technical Notes.,**,3309
TX,2020,January,12 month-ending,Number of Drug Overdose Deaths,3186,100,0.176482818,Texas,Numbers may differ from published reports using final data. See Technical Notes.,**,3240
TX,2020,July,12 month-ending,Number of Drug Overdose Deaths,3744,100,0.14290675,Texas,Numbers may differ from published reports using final data. See Technical Notes.,**,3792
TX,2020,June,12 month-ending,Number of Drug Overdose Deaths,3613,100,0.148494342,Texas,Numbers may differ from published reports using final data. See Technical Notes.,**,3662
TX,2020,March,12 month-ending,Number of Drug Overdose Deaths,3291,100,0.156567427,Texas,Numbers may differ from published reports using final data. See Technical Notes.,**,3339
TX,2020,May,12 month-ending,Number of Drug Overdose Deaths,3497,100,0.147669372,Texas,Numbers may differ from published reports using final data. See Technical Notes.,**,3544
TX,2020,November,12 month-ending,Number of Drug Overdose Deaths,4065,100,0.134421195,Texas,Numbers may differ from published reports using final data. See Technical Notes.,**,4113
TX,2020,October,12 month-ending,Number of Drug Overdose Deaths,4015,100,0.13141372,Texas,Numbers may differ from published reports using final data. See Technical Notes.,**,4061
TX,2020,September,12 month-ending,Number of Drug Overdose Deaths,3985,100,0.129752834,Texas,Numbers may differ from published reports using final data. See Technical Notes.,**,4029
TX,2021,April,12 month-ending,Number of Drug Overdose Deaths,4621,100,0.146266387,Texas,Numbers may differ from published reports using final data. See Technical Notes.,**,4682
TX,2021,August,12 month-ending,Number of Drug Overdose Deaths,4739,100,0.218000163,Texas,Numbers may differ from published reports using final data. See Technical Notes.,**,4844
TX,2021,December,12 month-ending,Number of Drug Overdose Deaths,4912,100,0.262974708,Texas,Numbers may differ from published reports using final data. See Technical Notes.,**,5048
TX,2021,February,12 month-ending,Number of Drug Overdose Deaths,4356,100,0.131363011,Texas,Numbers may differ from published reports using final data. See Technical Notes.,**,4405
TX,2021,January,12 month-ending,Number of Drug Overdose Deaths,4254,100,0.128518234,Texas,Numbers may differ from published reports using final data. See Technical Notes.,**,4301
TX,2021,July,12 month-ending,Number of Drug Overdose Deaths,4758,100,0.201141919,Texas,Numbers may differ from published reports using final data. See Technical Notes.,**,4853
TX,2021,June,12 month-ending,Number of Drug Overdose Deaths,4742,100,0.187894633,Texas,Numbers may differ from published reports using final data. See Technical Notes.,**,4829
TX,2021,March,12 month-ending,Number of Drug Overdose Deaths,4532,100,0.135642167,Texas,Numbers may differ from published reports using final data. See Technical Notes.,**,4586
TX,2021,May,12 month-ending,Number of Drug Overdose Deaths,4675,100,0.161622472,Texas,Numbers may differ from published reports using final data. See Technical Notes.,**,4745
TX,2021,November,12 month-ending,Number of Drug Overdose Deaths,4916,100,0.241966356,Texas,Numbers may differ from published reports using final data. See Technical Notes.,**,5039
TX,2021,October,12 month-ending,Number of Drug Overdose Deaths,4864,100,0.230446853,Texas,Numbers may differ from published reports using final data. See Technical Notes.,**,4979
TX,2021,September,12 month-ending,Number of Drug Overdose Deaths,4825,100,0.22264265,Texas,Numbers may differ from published reports using final data. See Technical Notes.,**,4934
TX,2022,April,12 month-ending,Number of Drug Overdose Deaths,4956,100,0.26749922,Texas,Numbers may differ from published reports using final data. See Technical Notes.,**,5096
TX,2022,August,12 month-ending,Number of Drug Overdose Deaths,5176,100,0.310803915,Texas,Numbers may differ from published reports using final data. See Technical Notes.,**,5351
TX,2022,December,12 month-ending,Number of Drug Overdose Deaths,5457,100,0.299847632,Texas,Numbers may differ from published reports using final data. See Technical Notes.,**,5634
TX,2022,February,12 month-ending,Number of Drug Overdose Deaths,4990,100,0.268556147,Texas,Numbers may differ from published reports using final data. See Technical Notes.,**,5132
TX,2022,January,12 month-ending,Number of Drug Overdose Deaths,4911,100,0.2675767,Texas,Numbers may differ from published reports using final data. See Technical Notes.,**,5050
TX,2022,July,12 month-ending,Number of Drug Overdose Deaths,5122,100,0.283044079,Texas,Numbers may differ from published reports using final data. See Technical Notes.,**,5277
TX,2022,June,12 month-ending,Number of Drug Overdose Deaths,5030,100,0.253574725,Texas,Numbers may differ from published reports using final data. See Technical Notes.,**,5163
TX,2022,March,12 month-ending,Number of Drug Overdose Deaths,4963,100,0.273292577,Texas,Numbers may differ from published reports using final data. See Technical Notes.,**,5107
TX,2022,May,12 month-ending,Number of Drug Overdose Deaths,4985,100,0.266792275,Texas,Numbers may differ from published reports using final data. See Technical Notes.,**,5126
TX,2022,November,12 month-ending,Number of Drug Overdose Deaths,5335,100,0.315288858,Texas,Numbers may differ from published reports using final data. See Technical Notes.,**,5518
TX,2022,October,12 month-ending,Number of Drug Overdose Deaths,5321,100,0.317697627,Texas,Numbers may differ from published reports using final data. See Technical Notes.,**,5506
TX,2022,September,12 month-ending,Number of Drug Overdose Deaths,5234,100,0.322496749,Texas,Numbers may differ from published reports using final data. See Technical Notes.,**,5419
TX,2023,April,12 month-ending,Number of Drug Overdose Deaths,5525,100,0.384224254,Texas,Underreported due to incomplete data.,*,5767
TX,2023,August,12 month-ending,Number of Drug Overdose Deaths,5662,100,0.345335411,Texas,Underreported due to incomplete data.,*,5891
TX,2023,February,12 month-ending,Number of Drug Overdose Deaths,5457,100,0.372713619,Texas,Underreported due to incomplete data.,*,5672
TX,2023,January,12 month-ending,Number of Drug Overdose Deaths,5496,100,0.335260454,Texas,Underreported due to incomplete data.,*,5667
TX,2023,July,12 month-ending,Number of Drug Overdose Deaths,5569,100,0.349031958,Texas,Underreported due to incomplete data.,*,5794
TX,2023,June,12 month-ending,Number of Drug Overdose Deaths,5560,100,0.376727729,Texas,Underreported due to incomplete data.,*,5797
TX,2023,March,12 month-ending,Number of Drug Overdose Deaths,5492,100,0.386696284,Texas,Underreported due to incomplete data.,*,5737
TX,2023,May,12 month-ending,Number of Drug Overdose Deaths,5545,100,0.377792588,Texas,Underreported due to incomplete data.,*,5790
TX,2023,October,12 month-ending,Number of Drug Overdose Deaths,5543,100,0.450801092,Texas,Underreported due to incomplete data.,*,5839
TX,2023,September,12 month-ending,Number of Drug Overdose Deaths,5591,100,0.384227873,Texas,Underreported due to incomplete data.,*,5837
US,2015,April,12 month-ending,Number of Drug Overdose Deaths,48748,100,0.146454116,United States,Numbers may differ from published reports using final data. See Technical Notes.,**,49387
US,2015,August,12 month-ending,Number of Drug Overdose Deaths,50834,100,0.148719884,United States,Numbers may differ from published reports using final data. See Technical Notes.,**,51514
US,2015,December,12 month-ending,Number of Drug Overdose Deaths,52623,100,0.153226513,United States,Numbers may differ from published reports using final data. See Technical Notes.,**,53356
US,2015,February,12 month-ending,Number of Drug Overdose Deaths,47725,100,0.146002799,United States,Numbers may differ from published reports using final data. See Technical Notes.,**,48348
US,2015,January,12 month-ending,Number of Drug Overdose Deaths,47523,100,0.143178356,United States,Numbers may differ from published reports using final data. See Technical Notes.,**,48126
US,2015,July,12 month-ending,Number of Drug Overdose Deaths,50301,100,0.147934447,United States,Numbers may differ from published reports using final data. See Technical Notes.,**,50969
US,2015,June,12 month-ending,Number of Drug Overdose Deaths,49691,100,0.147394042,United States,Numbers may differ from published reports using final data. See Technical Notes.,**,50348
US,2015,March,12 month-ending,Number of Drug Overdose Deaths,48198,100,0.14500079,United States,Numbers may differ from published reports using final data. See Technical Notes.,**,48821
US,2015,May,12 month-ending,Number of Drug Overdose Deaths,49293,100,0.146196609,United States,Numbers may differ from published reports using final data. See Technical Notes.,**,49937
US,2015,November,12 month-ending,Number of Drug Overdose Deaths,52386,100,0.152393368,United States,Numbers may differ from published reports using final data. See Technical Notes.,**,53110
US,2015,October,12 month-ending,Number of Drug Overdose Deaths,52114,100,0.152932146,United States,Numbers may differ from published reports using final data. See Technical Notes.,**,52838
US,2015,September,12 month-ending,Number of Drug Overdose Deaths,51575,100,0.150740136,United States,Numbers may differ from published reports using final data. See Technical Notes.,**,52278
US,2016,April,12 month-ending,Number of Drug Overdose Deaths,55763,100,0.149963599,United States,Numbers may differ from published reports using final data. See Technical Notes.,**,56517
US,2016,August,12 month-ending,Number of Drug Overdose Deaths,59417,100,0.161393319,United States,Numbers may differ from published reports using final data. See Technical Notes.,**,60304
US,2016,December,12 month-ending,Number of Drug Overdose Deaths,63938,100,0.166299133,United States,Numbers may differ from published reports using final data. See Technical Notes.,**,64932
US,2016,February,12 month-ending,Number of Drug Overdose Deaths,53834,100,0.147576645,United States,Numbers may differ from published reports using final data. See Technical Notes.,**,54547
US,2016,January,12 month-ending,Number of Drug Overdose Deaths,52902,100,0.150668764,United States,Numbers may differ from published reports using final data. See Technical Notes.,**,53622
US,2016,July,12 month-ending,Number of Drug Overdose Deaths,58525,100,0.157625861,United States,Numbers may differ from published reports using final data. See Technical Notes.,**,59372
US,2016,June,12 month-ending,Number of Drug Overdose Deaths,57428,100,0.154681725,United States,Numbers may differ from published reports using final data. See Technical Notes.,**,58238
US,2016,March,12 month-ending,Number of Drug Overdose Deaths,54781,100,0.148564499,United States,Numbers may differ from published reports using final data. See Technical Notes.,**,55513
US,2016,May,12 month-ending,Number of Drug Overdose Deaths,56465,100,0.153273379,United States,Numbers may differ from published reports using final data. See Technical Notes.,**,57252
US,2016,November,12 month-ending,Number of Drug Overdose Deaths,62340,100,0.165850094,United States,Numbers may differ from published reports using final data. See Technical Notes.,**,63305
US,2016,October,12 month-ending,Number of Drug Overdose Deaths,61062,100,0.165318715,United States,Numbers may differ from published reports using final data. See Technical Notes.,**,62004
US,2016,September,12 month-ending,Number of Drug Overdose Deaths,60147,100,0.163075371,United States,Numbers may differ from published reports using final data. See Technical Notes.,**,61058
US,2017,April,12 month-ending,Number of Drug Overdose Deaths,67493,100,0.160658185,United States,Numbers may differ from published reports using final data. See Technical Notes.,**,68495
US,2017,August,12 month-ending,Number of Drug Overdose Deaths,69988,100,0.154268102,United States,Numbers may differ from published reports using final data. See Technical Notes.,**,70972
US,2017,December,12 month-ending,Number of Drug Overdose Deaths,70699,100,0.142977,United States,Numbers may differ from published reports using final data. See Technical Notes.,**,71595
US,2017,February,12 month-ending,Number of Drug Overdose Deaths,66189,100,0.163530261,United States,Numbers may differ from published reports using final data. See Technical Notes.,**,67195
US,2017,January,12 month-ending,Number of Drug Overdose Deaths,65571,100,0.164728689,United States,Numbers may differ from published reports using final data. See Technical Notes.,**,66577
US,2017,July,12 month-ending,Number of Drug Overdose Deaths,69504,100,0.1558112,United States,Numbers may differ from published reports using final data. See Technical Notes.,**,70494
US,2017,June,12 month-ending,Number of Drug Overdose Deaths,69153,100,0.157585545,United States,Numbers may differ from published reports using final data. See Technical Notes.,**,70153
US,2017,March,12 month-ending,Number of Drug Overdose Deaths,66858,100,0.162691522,United States,Numbers may differ from published reports using final data. See Technical Notes.,**,67867
US,2017,May,12 month-ending,Number of Drug Overdose Deaths,68370,100,0.157993862,United States,Numbers may differ from published reports using final data. See Technical Notes.,**,69362
US,2017,November,12 month-ending,Number of Drug Overdose Deaths,70723,100,0.146849671,United States,Numbers may differ from published reports using final data. See Technical Notes.,**,71653
US,2017,October,12 month-ending,Number of Drug Overdose Deaths,70690,100,0.149893307,United States,Numbers may differ from published reports using final data. See Technical Notes.,**,71646
US,2017,September,12 month-ending,Number of Drug Overdose Deaths,70599,100,0.15233444,United States,Numbers may differ from published reports using final data. See Technical Notes.,**,71575
US,2018,April,12 month-ending,Number of Drug Overdose Deaths,69042,100,0.144310792,United States,Numbers may differ from published reports using final data. See Technical Notes.,**,69928
US,2018,August,12 month-ending,Number of Drug Overdose Deaths,68714,100,0.141720732,United States,Numbers may differ from published reports using final data. See Technical Notes.,**,69574
US,2018,December,12 month-ending,Number of Drug Overdose Deaths,67850,100,0.141657342,United States,Numbers may differ from published reports using final data. See Technical Notes.,**,68699
US,2018,February,12 month-ending,Number of Drug Overdose Deaths,69745,100,0.143253847,United States,Numbers may differ from published reports using final data. See Technical Notes.,**,70631
US,2018,January,12 month-ending,Number of Drug Overdose Deaths,70122,100,0.142471479,United States,Numbers may differ from published reports using final data. See Technical Notes.,**,71006
US,2018,July,12 month-ending,Number of Drug Overdose Deaths,68728,100,0.14359633,United States,Numbers may differ from published reports using final data. See Technical Notes.,**,69604
US,2018,June,12 month-ending,Number of Drug Overdose Deaths,68714,100,0.143831865,United States,Numbers may differ from published reports using final data. See Technical Notes.,**,69592
US,2018,March,12 month-ending,Number of Drug Overdose Deaths,69364,100,0.144451874,United States,Numbers may differ from published reports using final data. See Technical Notes.,**,70255
US,2018,May,12 month-ending,Number of Drug Overdose Deaths,68789,100,0.145301479,United States,Numbers may differ from published reports using final data. See Technical Notes.,**,69680
US,2018,November,12 month-ending,Number of Drug Overdose Deaths,68102,100,0.1433937,United States,Numbers may differ from published reports using final data. See Technical Notes.,**,68968
US,2018,October,12 month-ending,Number of Drug Overdose Deaths,68404,100,0.140994835,United States,Numbers may differ from published reports using final data. See Technical Notes.,**,69254
US,2018,September,12 month-ending,Number of Drug Overdose Deaths,68421,100,0.141692451,United States,Numbers may differ from published reports using final data. See Technical Notes.,**,69277
US,2019,April,12 month-ending,Number of Drug Overdose Deaths,67736,100,0.149345951,United States,Numbers may differ from published reports using final data. See Technical Notes.,**,68647
US,2019,August,12 month-ending,Number of Drug Overdose Deaths,68371,100,0.153545122,United States,Numbers may differ from published reports using final data. See Technical Notes.,**,69326
US,2019,December,12 month-ending,Number of Drug Overdose Deaths,71130,100,0.156699771,United States,Numbers may differ from published reports using final data. See Technical Notes.,**,72151
US,2019,February,12 month-ending,Number of Drug Overdose Deaths,67631,100,0.14636432,United States,Numbers may differ from published reports using final data. See Technical Notes.,**,68516
US,2019,January,12 month-ending,Number of Drug Overdose Deaths,67697,100,0.145149473,United States,Numbers may differ from published reports using final data. See Technical Notes.,**,68573
US,2019,July,12 month-ending,Number of Drug Overdose Deaths,68023,100,0.151098006,United States,Numbers may differ from published reports using final data. See Technical Notes.,**,68953
US,2019,June,12 month-ending,Number of Drug Overdose Deaths,67787,100,0.15078944,United States,Numbers may differ from published reports using final data. See Technical Notes.,**,68711
US,2019,March,12 month-ending,Number of Drug Overdose Deaths,67727,100,0.147470911,United States,Numbers may differ from published reports using final data. See Technical Notes.,**,68622
US,2019,May,12 month-ending,Number of Drug Overdose Deaths,67795,100,0.149552808,United States,Numbers may differ from published reports using final data. See Technical Notes.,**,68709
US,2019,November,12 month-ending,Number of Drug Overdose Deaths,70357,100,0.154509264,United States,Numbers may differ from published reports using final data. See Technical Notes.,**,71348
US,2019,October,12 month-ending,Number of Drug Overdose Deaths,69371,100,0.154744051,United States,Numbers may differ from published reports using final data. See Technical Notes.,**,70350
US,2019,September,12 month-ending,Number of Drug Overdose Deaths,68757,100,0.153856156,United States,Numbers may differ from published reports using final data. See Technical Notes.,**,69720
US,2020,April,12 month-ending,Number of Drug Overdose Deaths,77017,100,0.145940342,United States,Numbers may differ from published reports using final data. See Technical Notes.,**,78021
US,2020,August,12 month-ending,Number of Drug Overdose Deaths,87293,100,0.144523227,United States,Numbers may differ from published reports using final data. See Technical Notes.,**,88415
US,2020,December,12 month-ending,Number of Drug Overdose Deaths,92478,100,0.143469061,United States,Numbers may differ from published reports using final data. See Technical Notes.,**,93655
US,2020,February,12 month-ending,Number of Drug Overdose Deaths,73343,100,0.15436102,United States,Numbers may differ from published reports using final data. See Technical Notes.,**,74375
US,2020,January,12 month-ending,Number of Drug Overdose Deaths,72124,100,0.155476854,United States,Numbers may differ from published reports using final data. See Technical Notes.,**,73149
US,2020,July,12 month-ending,Number of Drug Overdose Deaths,85236,100,0.146056852,United States,Numbers may differ from published reports using final data. See Technical Notes.,**,86348
US,2020,June,12 month-ending,Number of Drug Overdose Deaths,82916,100,0.14549322,United States,Numbers may differ from published reports using final data. See Technical Notes.,**,83992
US,2020,March,12 month-ending,Number of Drug Overdose Deaths,74679,100,0.151346622,United States,Numbers may differ from published reports using final data. See Technical Notes.,**,75702
US,2020,May,12 month-ending,Number of Drug Overdose Deaths,80577,100,0.145445887,United States,Numbers may differ from published reports using final data. See Technical Notes.,**,81622
US,2020,November,12 month-ending,Number of Drug Overdose Deaths,91200,100,0.14391863,United States,Numbers may differ from published reports using final data. See Technical Notes.,**,92366
US,2020,October,12 month-ending,Number of Drug Overdose Deaths,90093,100,0.144220695,United States,Numbers may differ from published reports using final data. See Technical Notes.,**,91248
US,2020,September,12 month-ending,Number of Drug Overdose Deaths,88879,100,0.143389751,United States,Numbers may differ from published reports using final data. See Technical Notes.,**,90009
US,2021,April,12 month-ending,Number of Drug Overdose Deaths,99772,100,0.146427514,United States,Numbers may differ from published reports using final data. See Technical Notes.,**,101078
US,2021,August,12 month-ending,Number of Drug Overdose Deaths,102612,100,0.152996737,United States,Numbers may differ from published reports using final data. See Technical Notes.,**,104038
US,2021,December,12 month-ending,Number of Drug Overdose Deaths,107573,100,0.161371151,United States,Numbers may differ from published reports using final data. See Technical Notes.,**,109179
US,2021,February,12 month-ending,Number of Drug Overdose Deaths,96118,100,0.1392204,United States,Numbers may differ from published reports using final data. See Technical Notes.,**,97291
US,2021,January,12 month-ending,Number of Drug Overdose Deaths,94788,100,0.140087162,United States,Numbers may differ from published reports using final data. See Technical Notes.,**,95955
US,2021,July,12 month-ending,Number of Drug Overdose Deaths,101477,100,0.151711123,United States,Numbers may differ from published reports using final data. See Technical Notes.,**,102871
US,2021,June,12 month-ending,Number of Drug Overdose Deaths,100569,100,0.150493567,United States,Numbers may differ from published reports using final data. See Technical Notes.,**,101936
US,2021,March,12 month-ending,Number of Drug Overdose Deaths,98211,100,0.14120669,United States,Numbers may differ from published reports using final data. See Technical Notes.,**,99434
US,2021,May,12 month-ending,Number of Drug Overdose Deaths,99679,100,0.147485444,United States,Numbers may differ from published reports using final data. See Technical Notes.,**,100997
US,2021,November,12 month-ending,Number of Drug Overdose Deaths,106554,100,0.156140735,United States,Numbers may differ from published reports using final data. See Technical Notes.,**,108076
US,2021,October,12 month-ending,Number of Drug Overdose Deaths,105528,100,0.154469117,United States,Numbers may differ from published reports using final data. See Technical Notes.,**,107014
US,2021,September,12 month-ending,Number of Drug Overdose Deaths,104099,100,0.15428908,United States,Numbers may differ from published reports using final data. See Technical Notes.,**,105562
US,2022,April,12 month-ending,Number of Drug Overdose Deaths,107779,100,0.163277723,United States,Numbers may differ from published reports using final data. See Technical Notes.,**,109414
US,2022,August,12 month-ending,Number of Drug Overdose Deaths,107452,100,0.162537418,United States,Numbers may differ from published reports using final data. See Technical Notes.,**,109072
US,2022,December,12 month-ending,Number of Drug Overdose Deaths,109360,100,0.164597443,United States,Numbers may differ from published reports using final data. See Technical Notes.,**,111036
US,2022,February,12 month-ending,Number of Drug Overdose Deaths,108632,100,0.163437978,United States,Numbers may differ from published reports using final data. See Technical Notes.,**,110282
US,2022,January,12 month-ending,Number of Drug Overdose Deaths,107796,100,0.162595204,United States,Numbers may differ from published reports using final data. See Technical Notes.,**,109422
US,2022,July,12 month-ending,Number of Drug Overdose Deaths,107567,100,0.160836187,United States,Numbers may differ from published reports using final data. See Technical Notes.,**,109166
US,2022,June,12 month-ending,Number of Drug Overdose Deaths,107357,100,0.160803904,United States,Numbers may differ from published reports using final data. See Technical Notes.,**,108952
US,2022,March,12 month-ending,Number of Drug Overdose Deaths,108599,100,0.163972827,United States,Numbers may differ from published reports using final data. See Technical Notes.,**,110255
US,2022,May,12 month-ending,Number of Drug Overdose Deaths,107419,100,0.164096496,United States,Numbers may differ from published reports using final data. See Technical Notes.,**,109059
US,2022,November,12 month-ending,Number of Drug Overdose Deaths,108391,100,0.166140475,United States,Numbers may differ from published reports using final data. See Technical Notes.,**,110073
US,2022,October,12 month-ending,Number of Drug Overdose Deaths,107785,100,0.164195423,United States,Numbers may differ from published reports using final data. See Technical Notes.,**,109432
US,2022,September,12 month-ending,Number of Drug Overdose Deaths,107407,100,0.16354888,United States,Numbers may differ from published reports using final data. See Technical Notes.,**,109039
US,2023,April,12 month-ending,Number of Drug Overdose Deaths,110199,100,0.197804456,United States,Underreported due to incomplete data.,*,112429
US,2023,August,12 month-ending,Number of Drug Overdose Deaths,109159,100,0.295963603,United States,Underreported due to incomplete data.,*,112870
US,2023,February,12 month-ending,Number of Drug Overdose Deaths,109489,100,0.180393531,United States,Underreported due to incomplete data.,*,111164
US,2023,January,12 month-ending,Number of Drug Overdose Deaths,109610,100,0.172942763,United States,Underreported due to incomplete data.,*,110804
US,2023,July,12 month-ending,Number of Drug Overdose Deaths,109686,100,0.260764099,United States,Underreported due to incomplete data.,*,112888
US,2023,June,12 month-ending,Number of Drug Overdose Deaths,110190,100,0.233454892,United States,Underreported due to incomplete data.,*,112886
US,2023,March,12 month-ending,Number of Drug Overdose Deaths,109743,100,0.186289932,United States,Underreported due to incomplete data.,*,111858
US,2023,May,12 month-ending,Number of Drug Overdose Deaths,110490,100,0.213059514,United States,Underreported due to incomplete data.,*,113052
US,2023,October,12 month-ending,Number of Drug Overdose Deaths,105303,100,0.430172264,United States,Underreported due to incomplete data.,*,110640
US,2023,September,12 month-ending,Number of Drug Overdose Deaths,107649,100,0.345439569,United States,Underreported due to incomplete data.,*,111836
UT,2015,April,12 month-ending,Number of Drug Overdose Deaths,614,100,0.307202185,Utah,Numbers may differ from published reports using final data. See Technical Notes.,**,635
UT,2015,August,12 month-ending,Number of Drug Overdose Deaths,607,100,0.296735905,Utah,Numbers may differ from published reports using final data. See Technical Notes.,**,627
UT,2015,December,12 month-ending,Number of Drug Overdose Deaths,649,100,0.319417204,Utah,Numbers may differ from published reports using final data. See Technical Notes.,**,672
UT,2015,February,12 month-ending,Number of Drug Overdose Deaths,606,100,0.338477425,Utah,Numbers may differ from published reports using final data. See Technical Notes.,**,629
UT,2015,January,12 month-ending,Number of Drug Overdose Deaths,619,100,0.340981333,Utah,Numbers may differ from published reports using final data. See Technical Notes.,**,643
UT,2015,July,12 month-ending,Number of Drug Overdose Deaths,596,100,0.342850719,Utah,Numbers may differ from published reports using final data. See Technical Notes.,**,619
UT,2015,June,12 month-ending,Number of Drug Overdose Deaths,603,100,0.338237781,Utah,Numbers may differ from published reports using final data. See Technical Notes.,**,626
UT,2015,March,12 month-ending,Number of Drug Overdose Deaths,606,100,0.319215642,Utah,Numbers may differ from published reports using final data. See Technical Notes.,**,628
UT,2015,May,12 month-ending,Number of Drug Overdose Deaths,599,100,0.317100793,Utah,Numbers may differ from published reports using final data. See Technical Notes.,**,620
UT,2015,November,12 month-ending,Number of Drug Overdose Deaths,657,100,0.285218947,Utah,Numbers may differ from published reports using final data. See Technical Notes.,**,677
UT,2015,October,12 month-ending,Number of Drug Overdose Deaths,655,100,0.301709688,Utah,Numbers may differ from published reports using final data. See Technical Notes.,**,677
UT,2015,September,12 month-ending,Number of Drug Overdose Deaths,622,100,0.269148817,Utah,Numbers may differ from published reports using final data. See Technical Notes.,**,640
UT,2016,April,12 month-ending,Number of Drug Overdose Deaths,707,100,0.484288151,Utah,Numbers may differ from published reports using final data. See Technical Notes.,**,747
UT,2016,August,12 month-ending,Number of Drug Overdose Deaths,717,100,0.616883117,Utah,Numbers may differ from published reports using final data. See Technical Notes.,**,771
UT,2016,December,12 month-ending,Number of Drug Overdose Deaths,650,100,0.908206293,Utah,Numbers may differ from published reports using final data. See Technical Notes.,**,726
UT,2016,February,12 month-ending,Number of Drug Overdose Deaths,689,100,0.384615385,Utah,Numbers may differ from published reports using final data. See Technical Notes.,**,719
UT,2016,January,12 month-ending,Number of Drug Overdose Deaths,672,100,0.33683265,Utah,Numbers may differ from published reports using final data. See Technical Notes.,**,697
UT,2016,July,12 month-ending,Number of Drug Overdose Deaths,715,100,0.569846955,Utah,Numbers may differ from published reports using final data. See Technical Notes.,**,764
UT,2016,June,12 month-ending,Number of Drug Overdose Deaths,714,100,0.518700519,Utah,Numbers may differ from published reports using final data. See Technical Notes.,**,758
UT,2016,March,12 month-ending,Number of Drug Overdose Deaths,710,100,0.415167451,Utah,Numbers may differ from published reports using final data. See Technical Notes.,**,744
UT,2016,May,12 month-ending,Number of Drug Overdose Deaths,716,100,0.50386111,Utah,Numbers may differ from published reports using final data. See Technical Notes.,**,759
UT,2016,November,12 month-ending,Number of Drug Overdose Deaths,667,100,0.897275545,Utah,Numbers may differ from published reports using final data. See Technical Notes.,**,744
UT,2016,October,12 month-ending,Number of Drug Overdose Deaths,682,100,0.828953784,Utah,Numbers may differ from published reports using final data. See Technical Notes.,**,754
UT,2016,September,12 month-ending,Number of Drug Overdose Deaths,694,100,0.717716259,Utah,Numbers may differ from published reports using final data. See Technical Notes.,**,756
UT,2017,April,12 month-ending,Number of Drug Overdose Deaths,619,100,0.807369277,Utah,Numbers may differ from published reports using final data. See Technical Notes.,**,682
UT,2017,August,12 month-ending,Number of Drug Overdose Deaths,615,100,0.702614379,Utah,Numbers may differ from published reports using final data. See Technical Notes.,**,669
UT,2017,December,12 month-ending,Number of Drug Overdose Deaths,645,100,0.240950953,Utah,Numbers may differ from published reports using final data. See Technical Notes.,**,662
UT,2017,February,12 month-ending,Number of Drug Overdose Deaths,643,100,0.880843015,Utah,Numbers may differ from published reports using final data. See Technical Notes.,**,716
UT,2017,January,12 month-ending,Number of Drug Overdose Deaths,641,100,0.899203101,Utah,Numbers may differ from published reports using final data. See Technical Notes.,**,715
UT,2017,July,12 month-ending,Number of Drug Overdose Deaths,620,100,0.736377025,Utah,Numbers may differ from published reports using final data. See Technical Notes.,**,677
UT,2017,June,12 month-ending,Number of Drug Overdose Deaths,614,100,0.766262703,Utah,Numbers may differ from published reports using final data. See Technical Notes.,**,673
UT,2017,March,12 month-ending,Number of Drug Overdose Deaths,621,100,0.865707175,Utah,Numbers may differ from published reports using final data. See Technical Notes.,**,690
UT,2017,May,12 month-ending,Number of Drug Overdose Deaths,612,100,0.787658211,Utah,Numbers may differ from published reports using final data. See Technical Notes.,**,673
UT,2017,November,12 month-ending,Number of Drug Overdose Deaths,626,100,0.346703648,Utah,Numbers may differ from published reports using final data. See Technical Notes.,**,650
UT,2017,October,12 month-ending,Number of Drug Overdose Deaths,612,100,0.445805135,Utah,Numbers may differ from published reports using final data. See Technical Notes.,**,644
UT,2017,September,12 month-ending,Number of Drug Overdose Deaths,617,100,0.589507842,Utah,Numbers may differ from published reports using final data. See Technical Notes.,**,661
UT,2018,April,12 month-ending,Number of Drug Overdose Deaths,651,100,0.196307301,Utah,Numbers may differ from published reports using final data. See Technical Notes.,**,664
UT,2018,August,12 month-ending,Number of Drug Overdose Deaths,671,100,0.136533109,Utah,Numbers may differ from published reports using final data. See Technical Notes.,**,679
UT,2018,December,12 month-ending,Number of Drug Overdose Deaths,630,100,0.157737,Utah,Numbers may differ from published reports using final data. See Technical Notes.,**,640
UT,2018,February,12 month-ending,Number of Drug Overdose Deaths,638,100,0.212698075,Utah,Numbers may differ from published reports using final data. See Technical Notes.,**,652
UT,2018,January,12 month-ending,Number of Drug Overdose Deaths,637,100,0.234666667,Utah,Numbers may differ from published reports using final data. See Technical Notes.,**,653
UT,2018,July,12 month-ending,Number of Drug Overdose Deaths,668,100,0.168456517,Utah,Numbers may differ from published reports using final data. See Technical Notes.,**,679
UT,2018,June,12 month-ending,Number of Drug Overdose Deaths,664,100,0.190365396,Utah,Numbers may differ from published reports using final data. See Technical Notes.,**,677
UT,2018,March,12 month-ending,Number of Drug Overdose Deaths,643,100,0.2023106,Utah,Numbers may differ from published reports using final data. See Technical Notes.,**,656
UT,2018,May,12 month-ending,Number of Drug Overdose Deaths,664,100,0.195870831,Utah,Numbers may differ from published reports using final data. See Technical Notes.,**,677
UT,2018,November,12 month-ending,Number of Drug Overdose Deaths,645,100,0.142023039,Utah,Numbers may differ from published reports using final data. See Technical Notes.,**,654
UT,2018,October,12 month-ending,Number of Drug Overdose Deaths,656,100,0.142060402,Utah,Numbers may differ from published reports using final data. See Technical Notes.,**,665
UT,2018,September,12 month-ending,Number of Drug Overdose Deaths,669,100,0.126615669,Utah,Numbers may differ from published reports using final data. See Technical Notes.,**,677
UT,2019,April,12 month-ending,Number of Drug Overdose Deaths,602,100,0.146497149,Utah,Numbers may differ from published reports using final data. See Technical Notes.,**,610
UT,2019,August,12 month-ending,Number of Drug Overdose Deaths,544,100,0.109312373,Utah,Numbers may differ from published reports using final data. See Technical Notes.,**,549
UT,2019,December,12 month-ending,Number of Drug Overdose Deaths,575,100,0.118385835,Utah,Numbers may differ from published reports using final data. See Technical Notes.,**,581
UT,2019,February,12 month-ending,Number of Drug Overdose Deaths,624,100,0.147376178,Utah,Numbers may differ from published reports using final data. See Technical Notes.,**,633
UT,2019,January,12 month-ending,Number of Drug Overdose Deaths,634,100,0.152342929,Utah,Numbers may differ from published reports using final data. See Technical Notes.,**,643
UT,2019,July,12 month-ending,Number of Drug Overdose Deaths,563,100,0.093667066,Utah,Numbers may differ from published reports using final data. See Technical Notes.,**,567
UT,2019,June,12 month-ending,Number of Drug Overdose Deaths,570,100,0.114440283,Utah,Numbers may differ from published reports using final data. See Technical Notes.,**,576
UT,2019,March,12 month-ending,Number of Drug Overdose Deaths,616,100,0.141102691,Utah,Numbers may differ from published reports using final data. See Technical Notes.,**,624
UT,2019,May,12 month-ending,Number of Drug Overdose Deaths,577,100,0.130032248,Utah,Numbers may differ from published reports using final data. See Technical Notes.,**,584
UT,2019,November,12 month-ending,Number of Drug Overdose Deaths,572,100,0.10880829,Utah,Numbers may differ from published reports using final data. See Technical Notes.,**,577
UT,2019,October,12 month-ending,Number of Drug Overdose Deaths,560,100,0.098762865,Utah,Numbers may differ from published reports using final data. See Technical Notes.,**,565
UT,2019,September,12 month-ending,Number of Drug Overdose Deaths,547,100,0.114267906,Utah,Numbers may differ from published reports using final data. See Technical Notes.,**,553
UT,2020,April,12 month-ending,Number of Drug Overdose Deaths,562,100,0.121784138,Utah,Numbers may differ from published reports using final data. See Technical Notes.,**,568
UT,2020,August,12 month-ending,Number of Drug Overdose Deaths,622,100,0.097186452,Utah,Numbers may differ from published reports using final data. See Technical Notes.,**,627
UT,2020,December,12 month-ending,Number of Drug Overdose Deaths,622,100,0.063028993,Utah,Numbers may differ from published reports using final data. See Technical Notes.,**,624
UT,2020,February,12 month-ending,Number of Drug Overdose Deaths,560,100,0.122793553,Utah,Numbers may differ from published reports using final data. See Technical Notes.,**,566
UT,2020,January,12 month-ending,Number of Drug Overdose Deaths,567,100,0.118422408,Utah,Numbers may differ from published reports using final data. See Technical Notes.,**,573
UT,2020,July,12 month-ending,Number of Drug Overdose Deaths,600,100,0.108652706,Utah,Numbers may differ from published reports using final data. See Technical Notes.,**,606
UT,2020,June,12 month-ending,Number of Drug Overdose Deaths,573,100,0.115531445,Utah,Numbers may differ from published reports using final data. See Technical Notes.,**,579
UT,2020,March,12 month-ending,Number of Drug Overdose Deaths,550,100,0.122374057,Utah,Numbers may differ from published reports using final data. See Technical Notes.,**,556
UT,2020,May,12 month-ending,Number of Drug Overdose Deaths,571,100,0.12162984,Utah,Numbers may differ from published reports using final data. See Technical Notes.,**,577
UT,2020,November,12 month-ending,Number of Drug Overdose Deaths,615,100,0.087873462,Utah,Numbers may differ from published reports using final data. See Technical Notes.,**,619
UT,2020,October,12 month-ending,Number of Drug Overdose Deaths,621,100,0.094688003,Utah,Numbers may differ from published reports using final data. See Technical Notes.,**,626
UT,2020,September,12 month-ending,Number of Drug Overdose Deaths,618,100,0.096172341,Utah,Numbers may differ from published reports using final data. See Technical Notes.,**,623
UT,2021,April,12 month-ending,Number of Drug Overdose Deaths,671,100,0.048449612,Utah,Numbers may differ from published reports using final data. See Technical Notes.,**,672
UT,2021,August,12 month-ending,Number of Drug Overdose Deaths,663,100,0.039231071,Utah,Numbers may differ from published reports using final data. See Technical Notes.,**,664
UT,2021,December,12 month-ending,Number of Drug Overdose Deaths,675,100,0.008503763,Utah,Numbers may differ from published reports using final data. See Technical Notes.,**,675
UT,2021,February,12 month-ending,Number of Drug Overdose Deaths,640,100,0.057188105,Utah,Numbers may differ from published reports using final data. See Technical Notes.,**,642
UT,2021,January,12 month-ending,Number of Drug Overdose Deaths,634,100,0.061834725,Utah,Numbers may differ from published reports using final data. See Technical Notes.,**,636
UT,2021,July,12 month-ending,Number of Drug Overdose Deaths,675,100,0.043902011,Utah,Numbers may differ from published reports using final data. See Technical Notes.,**,676
UT,2021,June,12 month-ending,Number of Drug Overdose Deaths,685,100,0.048277375,Utah,Numbers may differ from published reports using final data. See Technical Notes.,**,686
UT,2021,March,12 month-ending,Number of Drug Overdose Deaths,651,100,0.057324279,Utah,Numbers may differ from published reports using final data. See Technical Notes.,**,653
UT,2021,May,12 month-ending,Number of Drug Overdose Deaths,682,100,0.048349523,Utah,Numbers may differ from published reports using final data. See Technical Notes.,**,683
UT,2021,November,12 month-ending,Number of Drug Overdose Deaths,677,100,0.008453085,Utah,Numbers may differ from published reports using final data. See Technical Notes.,**,677
UT,2021,October,12 month-ending,Number of Drug Overdose Deaths,672,100,0.016912604,Utah,Numbers may differ from published reports using final data. See Technical Notes.,**,672
UT,2021,September,12 month-ending,Number of Drug Overdose Deaths,670,100,0.029997857,Utah,Numbers may differ from published reports using final data. See Technical Notes.,**,670
UT,2022,April,12 month-ending,Number of Drug Overdose Deaths,655,100,0.016609226,Utah,Numbers may differ from published reports using final data. See Technical Notes.,**,655
UT,2022,August,12 month-ending,Number of Drug Overdose Deaths,620,100,0.020910878,Utah,Numbers may differ from published reports using final data. See Technical Notes.,**,620
UT,2022,December,12 month-ending,Number of Drug Overdose Deaths,646,100,0.048313422,Utah,Numbers may differ from published reports using final data. See Technical Notes.,**,647
UT,2022,February,12 month-ending,Number of Drug Overdose Deaths,683,100,0.016768676,Utah,Numbers may differ from published reports using final data. See Technical Notes.,**,683
UT,2022,January,12 month-ending,Number of Drug Overdose Deaths,683,100,0.0126807,Utah,Numbers may differ from published reports using final data. See Technical Notes.,**,683
UT,2022,July,12 month-ending,Number of Drug Overdose Deaths,617,100,0.020688514,Utah,Numbers may differ from published reports using final data. See Technical Notes.,**,617
UT,2022,June,12 month-ending,Number of Drug Overdose Deaths,637,100,0.020619407,Utah,Numbers may differ from published reports using final data. See Technical Notes.,**,637
UT,2022,March,12 month-ending,Number of Drug Overdose Deaths,694,100,0.016669445,Utah,Numbers may differ from published reports using final data. See Technical Notes.,**,694
UT,2022,May,12 month-ending,Number of Drug Overdose Deaths,646,100,0.016588562,Utah,Numbers may differ from published reports using final data. See Technical Notes.,**,646
UT,2022,November,12 month-ending,Number of Drug Overdose Deaths,631,100,0.026251313,Utah,Numbers may differ from published reports using final data. See Technical Notes.,**,631
UT,2022,October,12 month-ending,Number of Drug Overdose Deaths,622,100,0.02594819,Utah,Numbers may differ from published reports using final data. See Technical Notes.,**,622
UT,2022,September,12 month-ending,Number of Drug Overdose Deaths,630,100,0.021215207,Utah,Numbers may differ from published reports using final data. See Technical Notes.,**,630
UT,2023,April,12 month-ending,Number of Drug Overdose Deaths,666,100,0.063151247,Utah,Underreported due to incomplete data.,*,669
UT,2023,August,12 month-ending,Number of Drug Overdose Deaths,682,100,0.063792946,Utah,Underreported due to incomplete data.,*,686
UT,2023,February,12 month-ending,Number of Drug Overdose Deaths,660,100,0.040516814,Utah,Underreported due to incomplete data.,*,660
UT,2023,January,12 month-ending,Number of Drug Overdose Deaths,649,100,0.044489923,Utah,Underreported due to incomplete data.,*,649
UT,2023,July,12 month-ending,Number of Drug Overdose Deaths,681,100,0.05933093,Utah,Underreported due to incomplete data.,*,685
UT,2023,June,12 month-ending,Number of Drug Overdose Deaths,689,100,0.059109717,Utah,Underreported due to incomplete data.,*,692
UT,2023,March,12 month-ending,Number of Drug Overdose Deaths,646,100,0.040599062,Utah,Underreported due to incomplete data.,*,648
UT,2023,May,12 month-ending,Number of Drug Overdose Deaths,670,100,0.063199711,Utah,Underreported due to incomplete data.,*,674
UT,2023,October,12 month-ending,Number of Drug Overdose Deaths,681,100,0.130972812,Utah,Underreported due to incomplete data.,*,690
UT,2023,September,12 month-ending,Number of Drug Overdose Deaths,683,100,0.104631062,Utah,Underreported due to incomplete data.,*,690
VA,2015,April,12 month-ending,Number of Drug Overdose Deaths,966,100,0.045079355,Virginia,Numbers may differ from published reports using final data. See Technical Notes.,**,967
VA,2015,August,12 month-ending,Number of Drug Overdose Deaths,994,100,0.044719961,Virginia,Numbers may differ from published reports using final data. See Technical Notes.,**,995
VA,2015,December,12 month-ending,Number of Drug Overdose Deaths,1002,100,0.030883261,Virginia,Numbers may differ from published reports using final data. See Technical Notes.,**,1002
VA,2015,February,12 month-ending,Number of Drug Overdose Deaths,980,100,0.042256166,Virginia,Numbers may differ from published reports using final data. See Technical Notes.,**,981
VA,2015,January,12 month-ending,Number of Drug Overdose Deaths,959,100,0.037846532,Virginia,Numbers may differ from published reports using final data. See Technical Notes.,**,959
VA,2015,July,12 month-ending,Number of Drug Overdose Deaths,976,100,0.04494382,Virginia,Numbers may differ from published reports using final data. See Technical Notes.,**,977
VA,2015,June,12 month-ending,Number of Drug Overdose Deaths,984,100,0.04344116,Virginia,Numbers may differ from published reports using final data. See Technical Notes.,**,985
VA,2015,March,12 month-ending,Number of Drug Overdose Deaths,968,100,0.043672209,Virginia,Numbers may differ from published reports using final data. See Technical Notes.,**,969
VA,2015,May,12 month-ending,Number of Drug Overdose Deaths,973,100,0.041923513,Virginia,Numbers may differ from published reports using final data. See Technical Notes.,**,974
VA,2015,November,12 month-ending,Number of Drug Overdose Deaths,992,100,0.035336232,Virginia,Numbers may differ from published reports using final data. See Technical Notes.,**,992
VA,2015,October,12 month-ending,Number of Drug Overdose Deaths,1016,100,0.041432649,Virginia,Numbers may differ from published reports using final data. See Technical Notes.,**,1017
VA,2015,September,12 month-ending,Number of Drug Overdose Deaths,1009,100,0.046132554,Virginia,Numbers may differ from published reports using final data. See Technical Notes.,**,1010
VA,2016,April,12 month-ending,Number of Drug Overdose Deaths,1131,100,0.017160151,Virginia,Numbers may differ from published reports using final data. See Technical Notes.,**,1131
VA,2016,August,12 month-ending,Number of Drug Overdose Deaths,1229,100,0.015429003,Virginia,Numbers may differ from published reports using final data. See Technical Notes.,**,1229
VA,2016,December,12 month-ending,Number of Drug Overdose Deaths,1356,100,0.019823117,Virginia,Numbers may differ from published reports using final data. See Technical Notes.,**,1356
VA,2016,February,12 month-ending,Number of Drug Overdose Deaths,1051,100,0.023439697,Virginia,Numbers may differ from published reports using final data. See Technical Notes.,**,1051
VA,2016,January,12 month-ending,Number of Drug Overdose Deaths,1006,100,0.02967081,Virginia,Numbers may differ from published reports using final data. See Technical Notes.,**,1006
VA,2016,July,12 month-ending,Number of Drug Overdose Deaths,1214,100,0.015436387,Virginia,Numbers may differ from published reports using final data. See Technical Notes.,**,1214
VA,2016,June,12 month-ending,Number of Drug Overdose Deaths,1186,100,0.018587361,Virginia,Numbers may differ from published reports using final data. See Technical Notes.,**,1186
VA,2016,March,12 month-ending,Number of Drug Overdose Deaths,1107,100,0.020269744,Virginia,Numbers may differ from published reports using final data. See Technical Notes.,**,1107
VA,2016,May,12 month-ending,Number of Drug Overdose Deaths,1160,100,0.020186335,Virginia,Numbers may differ from published reports using final data. See Technical Notes.,**,1160
VA,2016,November,12 month-ending,Number of Drug Overdose Deaths,1340,100,0.013802834,Virginia,Numbers may differ from published reports using final data. See Technical Notes.,**,1340
VA,2016,October,12 month-ending,Number of Drug Overdose Deaths,1287,100,0.010773374,Virginia,Numbers may differ from published reports using final data. See Technical Notes.,**,1287
VA,2016,September,12 month-ending,Number of Drug Overdose Deaths,1260,100,0.012359794,Virginia,Numbers may differ from published reports using final data. See Technical Notes.,**,1260
VA,2017,April,12 month-ending,Number of Drug Overdose Deaths,1407,100,0.029960751,Virginia,Numbers may differ from published reports using final data. See Technical Notes.,**,1407
VA,2017,August,12 month-ending,Number of Drug Overdose Deaths,1453,100,0.037302854,Virginia,Numbers may differ from published reports using final data. See Technical Notes.,**,1453
VA,2017,December,12 month-ending,Number of Drug Overdose Deaths,1455,100,0.032481434000000003,Virginia,Numbers may differ from published reports using final data. See Technical Notes.,**,1455
VA,2017,February,12 month-ending,Number of Drug Overdose Deaths,1403,100,0.021177788,Virginia,Numbers may differ from published reports using final data. See Technical Notes.,**,1403
VA,2017,January,12 month-ending,Number of Drug Overdose Deaths,1392,100,0.021223376,Virginia,Numbers may differ from published reports using final data. See Technical Notes.,**,1392
VA,2017,July,12 month-ending,Number of Drug Overdose Deaths,1440,100,0.03585086,Virginia,Numbers may differ from published reports using final data. See Technical Notes.,**,1440
VA,2017,June,12 month-ending,Number of Drug Overdose Deaths,1428,100,0.031358261,Virginia,Numbers may differ from published reports using final data. See Technical Notes.,**,1428
VA,2017,March,12 month-ending,Number of Drug Overdose Deaths,1394,100,0.025584685,Virginia,Numbers may differ from published reports using final data. See Technical Notes.,**,1394
VA,2017,May,12 month-ending,Number of Drug Overdose Deaths,1415,100,0.029951329,Virginia,Numbers may differ from published reports using final data. See Technical Notes.,**,1415
VA,2017,November,12 month-ending,Number of Drug Overdose Deaths,1423,100,0.041547958,Virginia,Numbers may differ from published reports using final data. See Technical Notes.,**,1424
VA,2017,October,12 month-ending,Number of Drug Overdose Deaths,1422,100,0.046020694,Virginia,Numbers may differ from published reports using final data. See Technical Notes.,**,1424
VA,2017,September,12 month-ending,Number of Drug Overdose Deaths,1438,100,0.043047783,Virginia,Numbers may differ from published reports using final data. See Technical Notes.,**,1439
VA,2018,April,12 month-ending,Number of Drug Overdose Deaths,1410,100,0.024995957,Virginia,Numbers may differ from published reports using final data. See Technical Notes.,**,1410
VA,2018,August,12 month-ending,Number of Drug Overdose Deaths,1417,100,0.014690544,Virginia,Numbers may differ from published reports using final data. See Technical Notes.,**,1417
VA,2018,December,12 month-ending,Number of Drug Overdose Deaths,1434,100,0.011687534,Virginia,Numbers may differ from published reports using final data. See Technical Notes.,**,1434
VA,2018,February,12 month-ending,Number of Drug Overdose Deaths,1407,100,0.032213664,Virginia,Numbers may differ from published reports using final data. See Technical Notes.,**,1407
VA,2018,January,12 month-ending,Number of Drug Overdose Deaths,1436,100,0.030782762,Virginia,Numbers may differ from published reports using final data. See Technical Notes.,**,1436
VA,2018,July,12 month-ending,Number of Drug Overdose Deaths,1403,100,0.016188136,Virginia,Numbers may differ from published reports using final data. See Technical Notes.,**,1403
VA,2018,June,12 month-ending,Number of Drug Overdose Deaths,1404,100,0.020648358,Virginia,Numbers may differ from published reports using final data. See Technical Notes.,**,1404
VA,2018,March,12 month-ending,Number of Drug Overdose Deaths,1410,100,0.027926802,Virginia,Numbers may differ from published reports using final data. See Technical Notes.,**,1410
VA,2018,May,12 month-ending,Number of Drug Overdose Deaths,1416,100,0.022106613,Virginia,Numbers may differ from published reports using final data. See Technical Notes.,**,1416
VA,2018,November,12 month-ending,Number of Drug Overdose Deaths,1474,100,0.010216592,Virginia,Numbers may differ from published reports using final data. See Technical Notes.,**,1474
VA,2018,October,12 month-ending,Number of Drug Overdose Deaths,1484,100,0.00877565,Virginia,Numbers may differ from published reports using final data. See Technical Notes.,**,1484
VA,2018,September,12 month-ending,Number of Drug Overdose Deaths,1460,100,0.008814067,Virginia,Numbers may differ from published reports using final data. See Technical Notes.,**,1460
VA,2019,April,12 month-ending,Number of Drug Overdose Deaths,1490,100,0.020525452,Virginia,Numbers may differ from published reports using final data. See Technical Notes.,**,1490
VA,2019,August,12 month-ending,Number of Drug Overdose Deaths,1473,100,0.034584624,Virginia,Numbers may differ from published reports using final data. See Technical Notes.,**,1473
VA,2019,December,12 month-ending,Number of Drug Overdose Deaths,1538,100,0.072016016,Virginia,Numbers may differ from published reports using final data. See Technical Notes.,**,1545
VA,2019,February,12 month-ending,Number of Drug Overdose Deaths,1474,100,0.014745783,Virginia,Numbers may differ from published reports using final data. See Technical Notes.,**,1474
VA,2019,January,12 month-ending,Number of Drug Overdose Deaths,1464,100,0.014749698,Virginia,Numbers may differ from published reports using final data. See Technical Notes.,**,1464
VA,2019,July,12 month-ending,Number of Drug Overdose Deaths,1488,100,0.033236034,Virginia,Numbers may differ from published reports using final data. See Technical Notes.,**,1488
VA,2019,June,12 month-ending,Number of Drug Overdose Deaths,1499,100,0.027535434,Virginia,Numbers may differ from published reports using final data. See Technical Notes.,**,1499
VA,2019,March,12 month-ending,Number of Drug Overdose Deaths,1476,100,0.019098549,Virginia,Numbers may differ from published reports using final data. See Technical Notes.,**,1476
VA,2019,May,12 month-ending,Number of Drug Overdose Deaths,1497,100,0.023309344,Virginia,Numbers may differ from published reports using final data. See Technical Notes.,**,1497
VA,2019,November,12 month-ending,Number of Drug Overdose Deaths,1498,100,0.050448269,Virginia,Numbers may differ from published reports using final data. See Technical Notes.,**,1501
VA,2019,October,12 month-ending,Number of Drug Overdose Deaths,1474,100,0.046162724,Virginia,Numbers may differ from published reports using final data. See Technical Notes.,**,1476
VA,2019,September,12 month-ending,Number of Drug Overdose Deaths,1451,100,0.038850039,Virginia,Numbers may differ from published reports using final data. See Technical Notes.,**,1452
VA,2020,April,12 month-ending,Number of Drug Overdose Deaths,1659,100,0.072478918,Virginia,Numbers may differ from published reports using final data. See Technical Notes.,**,1666
VA,2020,August,12 month-ending,Number of Drug Overdose Deaths,1987,100,0.072315295,Virginia,Numbers may differ from published reports using final data. See Technical Notes.,**,1996
VA,2020,December,12 month-ending,Number of Drug Overdose Deaths,2185,100,0.061627468,Virginia,Numbers may differ from published reports using final data. See Technical Notes.,**,2192
VA,2020,February,12 month-ending,Number of Drug Overdose Deaths,1569,100,0.076877082,Virginia,Numbers may differ from published reports using final data. See Technical Notes.,**,1577
VA,2020,January,12 month-ending,Number of Drug Overdose Deaths,1564,100,0.074326063,Virginia,Numbers may differ from published reports using final data. See Technical Notes.,**,1571
VA,2020,July,12 month-ending,Number of Drug Overdose Deaths,1920,100,0.069099137,Virginia,Numbers may differ from published reports using final data. See Technical Notes.,**,1928
VA,2020,June,12 month-ending,Number of Drug Overdose Deaths,1818,100,0.071210441,Virginia,Numbers may differ from published reports using final data. See Technical Notes.,**,1826
VA,2020,March,12 month-ending,Number of Drug Overdose Deaths,1590,100,0.073703457,Virginia,Numbers may differ from published reports using final data. See Technical Notes.,**,1597
VA,2020,May,12 month-ending,Number of Drug Overdose Deaths,1759,100,0.071596745,Virginia,Numbers may differ from published reports using final data. See Technical Notes.,**,1766
VA,2020,November,12 month-ending,Number of Drug Overdose Deaths,2135,100,0.074807821,Virginia,Numbers may differ from published reports using final data. See Technical Notes.,**,2145
VA,2020,October,12 month-ending,Number of Drug Overdose Deaths,2090,100,0.069289197,Virginia,Numbers may differ from published reports using final data. See Technical Notes.,**,2098
VA,2020,September,12 month-ending,Number of Drug Overdose Deaths,2046,100,0.070103966,Virginia,Numbers may differ from published reports using final data. See Technical Notes.,**,2054
VA,2021,April,12 month-ending,Number of Drug Overdose Deaths,2484,100,0.047039525,Virginia,Numbers may differ from published reports using final data. See Technical Notes.,**,2487
VA,2021,August,12 month-ending,Number of Drug Overdose Deaths,2496,100,0.031365358,Virginia,Numbers may differ from published reports using final data. See Technical Notes.,**,2496
VA,2021,December,12 month-ending,Number of Drug Overdose Deaths,2603,100,0,Virginia,Numbers may differ from published reports using final data. See Technical Notes.,**,2603
VA,2021,February,12 month-ending,Number of Drug Overdose Deaths,2323,100,0.050478342,Virginia,Numbers may differ from published reports using final data. See Technical Notes.,**,2327
VA,2021,January,12 month-ending,Number of Drug Overdose Deaths,2259,100,0.054895455,Virginia,Numbers may differ from published reports using final data. See Technical Notes.,**,2264
VA,2021,July,12 month-ending,Number of Drug Overdose Deaths,2471,100,0.037626839,Virginia,Numbers may differ from published reports using final data. See Technical Notes.,**,2471
VA,2021,June,12 month-ending,Number of Drug Overdose Deaths,2485,100,0.041199137,Virginia,Numbers may differ from published reports using final data. See Technical Notes.,**,2486
VA,2021,March,12 month-ending,Number of Drug Overdose Deaths,2429,100,0.04913946,Virginia,Numbers may differ from published reports using final data. See Technical Notes.,**,2433
VA,2021,May,12 month-ending,Number of Drug Overdose Deaths,2458,100,0.044792562,Virginia,Numbers may differ from published reports using final data. See Technical Notes.,**,2460
VA,2021,November,12 month-ending,Number of Drug Overdose Deaths,2574,100,0.009368559,Virginia,Numbers may differ from published reports using final data. See Technical Notes.,**,2574
VA,2021,October,12 month-ending,Number of Drug Overdose Deaths,2559,100,0.02,Virginia,Numbers may differ from published reports using final data. See Technical Notes.,**,2559
VA,2021,September,12 month-ending,Number of Drug Overdose Deaths,2537,100,0.028603437,Virginia,Numbers may differ from published reports using final data. See Technical Notes.,**,2537
VA,2022,April,12 month-ending,Number of Drug Overdose Deaths,2483,100,0,Virginia,Numbers may differ from published reports using final data. See Technical Notes.,**,2483
VA,2022,August,12 month-ending,Number of Drug Overdose Deaths,2512,100,0,Virginia,Numbers may differ from published reports using final data. See Technical Notes.,**,2512
VA,2022,December,12 month-ending,Number of Drug Overdose Deaths,2491,100,0.002431079,Virginia,Numbers may differ from published reports using final data. See Technical Notes.,**,2491
VA,2022,February,12 month-ending,Number of Drug Overdose Deaths,2585,100,0,Virginia,Numbers may differ from published reports using final data. See Technical Notes.,**,2585
VA,2022,January,12 month-ending,Number of Drug Overdose Deaths,2575,100,0,Virginia,Numbers may differ from published reports using final data. See Technical Notes.,**,2575
VA,2022,July,12 month-ending,Number of Drug Overdose Deaths,2504,100,0,Virginia,Numbers may differ from published reports using final data. See Technical Notes.,**,2504
VA,2022,June,12 month-ending,Number of Drug Overdose Deaths,2497,100,0,Virginia,Numbers may differ from published reports using final data. See Technical Notes.,**,2497
VA,2022,March,12 month-ending,Number of Drug Overdose Deaths,2550,100,0,Virginia,Numbers may differ from published reports using final data. See Technical Notes.,**,2550
VA,2022,May,12 month-ending,Number of Drug Overdose Deaths,2495,100,0,Virginia,Numbers may differ from published reports using final data. See Technical Notes.,**,2495
VA,2022,November,12 month-ending,Number of Drug Overdose Deaths,2480,100,0,Virginia,Numbers may differ from published reports using final data. See Technical Notes.,**,2480
VA,2022,October,12 month-ending,Number of Drug Overdose Deaths,2484,100,0,Virginia,Numbers may differ from published reports using final data. See Technical Notes.,**,2484
VA,2022,September,12 month-ending,Number of Drug Overdose Deaths,2492,100,0,Virginia,Numbers may differ from published reports using final data. See Technical Notes.,**,2492
VA,2023,April,12 month-ending,Number of Drug Overdose Deaths,2531,100,0.022684024,Virginia,Underreported due to incomplete data.,*,2531
VA,2023,August,12 month-ending,Number of Drug Overdose Deaths,2542,100,0.07792241,Virginia,Underreported due to incomplete data.,*,2560
VA,2023,February,12 month-ending,Number of Drug Overdose Deaths,2509,100,0.007564583,Virginia,Underreported due to incomplete data.,*,2509
VA,2023,January,12 month-ending,Number of Drug Overdose Deaths,2514,100,0.003742048,Virginia,Underreported due to incomplete data.,*,2514
VA,2023,July,12 month-ending,Number of Drug Overdose Deaths,2571,100,0.059814702,Virginia,Underreported due to incomplete data.,*,2583
VA,2023,June,12 month-ending,Number of Drug Overdose Deaths,2560,100,0.049373963,Virginia,Underreported due to incomplete data.,*,2566
VA,2023,March,12 month-ending,Number of Drug Overdose Deaths,2513,100,0.012618456,Virginia,Underreported due to incomplete data.,*,2513
VA,2023,May,12 month-ending,Number of Drug Overdose Deaths,2532,100,0.032807157000000003,Virginia,Underreported due to incomplete data.,*,2536
VA,2023,October,12 month-ending,Number of Drug Overdose Deaths,2424,100,0.181345817,Virginia,Underreported due to incomplete data.,*,2471
VA,2023,September,12 month-ending,Number of Drug Overdose Deaths,2499,100,0.107688166,Virginia,Underreported due to incomplete data.,*,2523
VT,2015,April,12 month-ending,Number of Drug Overdose Deaths,85,100,0,Vermont,Numbers may differ from published reports using final data. See Technical Notes.,**,85
VT,2015,August,12 month-ending,Number of Drug Overdose Deaths,100,100,0,Vermont,Numbers may differ from published reports using final data. See Technical Notes.,**,100
VT,2015,December,12 month-ending,Number of Drug Overdose Deaths,99,100,0,Vermont,Numbers may differ from published reports using final data. See Technical Notes.,**,99
VT,2015,February,12 month-ending,Number of Drug Overdose Deaths,77,100,0,Vermont,Numbers may differ from published reports using final data. See Technical Notes.,**,77
VT,2015,January,12 month-ending,Number of Drug Overdose Deaths,76,100,0,Vermont,Numbers may differ from published reports using final data. See Technical Notes.,**,76
VT,2015,July,12 month-ending,Number of Drug Overdose Deaths,95,100,0,Vermont,Numbers may differ from published reports using final data. See Technical Notes.,**,95
VT,2015,June,12 month-ending,Number of Drug Overdose Deaths,94,100,0,Vermont,Numbers may differ from published reports using final data. See Technical Notes.,**,94
VT,2015,March,12 month-ending,Number of Drug Overdose Deaths,82,100,0,Vermont,Numbers may differ from published reports using final data. See Technical Notes.,**,82
VT,2015,May,12 month-ending,Number of Drug Overdose Deaths,91,100,0,Vermont,Numbers may differ from published reports using final data. See Technical Notes.,**,91
VT,2015,November,12 month-ending,Number of Drug Overdose Deaths,99,100,0,Vermont,Numbers may differ from published reports using final data. See Technical Notes.,**,99
VT,2015,October,12 month-ending,Number of Drug Overdose Deaths,96,100,0,Vermont,Numbers may differ from published reports using final data. See Technical Notes.,**,96
VT,2015,September,12 month-ending,Number of Drug Overdose Deaths,100,100,0,Vermont,Numbers may differ from published reports using final data. See Technical Notes.,**,100
VT,2016,April,12 month-ending,Number of Drug Overdose Deaths,107,100,0,Vermont,Numbers may differ from published reports using final data. See Technical Notes.,**,107
VT,2016,August,12 month-ending,Number of Drug Overdose Deaths,115,100,0,Vermont,Numbers may differ from published reports using final data. See Technical Notes.,**,115
VT,2016,December,12 month-ending,Number of Drug Overdose Deaths,136,100,0,Vermont,Numbers may differ from published reports using final data. See Technical Notes.,**,136
VT,2016,February,12 month-ending,Number of Drug Overdose Deaths,105,100,0,Vermont,Numbers may differ from published reports using final data. See Technical Notes.,**,105
VT,2016,January,12 month-ending,Number of Drug Overdose Deaths,100,100,0,Vermont,Numbers may differ from published reports using final data. See Technical Notes.,**,100
VT,2016,July,12 month-ending,Number of Drug Overdose Deaths,110,100,0,Vermont,Numbers may differ from published reports using final data. See Technical Notes.,**,110
VT,2016,June,12 month-ending,Number of Drug Overdose Deaths,107,100,0,Vermont,Numbers may differ from published reports using final data. See Technical Notes.,**,107
VT,2016,March,12 month-ending,Number of Drug Overdose Deaths,104,100,0,Vermont,Numbers may differ from published reports using final data. See Technical Notes.,**,104
VT,2016,May,12 month-ending,Number of Drug Overdose Deaths,104,100,0,Vermont,Numbers may differ from published reports using final data. See Technical Notes.,**,104
VT,2016,November,12 month-ending,Number of Drug Overdose Deaths,128,100,0,Vermont,Numbers may differ from published reports using final data. See Technical Notes.,**,128
VT,2016,October,12 month-ending,Number of Drug Overdose Deaths,129,100,0,Vermont,Numbers may differ from published reports using final data. See Technical Notes.,**,129
VT,2016,September,12 month-ending,Number of Drug Overdose Deaths,118,100,0,Vermont,Numbers may differ from published reports using final data. See Technical Notes.,**,118
VT,2017,April,12 month-ending,Number of Drug Overdose Deaths,143,100,0,Vermont,Numbers may differ from published reports using final data. See Technical Notes.,**,143
VT,2017,August,12 month-ending,Number of Drug Overdose Deaths,132,100,0,Vermont,Numbers may differ from published reports using final data. See Technical Notes.,**,132
VT,2017,December,12 month-ending,Number of Drug Overdose Deaths,128,100,0,Vermont,Numbers may differ from published reports using final data. See Technical Notes.,**,128
VT,2017,February,12 month-ending,Number of Drug Overdose Deaths,139,100,0,Vermont,Numbers may differ from published reports using final data. See Technical Notes.,**,139
VT,2017,January,12 month-ending,Number of Drug Overdose Deaths,137,100,0,Vermont,Numbers may differ from published reports using final data. See Technical Notes.,**,137
VT,2017,July,12 month-ending,Number of Drug Overdose Deaths,141,100,0,Vermont,Numbers may differ from published reports using final data. See Technical Notes.,**,141
VT,2017,June,12 month-ending,Number of Drug Overdose Deaths,138,100,0,Vermont,Numbers may differ from published reports using final data. See Technical Notes.,**,138
VT,2017,March,12 month-ending,Number of Drug Overdose Deaths,143,100,0,Vermont,Numbers may differ from published reports using final data. See Technical Notes.,**,143
VT,2017,May,12 month-ending,Number of Drug Overdose Deaths,141,100,0,Vermont,Numbers may differ from published reports using final data. See Technical Notes.,**,141
VT,2017,November,12 month-ending,Number of Drug Overdose Deaths,135,100,0,Vermont,Numbers may differ from published reports using final data. See Technical Notes.,**,135
VT,2017,October,12 month-ending,Number of Drug Overdose Deaths,126,100,0,Vermont,Numbers may differ from published reports using final data. See Technical Notes.,**,126
VT,2017,September,12 month-ending,Number of Drug Overdose Deaths,130,100,0,Vermont,Numbers may differ from published reports using final data. See Technical Notes.,**,130
VT,2018,April,12 month-ending,Number of Drug Overdose Deaths,123,100,0,Vermont,Numbers may differ from published reports using final data. See Technical Notes.,**,123
VT,2018,August,12 month-ending,Number of Drug Overdose Deaths,136,100,0,Vermont,Numbers may differ from published reports using final data. See Technical Notes.,**,136
VT,2018,December,12 month-ending,Number of Drug Overdose Deaths,144,100,0,Vermont,Numbers may differ from published reports using final data. See Technical Notes.,**,144
VT,2018,February,12 month-ending,Number of Drug Overdose Deaths,127,100,0,Vermont,Numbers may differ from published reports using final data. See Technical Notes.,**,127
VT,2018,January,12 month-ending,Number of Drug Overdose Deaths,129,100,0,Vermont,Numbers may differ from published reports using final data. See Technical Notes.,**,129
VT,2018,July,12 month-ending,Number of Drug Overdose Deaths,137,100,0,Vermont,Numbers may differ from published reports using final data. See Technical Notes.,**,137
VT,2018,June,12 month-ending,Number of Drug Overdose Deaths,134,100,0,Vermont,Numbers may differ from published reports using final data. See Technical Notes.,**,134
VT,2018,March,12 month-ending,Number of Drug Overdose Deaths,126,100,0,Vermont,Numbers may differ from published reports using final data. See Technical Notes.,**,126
VT,2018,May,12 month-ending,Number of Drug Overdose Deaths,134,100,0,Vermont,Numbers may differ from published reports using final data. See Technical Notes.,**,134
VT,2018,November,12 month-ending,Number of Drug Overdose Deaths,136,100,0,Vermont,Numbers may differ from published reports using final data. See Technical Notes.,**,136
VT,2018,October,12 month-ending,Number of Drug Overdose Deaths,146,100,0,Vermont,Numbers may differ from published reports using final data. See Technical Notes.,**,146
VT,2018,September,12 month-ending,Number of Drug Overdose Deaths,142,100,0,Vermont,Numbers may differ from published reports using final data. See Technical Notes.,**,142
VT,2019,April,12 month-ending,Number of Drug Overdose Deaths,147,100,0,Vermont,Numbers may differ from published reports using final data. See Technical Notes.,**,147
VT,2019,August,12 month-ending,Number of Drug Overdose Deaths,138,100,0,Vermont,Numbers may differ from published reports using final data. See Technical Notes.,**,138
VT,2019,December,12 month-ending,Number of Drug Overdose Deaths,118,100,0,Vermont,Numbers may differ from published reports using final data. See Technical Notes.,**,118
VT,2019,February,12 month-ending,Number of Drug Overdose Deaths,150,100,0,Vermont,Numbers may differ from published reports using final data. See Technical Notes.,**,150
VT,2019,January,12 month-ending,Number of Drug Overdose Deaths,147,100,0,Vermont,Numbers may differ from published reports using final data. See Technical Notes.,**,147
VT,2019,July,12 month-ending,Number of Drug Overdose Deaths,128,100,0,Vermont,Numbers may differ from published reports using final data. See Technical Notes.,**,128
VT,2019,June,12 month-ending,Number of Drug Overdose Deaths,132,100,0,Vermont,Numbers may differ from published reports using final data. See Technical Notes.,**,132
VT,2019,March,12 month-ending,Number of Drug Overdose Deaths,144,100,0,Vermont,Numbers may differ from published reports using final data. See Technical Notes.,**,144
VT,2019,May,12 month-ending,Number of Drug Overdose Deaths,135,100,0,Vermont,Numbers may differ from published reports using final data. See Technical Notes.,**,135
VT,2019,November,12 month-ending,Number of Drug Overdose Deaths,123,100,0,Vermont,Numbers may differ from published reports using final data. See Technical Notes.,**,123
VT,2019,October,12 month-ending,Number of Drug Overdose Deaths,123,100,0,Vermont,Numbers may differ from published reports using final data. See Technical Notes.,**,123
VT,2019,September,12 month-ending,Number of Drug Overdose Deaths,130,100,0,Vermont,Numbers may differ from published reports using final data. See Technical Notes.,**,130
VT,2020,April,12 month-ending,Number of Drug Overdose Deaths,123,100,0,Vermont,Numbers may differ from published reports using final data. See Technical Notes.,**,123
VT,2020,August,12 month-ending,Number of Drug Overdose Deaths,148,100,0,Vermont,Numbers may differ from published reports using final data. See Technical Notes.,**,148
VT,2020,December,12 month-ending,Number of Drug Overdose Deaths,186,100,0,Vermont,Numbers may differ from published reports using final data. See Technical Notes.,**,186
VT,2020,February,12 month-ending,Number of Drug Overdose Deaths,110,100,0,Vermont,Numbers may differ from published reports using final data. See Technical Notes.,**,110
VT,2020,January,12 month-ending,Number of Drug Overdose Deaths,116,100,0,Vermont,Numbers may differ from published reports using final data. See Technical Notes.,**,116
VT,2020,July,12 month-ending,Number of Drug Overdose Deaths,146,100,0,Vermont,Numbers may differ from published reports using final data. See Technical Notes.,**,146
VT,2020,June,12 month-ending,Number of Drug Overdose Deaths,141,100,0,Vermont,Numbers may differ from published reports using final data. See Technical Notes.,**,141
VT,2020,March,12 month-ending,Number of Drug Overdose Deaths,114,100,0,Vermont,Numbers may differ from published reports using final data. See Technical Notes.,**,114
VT,2020,May,12 month-ending,Number of Drug Overdose Deaths,136,100,0,Vermont,Numbers may differ from published reports using final data. See Technical Notes.,**,136
VT,2020,November,12 month-ending,Number of Drug Overdose Deaths,177,100,0,Vermont,Numbers may differ from published reports using final data. See Technical Notes.,**,177
VT,2020,October,12 month-ending,Number of Drug Overdose Deaths,166,100,0,Vermont,Numbers may differ from published reports using final data. See Technical Notes.,**,166
VT,2020,September,12 month-ending,Number of Drug Overdose Deaths,154,100,0,Vermont,Numbers may differ from published reports using final data. See Technical Notes.,**,154
VT,2021,April,12 month-ending,Number of Drug Overdose Deaths,209,100,0,Vermont,Numbers may differ from published reports using final data. See Technical Notes.,**,209
VT,2021,August,12 month-ending,Number of Drug Overdose Deaths,233,100,0,Vermont,Numbers may differ from published reports using final data. See Technical Notes.,**,233
VT,2021,December,12 month-ending,Number of Drug Overdose Deaths,251,100,0,Vermont,Numbers may differ from published reports using final data. See Technical Notes.,**,251
VT,2021,February,12 month-ending,Number of Drug Overdose Deaths,194,100,0,Vermont,Numbers may differ from published reports using final data. See Technical Notes.,**,194
VT,2021,January,12 month-ending,Number of Drug Overdose Deaths,191,100,0,Vermont,Numbers may differ from published reports using final data. See Technical Notes.,**,191
VT,2021,July,12 month-ending,Number of Drug Overdose Deaths,231,100,0,Vermont,Numbers may differ from published reports using final data. See Technical Notes.,**,231
VT,2021,June,12 month-ending,Number of Drug Overdose Deaths,219,100,0,Vermont,Numbers may differ from published reports using final data. See Technical Notes.,**,219
VT,2021,March,12 month-ending,Number of Drug Overdose Deaths,211,100,0,Vermont,Numbers may differ from published reports using final data. See Technical Notes.,**,211
VT,2021,May,12 month-ending,Number of Drug Overdose Deaths,210,100,0,Vermont,Numbers may differ from published reports using final data. See Technical Notes.,**,210
VT,2021,November,12 month-ending,Number of Drug Overdose Deaths,255,100,0,Vermont,Numbers may differ from published reports using final data. See Technical Notes.,**,255
VT,2021,October,12 month-ending,Number of Drug Overdose Deaths,248,100,0,Vermont,Numbers may differ from published reports using final data. See Technical Notes.,**,248
VT,2021,September,12 month-ending,Number of Drug Overdose Deaths,246,100,0,Vermont,Numbers may differ from published reports using final data. See Technical Notes.,**,246
VT,2022,April,12 month-ending,Number of Drug Overdose Deaths,254,100,0,Vermont,Numbers may differ from published reports using final data. See Technical Notes.,**,254
VT,2022,August,12 month-ending,Number of Drug Overdose Deaths,270,100,0,Vermont,Numbers may differ from published reports using final data. See Technical Notes.,**,270
VT,2022,December,12 month-ending,Number of Drug Overdose Deaths,266,100,0,Vermont,Numbers may differ from published reports using final data. See Technical Notes.,**,266
VT,2022,February,12 month-ending,Number of Drug Overdose Deaths,260,100,0,Vermont,Numbers may differ from published reports using final data. See Technical Notes.,**,260
VT,2022,January,12 month-ending,Number of Drug Overdose Deaths,257,100,0,Vermont,Numbers may differ from published reports using final data. See Technical Notes.,**,257
VT,2022,July,12 month-ending,Number of Drug Overdose Deaths,265,100,0,Vermont,Numbers may differ from published reports using final data. See Technical Notes.,**,265
VT,2022,June,12 month-ending,Number of Drug Overdose Deaths,258,100,0,Vermont,Numbers may differ from published reports using final data. See Technical Notes.,**,258
VT,2022,March,12 month-ending,Number of Drug Overdose Deaths,251,100,0,Vermont,Numbers may differ from published reports using final data. See Technical Notes.,**,251
VT,2022,May,12 month-ending,Number of Drug Overdose Deaths,260,100,0,Vermont,Numbers may differ from published reports using final data. See Technical Notes.,**,260
VT,2022,November,12 month-ending,Number of Drug Overdose Deaths,256,100,0,Vermont,Numbers may differ from published reports using final data. See Technical Notes.,**,256
VT,2022,October,12 month-ending,Number of Drug Overdose Deaths,263,100,0,Vermont,Numbers may differ from published reports using final data. See Technical Notes.,**,263
VT,2022,September,12 month-ending,Number of Drug Overdose Deaths,263,100,0,Vermont,Numbers may differ from published reports using final data. See Technical Notes.,**,263
VT,2023,April,12 month-ending,Number of Drug Overdose Deaths,279,100,0.015062509,Vermont,Underreported due to incomplete data.,*,279
VT,2023,August,12 month-ending,Number of Drug Overdose Deaths,257,100,0.030712531,Vermont,Underreported due to incomplete data.,*,258
VT,2023,February,12 month-ending,Number of Drug Overdose Deaths,273,100,0,Vermont,Underreported due to incomplete data.,*,273
VT,2023,January,12 month-ending,Number of Drug Overdose Deaths,264,100,0,Vermont,Underreported due to incomplete data.,*,264
VT,2023,July,12 month-ending,Number of Drug Overdose Deaths,256,100,0.015417823,Vermont,Underreported due to incomplete data.,*,256
VT,2023,June,12 month-ending,Number of Drug Overdose Deaths,268,100,0.015335071,Vermont,Underreported due to incomplete data.,*,268
VT,2023,March,12 month-ending,Number of Drug Overdose Deaths,270,100,0.015169903,Vermont,Underreported due to incomplete data.,*,270
VT,2023,May,12 month-ending,Number of Drug Overdose Deaths,269,100,0.015158405,Vermont,Underreported due to incomplete data.,*,269
VT,2023,October,12 month-ending,Number of Drug Overdose Deaths,257,100,0.076522804,Vermont,Underreported due to incomplete data.,*,259
VT,2023,September,12 month-ending,Number of Drug Overdose Deaths,256,100,0.030548343,Vermont,Underreported due to incomplete data.,*,257
WA,2015,April,12 month-ending,Number of Drug Overdose Deaths,1017,100,0.007545177,Washington,Numbers may differ from published reports using final data. See Technical Notes.,**,1017
WA,2015,August,12 month-ending,Number of Drug Overdose Deaths,1066,100,0.005554013,Washington,Numbers may differ from published reports using final data. See Technical Notes.,**,1066
WA,2015,December,12 month-ending,Number of Drug Overdose Deaths,1109,100,0.005491589,Washington,Numbers may differ from published reports using final data. See Technical Notes.,**,1109
WA,2015,February,12 month-ending,Number of Drug Overdose Deaths,1000,100,0.00950733,Washington,Numbers may differ from published reports using final data. See Technical Notes.,**,1000
WA,2015,January,12 month-ending,Number of Drug Overdose Deaths,996,100,0.007620935,Washington,Numbers may differ from published reports using final data. See Technical Notes.,**,996
WA,2015,July,12 month-ending,Number of Drug Overdose Deaths,1068,100,0.005560292,Washington,Numbers may differ from published reports using final data. See Technical Notes.,**,1068
WA,2015,June,12 month-ending,Number of Drug Overdose Deaths,1050,100,0.005591069,Washington,Numbers may differ from published reports using final data. See Technical Notes.,**,1050
WA,2015,March,12 month-ending,Number of Drug Overdose Deaths,1018,100,0.00756859,Washington,Numbers may differ from published reports using final data. See Technical Notes.,**,1018
WA,2015,May,12 month-ending,Number of Drug Overdose Deaths,1020,100,0.007491058,Washington,Numbers may differ from published reports using final data. See Technical Notes.,**,1020
WA,2015,November,12 month-ending,Number of Drug Overdose Deaths,1110,100,0.00550863,Washington,Numbers may differ from published reports using final data. See Technical Notes.,**,1110
WA,2015,October,12 month-ending,Number of Drug Overdose Deaths,1099,100,0.007345784,Washington,Numbers may differ from published reports using final data. See Technical Notes.,**,1099
WA,2015,September,12 month-ending,Number of Drug Overdose Deaths,1090,100,0.005522014,Washington,Numbers may differ from published reports using final data. See Technical Notes.,**,1090
WA,2016,April,12 month-ending,Number of Drug Overdose Deaths,1165,100,0.00547046,Washington,Numbers may differ from published reports using final data. See Technical Notes.,**,1165
WA,2016,August,12 month-ending,Number of Drug Overdose Deaths,1183,100,0.00915248,Washington,Numbers may differ from published reports using final data. See Technical Notes.,**,1183
WA,2016,December,12 month-ending,Number of Drug Overdose Deaths,1117,100,0.021911005,Washington,Numbers may differ from published reports using final data. See Technical Notes.,**,1117
WA,2016,February,12 month-ending,Number of Drug Overdose Deaths,1139,100,0.003657979,Washington,Numbers may differ from published reports using final data. See Technical Notes.,**,1139
WA,2016,January,12 month-ending,Number of Drug Overdose Deaths,1134,100,0.005510451,Washington,Numbers may differ from published reports using final data. See Technical Notes.,**,1134
WA,2016,July,12 month-ending,Number of Drug Overdose Deaths,1177,100,0.007318367,Washington,Numbers may differ from published reports using final data. See Technical Notes.,**,1177
WA,2016,June,12 month-ending,Number of Drug Overdose Deaths,1162,100,0.005482957,Washington,Numbers may differ from published reports using final data. See Technical Notes.,**,1162
WA,2016,March,12 month-ending,Number of Drug Overdose Deaths,1137,100,0.005480353,Washington,Numbers may differ from published reports using final data. See Technical Notes.,**,1137
WA,2016,May,12 month-ending,Number of Drug Overdose Deaths,1163,100,0.005479152,Washington,Numbers may differ from published reports using final data. See Technical Notes.,**,1163
WA,2016,November,12 month-ending,Number of Drug Overdose Deaths,1127,100,0.018312,Washington,Numbers may differ from published reports using final data. See Technical Notes.,**,1127
WA,2016,October,12 month-ending,Number of Drug Overdose Deaths,1155,100,0.016456391,Washington,Numbers may differ from published reports using final data. See Technical Notes.,**,1155
WA,2016,September,12 month-ending,Number of Drug Overdose Deaths,1171,100,0.014656578,Washington,Numbers may differ from published reports using final data. See Technical Notes.,**,1171
WA,2017,April,12 month-ending,Number of Drug Overdose Deaths,1097,100,0.035641729,Washington,Numbers may differ from published reports using final data. See Technical Notes.,**,1097
WA,2017,August,12 month-ending,Number of Drug Overdose Deaths,1065,100,0.058401911,Washington,Numbers may differ from published reports using final data. See Technical Notes.,**,1068
WA,2017,December,12 month-ending,Number of Drug Overdose Deaths,1168,100,0.087750088,Washington,Numbers may differ from published reports using final data. See Technical Notes.,**,1175
WA,2017,February,12 month-ending,Number of Drug Overdose Deaths,1108,100,0.03209071,Washington,Numbers may differ from published reports using final data. See Technical Notes.,**,1108
WA,2017,January,12 month-ending,Number of Drug Overdose Deaths,1105,100,0.026892323,Washington,Numbers may differ from published reports using final data. See Technical Notes.,**,1105
WA,2017,July,12 month-ending,Number of Drug Overdose Deaths,1060,100,0.058741856,Washington,Numbers may differ from published reports using final data. See Technical Notes.,**,1063
WA,2017,June,12 month-ending,Number of Drug Overdose Deaths,1068,100,0.053461641,Washington,Numbers may differ from published reports using final data. See Technical Notes.,**,1070
WA,2017,March,12 month-ending,Number of Drug Overdose Deaths,1120,100,0.032071841,Washington,Numbers may differ from published reports using final data. See Technical Notes.,**,1120
WA,2017,May,12 month-ending,Number of Drug Overdose Deaths,1093,100,0.039149391,Washington,Numbers may differ from published reports using final data. See Technical Notes.,**,1094
WA,2017,November,12 month-ending,Number of Drug Overdose Deaths,1133,100,0.070170514,Washington,Numbers may differ from published reports using final data. See Technical Notes.,**,1138
WA,2017,October,12 month-ending,Number of Drug Overdose Deaths,1112,100,0.056496178,Washington,Numbers may differ from published reports using final data. See Technical Notes.,**,1115
WA,2017,September,12 month-ending,Number of Drug Overdose Deaths,1094,100,0.054770318,Washington,Numbers may differ from published reports using final data. See Technical Notes.,**,1097
WA,2018,April,12 month-ending,Number of Drug Overdose Deaths,1159,100,0.086618349,Washington,Numbers may differ from published reports using final data. See Technical Notes.,**,1166
WA,2018,August,12 month-ending,Number of Drug Overdose Deaths,1168,100,0.10702881,Washington,Numbers may differ from published reports using final data. See Technical Notes.,**,1178
WA,2018,December,12 month-ending,Number of Drug Overdose Deaths,1163,100,0.138793724,Washington,Numbers may differ from published reports using final data. See Technical Notes.,**,1178
WA,2018,February,12 month-ending,Number of Drug Overdose Deaths,1169,100,0.080121072,Washington,Numbers may differ from published reports using final data. See Technical Notes.,**,1175
WA,2018,January,12 month-ending,Number of Drug Overdose Deaths,1165,100,0.083277225,Washington,Numbers may differ from published reports using final data. See Technical Notes.,**,1172
WA,2018,July,12 month-ending,Number of Drug Overdose Deaths,1167,100,0.08760403,Washington,Numbers may differ from published reports using final data. See Technical Notes.,**,1174
WA,2018,June,12 month-ending,Number of Drug Overdose Deaths,1182,100,0.084456487,Washington,Numbers may differ from published reports using final data. See Technical Notes.,**,1189
WA,2018,March,12 month-ending,Number of Drug Overdose Deaths,1165,100,0.079879294,Washington,Numbers may differ from published reports using final data. See Technical Notes.,**,1171
WA,2018,May,12 month-ending,Number of Drug Overdose Deaths,1160,100,0.090209605,Washington,Numbers may differ from published reports using final data. See Technical Notes.,**,1168
WA,2018,November,12 month-ending,Number of Drug Overdose Deaths,1175,100,0.140183641,Washington,Numbers may differ from published reports using final data. See Technical Notes.,**,1190
WA,2018,October,12 month-ending,Number of Drug Overdose Deaths,1182,100,0.131343911,Washington,Numbers may differ from published reports using final data. See Technical Notes.,**,1196
WA,2018,September,12 month-ending,Number of Drug Overdose Deaths,1169,100,0.119472214,Washington,Numbers may differ from published reports using final data. See Technical Notes.,**,1181
WA,2019,April,12 month-ending,Number of Drug Overdose Deaths,1182,100,0.146676212,Washington,Numbers may differ from published reports using final data. See Technical Notes.,**,1198
WA,2019,August,12 month-ending,Number of Drug Overdose Deaths,1215,100,0.119492934,Washington,Numbers may differ from published reports using final data. See Technical Notes.,**,1227
WA,2019,December,12 month-ending,Number of Drug Overdose Deaths,1251,100,0.070422535,Washington,Numbers may differ from published reports using final data. See Technical Notes.,**,1256
WA,2019,February,12 month-ending,Number of Drug Overdose Deaths,1180,100,0.140409997,Washington,Numbers may differ from published reports using final data. See Technical Notes.,**,1195
WA,2019,January,12 month-ending,Number of Drug Overdose Deaths,1181,100,0.14274637,Washington,Numbers may differ from published reports using final data. See Technical Notes.,**,1196
WA,2019,July,12 month-ending,Number of Drug Overdose Deaths,1203,100,0.138609744,Washington,Numbers may differ from published reports using final data. See Technical Notes.,**,1218
WA,2019,June,12 month-ending,Number of Drug Overdose Deaths,1190,100,0.138655389,Washington,Numbers may differ from published reports using final data. See Technical Notes.,**,1205
WA,2019,March,12 month-ending,Number of Drug Overdose Deaths,1181,100,0.141648013,Washington,Numbers may differ from published reports using final data. See Technical Notes.,**,1196
WA,2019,May,12 month-ending,Number of Drug Overdose Deaths,1182,100,0.145782714,Washington,Numbers may differ from published reports using final data. See Technical Notes.,**,1198
WA,2019,November,12 month-ending,Number of Drug Overdose Deaths,1238,100,0.082731519,Washington,Numbers may differ from published reports using final data. See Technical Notes.,**,1245
WA,2019,October,12 month-ending,Number of Drug Overdose Deaths,1220,100,0.098336899,Washington,Numbers may differ from published reports using final data. See Technical Notes.,**,1229
WA,2019,September,12 month-ending,Number of Drug Overdose Deaths,1223,100,0.110630942,Washington,Numbers may differ from published reports using final data. See Technical Notes.,**,1234
WA,2020,April,12 month-ending,Number of Drug Overdose Deaths,1390,100,0.050859526,Washington,Numbers may differ from published reports using final data. See Technical Notes.,**,1393
WA,2020,August,12 month-ending,Number of Drug Overdose Deaths,1579,100,0.033139467,Washington,Numbers may differ from published reports using final data. See Technical Notes.,**,1579
WA,2020,December,12 month-ending,Number of Drug Overdose Deaths,1726,100,0.022215522,Washington,Numbers may differ from published reports using final data. See Technical Notes.,**,1726
WA,2020,February,12 month-ending,Number of Drug Overdose Deaths,1276,100,0.066889632,Washington,Numbers may differ from published reports using final data. See Technical Notes.,**,1281
WA,2020,January,12 month-ending,Number of Drug Overdose Deaths,1265,100,0.066836901,Washington,Numbers may differ from published reports using final data. See Technical Notes.,**,1270
WA,2020,July,12 month-ending,Number of Drug Overdose Deaths,1549,100,0.031851939,Washington,Numbers may differ from published reports using final data. See Technical Notes.,**,1549
WA,2020,June,12 month-ending,Number of Drug Overdose Deaths,1507,100,0.042274003,Washington,Numbers may differ from published reports using final data. See Technical Notes.,**,1508
WA,2020,March,12 month-ending,Number of Drug Overdose Deaths,1318,100,0.065027294,Washington,Numbers may differ from published reports using final data. See Technical Notes.,**,1323
WA,2020,May,12 month-ending,Number of Drug Overdose Deaths,1462,100,0.044039432,Washington,Numbers may differ from published reports using final data. See Technical Notes.,**,1463
WA,2020,November,12 month-ending,Number of Drug Overdose Deaths,1681,100,0.022581374,Washington,Numbers may differ from published reports using final data. See Technical Notes.,**,1681
WA,2020,October,12 month-ending,Number of Drug Overdose Deaths,1637,100,0.02777914,Washington,Numbers may differ from published reports using final data. See Technical Notes.,**,1637
WA,2020,September,12 month-ending,Number of Drug Overdose Deaths,1596,100,0.029543067,Washington,Numbers may differ from published reports using final data. See Technical Notes.,**,1596
WA,2021,April,12 month-ending,Number of Drug Overdose Deaths,1895,100,0.020429651,Washington,Numbers may differ from published reports using final data. See Technical Notes.,**,1895
WA,2021,August,12 month-ending,Number of Drug Overdose Deaths,2081,100,0.022783195,Washington,Numbers may differ from published reports using final data. See Technical Notes.,**,2081
WA,2021,December,12 month-ending,Number of Drug Overdose Deaths,2264,100,0.039303026,Washington,Numbers may differ from published reports using final data. See Technical Notes.,**,2265
WA,2021,February,12 month-ending,Number of Drug Overdose Deaths,1813,100,0.021880812,Washington,Numbers may differ from published reports using final data. See Technical Notes.,**,1813
WA,2021,January,12 month-ending,Number of Drug Overdose Deaths,1777,100,0.021980092,Washington,Numbers may differ from published reports using final data. See Technical Notes.,**,1777
WA,2021,July,12 month-ending,Number of Drug Overdose Deaths,2009,100,0.023037582,Washington,Numbers may differ from published reports using final data. See Technical Notes.,**,2009
WA,2021,June,12 month-ending,Number of Drug Overdose Deaths,1944,100,0.023143505,Washington,Numbers may differ from published reports using final data. See Technical Notes.,**,1944
WA,2021,March,12 month-ending,Number of Drug Overdose Deaths,1861,100,0.020371386,Washington,Numbers may differ from published reports using final data. See Technical Notes.,**,1861
WA,2021,May,12 month-ending,Number of Drug Overdose Deaths,1913,100,0.021908205,Washington,Numbers may differ from published reports using final data. See Technical Notes.,**,1913
WA,2021,November,12 month-ending,Number of Drug Overdose Deaths,2235,100,0.030579704,Washington,Numbers may differ from published reports using final data. See Technical Notes.,**,2235
WA,2021,October,12 month-ending,Number of Drug Overdose Deaths,2196,100,0.029266722,Washington,Numbers may differ from published reports using final data. See Technical Notes.,**,2196
WA,2021,September,12 month-ending,Number of Drug Overdose Deaths,2141,100,0.028259091,Washington,Numbers may differ from published reports using final data. See Technical Notes.,**,2141
WA,2022,April,12 month-ending,Number of Drug Overdose Deaths,2346,100,0.040978974,Washington,Numbers may differ from published reports using final data. See Technical Notes.,**,2347
WA,2022,August,12 month-ending,Number of Drug Overdose Deaths,2450,100,0.058107399,Washington,Numbers may differ from published reports using final data. See Technical Notes.,**,2456
WA,2022,December,12 month-ending,Number of Drug Overdose Deaths,2753,100,0.06792791,Washington,Numbers may differ from published reports using final data. See Technical Notes.,**,2763
WA,2022,February,12 month-ending,Number of Drug Overdose Deaths,2346,100,0.039778943,Washington,Numbers may differ from published reports using final data. See Technical Notes.,**,2347
WA,2022,January,12 month-ending,Number of Drug Overdose Deaths,2296,100,0.04014855,Washington,Numbers may differ from published reports using final data. See Technical Notes.,**,2297
WA,2022,July,12 month-ending,Number of Drug Overdose Deaths,2413,100,0.054997744,Washington,Numbers may differ from published reports using final data. See Technical Notes.,**,2418
WA,2022,June,12 month-ending,Number of Drug Overdose Deaths,2385,100,0.050894902,Washington,Numbers may differ from published reports using final data. See Technical Notes.,**,2389
WA,2022,March,12 month-ending,Number of Drug Overdose Deaths,2351,100,0.042479079,Washington,Numbers may differ from published reports using final data. See Technical Notes.,**,2353
WA,2022,May,12 month-ending,Number of Drug Overdose Deaths,2367,100,0.04084507,Washington,Numbers may differ from published reports using final data. See Technical Notes.,**,2368
WA,2022,November,12 month-ending,Number of Drug Overdose Deaths,2602,100,0.062714213,Washington,Numbers may differ from published reports using final data. See Technical Notes.,**,2610
WA,2022,October,12 month-ending,Number of Drug Overdose Deaths,2513,100,0.059746732,Washington,Numbers may differ from published reports using final data. See Technical Notes.,**,2520
WA,2022,September,12 month-ending,Number of Drug Overdose Deaths,2477,100,0.057534089,Washington,Numbers may differ from published reports using final data. See Technical Notes.,**,2483
WA,2023,April,12 month-ending,Number of Drug Overdose Deaths,3126,100,0.085009087,Washington,Underreported due to incomplete data.,*,3147
WA,2023,August,12 month-ending,Number of Drug Overdose Deaths,3391,100,0.143270752,Washington,Underreported due to incomplete data.,*,3442
WA,2023,February,12 month-ending,Number of Drug Overdose Deaths,2891,100,0.073775692,Washington,Underreported due to incomplete data.,*,2899
WA,2023,January,12 month-ending,Number of Drug Overdose Deaths,2848,100,0.071795924,Washington,Underreported due to incomplete data.,*,2848
WA,2023,July,12 month-ending,Number of Drug Overdose Deaths,3373,100,0.112876875,Washington,Underreported due to incomplete data.,*,3410
WA,2023,June,12 month-ending,Number of Drug Overdose Deaths,3295,100,0.101786426,Washington,Underreported due to incomplete data.,*,3323
WA,2023,March,12 month-ending,Number of Drug Overdose Deaths,3004,100,0.079388415,Washington,Underreported due to incomplete data.,*,3023
WA,2023,May,12 month-ending,Number of Drug Overdose Deaths,3214,100,0.098472935,Washington,Underreported due to incomplete data.,*,3244
WA,2023,October,12 month-ending,Number of Drug Overdose Deaths,3462,100,0.277384237,Washington,Underreported due to incomplete data.,*,3570
WA,2023,September,12 month-ending,Number of Drug Overdose Deaths,3446,100,0.19875368,Washington,Underreported due to incomplete data.,*,3517
WI,2015,April,12 month-ending,Number of Drug Overdose Deaths,871,100,0.070120764,Wisconsin,Numbers may differ from published reports using final data. See Technical Notes.,**,875
WI,2015,August,12 month-ending,Number of Drug Overdose Deaths,836,100,0.091550119,Wisconsin,Numbers may differ from published reports using final data. See Technical Notes.,**,842
WI,2015,December,12 month-ending,Number of Drug Overdose Deaths,873,100,0.207541998,Wisconsin,Numbers may differ from published reports using final data. See Technical Notes.,**,892
WI,2015,February,12 month-ending,Number of Drug Overdose Deaths,872,100,0.068896282,Wisconsin,Numbers may differ from published reports using final data. See Technical Notes.,**,876
WI,2015,January,12 month-ending,Number of Drug Overdose Deaths,849,100,0.065142722,Wisconsin,Numbers may differ from published reports using final data. See Technical Notes.,**,852
WI,2015,July,12 month-ending,Number of Drug Overdose Deaths,849,100,0.089635418,Wisconsin,Numbers may differ from published reports using final data. See Technical Notes.,**,855
WI,2015,June,12 month-ending,Number of Drug Overdose Deaths,860,100,0.083841909,Wisconsin,Numbers may differ from published reports using final data. See Technical Notes.,**,865
WI,2015,March,12 month-ending,Number of Drug Overdose Deaths,872,100,0.066499765,Wisconsin,Numbers may differ from published reports using final data. See Technical Notes.,**,875
WI,2015,May,12 month-ending,Number of Drug Overdose Deaths,862,100,0.08002967,Wisconsin,Numbers may differ from published reports using final data. See Technical Notes.,**,867
WI,2015,November,12 month-ending,Number of Drug Overdose Deaths,867,100,0.159887689,Wisconsin,Numbers may differ from published reports using final data. See Technical Notes.,**,880
WI,2015,October,12 month-ending,Number of Drug Overdose Deaths,887,100,0.112732998,Wisconsin,Numbers may differ from published reports using final data. See Technical Notes.,**,895
WI,2015,September,12 month-ending,Number of Drug Overdose Deaths,880,100,0.103132905,Wisconsin,Numbers may differ from published reports using final data. See Technical Notes.,**,887
WI,2016,April,12 month-ending,Number of Drug Overdose Deaths,934,100,0.208571091,Wisconsin,Numbers may differ from published reports using final data. See Technical Notes.,**,954
WI,2016,August,12 month-ending,Number of Drug Overdose Deaths,1054,100,0.201018755,Wisconsin,Numbers may differ from published reports using final data. See Technical Notes.,**,1075
WI,2016,December,12 month-ending,Number of Drug Overdose Deaths,1079,100,0.108422072,Wisconsin,Numbers may differ from published reports using final data. See Technical Notes.,**,1089
WI,2016,February,12 month-ending,Number of Drug Overdose Deaths,912,100,0.204410551,Wisconsin,Numbers may differ from published reports using final data. See Technical Notes.,**,931
WI,2016,January,12 month-ending,Number of Drug Overdose Deaths,895,100,0.209275236,Wisconsin,Numbers may differ from published reports using final data. See Technical Notes.,**,914
WI,2016,July,12 month-ending,Number of Drug Overdose Deaths,1004,100,0.194018736,Wisconsin,Numbers may differ from published reports using final data. See Technical Notes.,**,1024
WI,2016,June,12 month-ending,Number of Drug Overdose Deaths,972,100,0.196032306,Wisconsin,Numbers may differ from published reports using final data. See Technical Notes.,**,991
WI,2016,March,12 month-ending,Number of Drug Overdose Deaths,924,100,0.206367925,Wisconsin,Numbers may differ from published reports using final data. See Technical Notes.,**,943
WI,2016,May,12 month-ending,Number of Drug Overdose Deaths,968,100,0.199862839,Wisconsin,Numbers may differ from published reports using final data. See Technical Notes.,**,988
WI,2016,November,12 month-ending,Number of Drug Overdose Deaths,1066,100,0.138304504,Wisconsin,Numbers may differ from published reports using final data. See Technical Notes.,**,1079
WI,2016,October,12 month-ending,Number of Drug Overdose Deaths,1062,100,0.183557899,Wisconsin,Numbers may differ from published reports using final data. See Technical Notes.,**,1081
WI,2016,September,12 month-ending,Number of Drug Overdose Deaths,1056,100,0.191197128,Wisconsin,Numbers may differ from published reports using final data. See Technical Notes.,**,1076
WI,2017,April,12 month-ending,Number of Drug Overdose Deaths,1094,100,0.109970674,Wisconsin,Numbers may differ from published reports using final data. See Technical Notes.,**,1104
WI,2017,August,12 month-ending,Number of Drug Overdose Deaths,1149,100,0.097564708,Wisconsin,Numbers may differ from published reports using final data. See Technical Notes.,**,1158
WI,2017,December,12 month-ending,Number of Drug Overdose Deaths,1177,100,0.171131943,Wisconsin,Numbers may differ from published reports using final data. See Technical Notes.,**,1196
WI,2017,February,12 month-ending,Number of Drug Overdose Deaths,1104,100,0.115626987,Wisconsin,Numbers may differ from published reports using final data. See Technical Notes.,**,1115
WI,2017,January,12 month-ending,Number of Drug Overdose Deaths,1100,100,0.111703869,Wisconsin,Numbers may differ from published reports using final data. See Technical Notes.,**,1110
WI,2017,July,12 month-ending,Number of Drug Overdose Deaths,1146,100,0.10711963,Wisconsin,Numbers may differ from published reports using final data. See Technical Notes.,**,1156
WI,2017,June,12 month-ending,Number of Drug Overdose Deaths,1131,100,0.109274951,Wisconsin,Numbers may differ from published reports using final data. See Technical Notes.,**,1141
WI,2017,March,12 month-ending,Number of Drug Overdose Deaths,1095,100,0.115776474,Wisconsin,Numbers may differ from published reports using final data. See Technical Notes.,**,1106
WI,2017,May,12 month-ending,Number of Drug Overdose Deaths,1095,100,0.109642795,Wisconsin,Numbers may differ from published reports using final data. See Technical Notes.,**,1105
WI,2017,November,12 month-ending,Number of Drug Overdose Deaths,1170,100,0.131358514,Wisconsin,Numbers may differ from published reports using final data. See Technical Notes.,**,1184
WI,2017,October,12 month-ending,Number of Drug Overdose Deaths,1170,100,0.122135074,Wisconsin,Numbers may differ from published reports using final data. See Technical Notes.,**,1182
WI,2017,September,12 month-ending,Number of Drug Overdose Deaths,1146,100,0.106884507,Wisconsin,Numbers may differ from published reports using final data. See Technical Notes.,**,1156
WI,2018,April,12 month-ending,Number of Drug Overdose Deaths,1154,100,0.176320528,Wisconsin,Numbers may differ from published reports using final data. See Technical Notes.,**,1174
WI,2018,August,12 month-ending,Number of Drug Overdose Deaths,1098,100,0.173455685,Wisconsin,Numbers may differ from published reports using final data. See Technical Notes.,**,1117
WI,2018,December,12 month-ending,Number of Drug Overdose Deaths,1087,100,0.085957208,Wisconsin,Numbers may differ from published reports using final data. See Technical Notes.,**,1094
WI,2018,February,12 month-ending,Number of Drug Overdose Deaths,1144,100,0.163863409,Wisconsin,Numbers may differ from published reports using final data. See Technical Notes.,**,1162
WI,2018,January,12 month-ending,Number of Drug Overdose Deaths,1158,100,0.167943541,Wisconsin,Numbers may differ from published reports using final data. See Technical Notes.,**,1177
WI,2018,July,12 month-ending,Number of Drug Overdose Deaths,1112,100,0.177663076,Wisconsin,Numbers may differ from published reports using final data. See Technical Notes.,**,1131
WI,2018,June,12 month-ending,Number of Drug Overdose Deaths,1152,100,0.180099054,Wisconsin,Numbers may differ from published reports using final data. See Technical Notes.,**,1172
WI,2018,March,12 month-ending,Number of Drug Overdose Deaths,1165,100,0.165506865,Wisconsin,Numbers may differ from published reports using final data. See Technical Notes.,**,1183
WI,2018,May,12 month-ending,Number of Drug Overdose Deaths,1173,100,0.178236398,Wisconsin,Numbers may differ from published reports using final data. See Technical Notes.,**,1193
WI,2018,November,12 month-ending,Number of Drug Overdose Deaths,1075,100,0.135950536,Wisconsin,Numbers may differ from published reports using final data. See Technical Notes.,**,1088
WI,2018,October,12 month-ending,Number of Drug Overdose Deaths,1069,100,0.141426923,Wisconsin,Numbers may differ from published reports using final data. See Technical Notes.,**,1083
WI,2018,September,12 month-ending,Number of Drug Overdose Deaths,1087,100,0.160498666,Wisconsin,Numbers may differ from published reports using final data. See Technical Notes.,**,1104
WI,2019,April,12 month-ending,Number of Drug Overdose Deaths,1118,100,0.100257264,Wisconsin,Numbers may differ from published reports using final data. See Technical Notes.,**,1127
WI,2019,August,12 month-ending,Number of Drug Overdose Deaths,1152,100,0.105134704,Wisconsin,Numbers may differ from published reports using final data. See Technical Notes.,**,1162
WI,2019,December,12 month-ending,Number of Drug Overdose Deaths,1200,100,0.088913587,Wisconsin,Numbers may differ from published reports using final data. See Technical Notes.,**,1208
WI,2019,February,12 month-ending,Number of Drug Overdose Deaths,1069,100,0.102106418,Wisconsin,Numbers may differ from published reports using final data. See Technical Notes.,**,1078
WI,2019,January,12 month-ending,Number of Drug Overdose Deaths,1081,100,0.088522244,Wisconsin,Numbers may differ from published reports using final data. See Technical Notes.,**,1088
WI,2019,July,12 month-ending,Number of Drug Overdose Deaths,1138,100,0.103478768,Wisconsin,Numbers may differ from published reports using final data. See Technical Notes.,**,1147
WI,2019,June,12 month-ending,Number of Drug Overdose Deaths,1113,100,0.101633667,Wisconsin,Numbers may differ from published reports using final data. See Technical Notes.,**,1122
WI,2019,March,12 month-ending,Number of Drug Overdose Deaths,1085,100,0.098324698,Wisconsin,Numbers may differ from published reports using final data. See Technical Notes.,**,1093
WI,2019,May,12 month-ending,Number of Drug Overdose Deaths,1116,100,0.103779459,Wisconsin,Numbers may differ from published reports using final data. See Technical Notes.,**,1125
WI,2019,November,12 month-ending,Number of Drug Overdose Deaths,1199,100,0.092955809,Wisconsin,Numbers may differ from published reports using final data. See Technical Notes.,**,1207
WI,2019,October,12 month-ending,Number of Drug Overdose Deaths,1179,100,0.100682403,Wisconsin,Numbers may differ from published reports using final data. See Technical Notes.,**,1188
WI,2019,September,12 month-ending,Number of Drug Overdose Deaths,1167,100,0.104813955,Wisconsin,Numbers may differ from published reports using final data. See Technical Notes.,**,1177
WI,2020,April,12 month-ending,Number of Drug Overdose Deaths,1308,100,0.061456149,Wisconsin,Numbers may differ from published reports using final data. See Technical Notes.,**,1312
WI,2020,August,12 month-ending,Number of Drug Overdose Deaths,1469,100,0.054633252,Wisconsin,Numbers may differ from published reports using final data. See Technical Notes.,**,1472
WI,2020,December,12 month-ending,Number of Drug Overdose Deaths,1531,100,0.081643108,Wisconsin,Numbers may differ from published reports using final data. See Technical Notes.,**,1539
WI,2020,February,12 month-ending,Number of Drug Overdose Deaths,1288,100,0.075161781,Wisconsin,Numbers may differ from published reports using final data. See Technical Notes.,**,1294
WI,2020,January,12 month-ending,Number of Drug Overdose Deaths,1236,100,0.086874549,Wisconsin,Numbers may differ from published reports using final data. See Technical Notes.,**,1244
WI,2020,July,12 month-ending,Number of Drug Overdose Deaths,1453,100,0.055050433,Wisconsin,Numbers may differ from published reports using final data. See Technical Notes.,**,1456
WI,2020,June,12 month-ending,Number of Drug Overdose Deaths,1429,100,0.053643272,Wisconsin,Numbers may differ from published reports using final data. See Technical Notes.,**,1432
WI,2020,March,12 month-ending,Number of Drug Overdose Deaths,1285,100,0.074716624,Wisconsin,Numbers may differ from published reports using final data. See Technical Notes.,**,1291
WI,2020,May,12 month-ending,Number of Drug Overdose Deaths,1371,100,0.053941312,Wisconsin,Numbers may differ from published reports using final data. See Technical Notes.,**,1374
WI,2020,November,12 month-ending,Number of Drug Overdose Deaths,1518,100,0.064332019,Wisconsin,Numbers may differ from published reports using final data. See Technical Notes.,**,1523
WI,2020,October,12 month-ending,Number of Drug Overdose Deaths,1504,100,0.055074609,Wisconsin,Numbers may differ from published reports using final data. See Technical Notes.,**,1507
WI,2020,September,12 month-ending,Number of Drug Overdose Deaths,1494,100,0.049008454,Wisconsin,Numbers may differ from published reports using final data. See Technical Notes.,**,1496
WI,2021,April,12 month-ending,Number of Drug Overdose Deaths,1599,100,0.080414294,Wisconsin,Numbers may differ from published reports using final data. See Technical Notes.,**,1608
WI,2021,August,12 month-ending,Number of Drug Overdose Deaths,1663,100,0.100375599,Wisconsin,Numbers may differ from published reports using final data. See Technical Notes.,**,1676
WI,2021,December,12 month-ending,Number of Drug Overdose Deaths,1759,100,0.146357507,Wisconsin,Numbers may differ from published reports using final data. See Technical Notes.,**,1783
WI,2021,February,12 month-ending,Number of Drug Overdose Deaths,1543,100,0.077668056,Wisconsin,Numbers may differ from published reports using final data. See Technical Notes.,**,1551
WI,2021,January,12 month-ending,Number of Drug Overdose Deaths,1549,100,0.079102659,Wisconsin,Numbers may differ from published reports using final data. See Technical Notes.,**,1557
WI,2021,July,12 month-ending,Number of Drug Overdose Deaths,1641,100,0.084355331,Wisconsin,Numbers may differ from published reports using final data. See Technical Notes.,**,1651
WI,2021,June,12 month-ending,Number of Drug Overdose Deaths,1613,100,0.085806337,Wisconsin,Numbers may differ from published reports using final data. See Technical Notes.,**,1623
WI,2021,March,12 month-ending,Number of Drug Overdose Deaths,1557,100,0.07981483,Wisconsin,Numbers may differ from published reports using final data. See Technical Notes.,**,1565
WI,2021,May,12 month-ending,Number of Drug Overdose Deaths,1598,100,0.08402954,Wisconsin,Numbers may differ from published reports using final data. See Technical Notes.,**,1607
WI,2021,November,12 month-ending,Number of Drug Overdose Deaths,1737,100,0.13279777,Wisconsin,Numbers may differ from published reports using final data. See Technical Notes.,**,1757
WI,2021,October,12 month-ending,Number of Drug Overdose Deaths,1708,100,0.128423283,Wisconsin,Numbers may differ from published reports using final data. See Technical Notes.,**,1727
WI,2021,September,12 month-ending,Number of Drug Overdose Deaths,1677,100,0.117129838,Wisconsin,Numbers may differ from published reports using final data. See Technical Notes.,**,1693
WI,2022,April,12 month-ending,Number of Drug Overdose Deaths,1847,100,0.139877925,Wisconsin,Numbers may differ from published reports using final data. See Technical Notes.,**,1870
WI,2022,August,12 month-ending,Number of Drug Overdose Deaths,1824,100,0.118825058,Wisconsin,Numbers may differ from published reports using final data. See Technical Notes.,**,1842
WI,2022,December,12 month-ending,Number of Drug Overdose Deaths,1780,100,0.257120581,Wisconsin,Numbers may differ from published reports using final data. See Technical Notes.,**,1828
WI,2022,February,12 month-ending,Number of Drug Overdose Deaths,1836,100,0.142514011,Wisconsin,Numbers may differ from published reports using final data. See Technical Notes.,**,1860
WI,2022,January,12 month-ending,Number of Drug Overdose Deaths,1814,100,0.143845358,Wisconsin,Numbers may differ from published reports using final data. See Technical Notes.,**,1838
WI,2022,July,12 month-ending,Number of Drug Overdose Deaths,1828,100,0.13093961,Wisconsin,Numbers may differ from published reports using final data. See Technical Notes.,**,1849
WI,2022,June,12 month-ending,Number of Drug Overdose Deaths,1834,100,0.135878152,Wisconsin,Numbers may differ from published reports using final data. See Technical Notes.,**,1856
WI,2022,March,12 month-ending,Number of Drug Overdose Deaths,1855,100,0.14018766,Wisconsin,Numbers may differ from published reports using final data. See Technical Notes.,**,1878
WI,2022,May,12 month-ending,Number of Drug Overdose Deaths,1842,100,0.13619663,Wisconsin,Numbers may differ from published reports using final data. See Technical Notes.,**,1864
WI,2022,November,12 month-ending,Number of Drug Overdose Deaths,1782,100,0.189675753,Wisconsin,Numbers may differ from published reports using final data. See Technical Notes.,**,1815
WI,2022,October,12 month-ending,Number of Drug Overdose Deaths,1804,100,0.150298172,Wisconsin,Numbers may differ from published reports using final data. See Technical Notes.,**,1829
WI,2022,September,12 month-ending,Number of Drug Overdose Deaths,1814,100,0.12000768,Wisconsin,Numbers may differ from published reports using final data. See Technical Notes.,**,1832
WI,2023,April,12 month-ending,Number of Drug Overdose Deaths,1722,100,0.318662304,Wisconsin,Underreported due to incomplete data.,*,1783
WI,2023,August,12 month-ending,Number of Drug Overdose Deaths,1704,100,0.554754053,Wisconsin,Underreported due to incomplete data.,*,1820
WI,2023,February,12 month-ending,Number of Drug Overdose Deaths,1725,100,0.266071582,Wisconsin,Underreported due to incomplete data.,*,1770
WI,2023,January,12 month-ending,Number of Drug Overdose Deaths,1754,100,0.26346654,Wisconsin,Underreported due to incomplete data.,*,1793
WI,2023,July,12 month-ending,Number of Drug Overdose Deaths,1722,100,0.485336992,Wisconsin,Underreported due to incomplete data.,*,1823
WI,2023,June,12 month-ending,Number of Drug Overdose Deaths,1718,100,0.412163087,Wisconsin,Underreported due to incomplete data.,*,1800
WI,2023,March,12 month-ending,Number of Drug Overdose Deaths,1734,100,0.288223991,Wisconsin,Underreported due to incomplete data.,*,1790
WI,2023,May,12 month-ending,Number of Drug Overdose Deaths,1716,100,0.360751594,Wisconsin,Underreported due to incomplete data.,*,1788
WI,2023,October,12 month-ending,Number of Drug Overdose Deaths,1662,100,0.719175714,Wisconsin,Underreported due to incomplete data.,*,1812
WI,2023,September,12 month-ending,Number of Drug Overdose Deaths,1691,100,0.619653338,Wisconsin,Underreported due to incomplete data.,*,1819
WV,2015,April,12 month-ending,Number of Drug Overdose Deaths,683,100,0.16752694,West Virginia,Numbers may differ from published reports using final data. See Technical Notes.,**,694
WV,2015,August,12 month-ending,Number of Drug Overdose Deaths,682,100,0.201884253,West Virginia,Numbers may differ from published reports using final data. See Technical Notes.,**,696
WV,2015,December,12 month-ending,Number of Drug Overdose Deaths,729,100,0.139809678,West Virginia,Numbers may differ from published reports using final data. See Technical Notes.,**,738
WV,2015,February,12 month-ending,Number of Drug Overdose Deaths,653,100,0.16505433,West Virginia,Numbers may differ from published reports using final data. See Technical Notes.,**,664
WV,2015,January,12 month-ending,Number of Drug Overdose Deaths,644,100,0.156451316,West Virginia,Numbers may differ from published reports using final data. See Technical Notes.,**,654
WV,2015,July,12 month-ending,Number of Drug Overdose Deaths,684,100,0.201884253,West Virginia,Numbers may differ from published reports using final data. See Technical Notes.,**,698
WV,2015,June,12 month-ending,Number of Drug Overdose Deaths,681,100,0.212065154,West Virginia,Numbers may differ from published reports using final data. See Technical Notes.,**,696
WV,2015,March,12 month-ending,Number of Drug Overdose Deaths,671,100,0.15537885,West Virginia,Numbers may differ from published reports using final data. See Technical Notes.,**,681
WV,2015,May,12 month-ending,Number of Drug Overdose Deaths,681,100,0.166659159,West Virginia,Numbers may differ from published reports using final data. See Technical Notes.,**,692
WV,2015,November,12 month-ending,Number of Drug Overdose Deaths,719,100,0.161790481,West Virginia,Numbers may differ from published reports using final data. See Technical Notes.,**,730
WV,2015,October,12 month-ending,Number of Drug Overdose Deaths,717,100,0.178850883,West Virginia,Numbers may differ from published reports using final data. See Technical Notes.,**,730
WV,2015,September,12 month-ending,Number of Drug Overdose Deaths,686,100,0.201848031,West Virginia,Numbers may differ from published reports using final data. See Technical Notes.,**,700
WV,2016,April,12 month-ending,Number of Drug Overdose Deaths,764,100,0.119666774,West Virginia,Numbers may differ from published reports using final data. See Technical Notes.,**,772
WV,2016,August,12 month-ending,Number of Drug Overdose Deaths,821,100,0.110056404,West Virginia,Numbers may differ from published reports using final data. See Technical Notes.,**,829
WV,2016,December,12 month-ending,Number of Drug Overdose Deaths,879,100,0.159163256,West Virginia,Numbers may differ from published reports using final data. See Technical Notes.,**,892
WV,2016,February,12 month-ending,Number of Drug Overdose Deaths,755,100,0.12829912,West Virginia,Numbers may differ from published reports using final data. See Technical Notes.,**,764
WV,2016,January,12 month-ending,Number of Drug Overdose Deaths,731,100,0.141275122,West Virginia,Numbers may differ from published reports using final data. See Technical Notes.,**,741
WV,2016,July,12 month-ending,Number of Drug Overdose Deaths,809,100,0.114521301,West Virginia,Numbers may differ from published reports using final data. See Technical Notes.,**,817
WV,2016,June,12 month-ending,Number of Drug Overdose Deaths,804,100,0.096255214,West Virginia,Numbers may differ from published reports using final data. See Technical Notes.,**,810
WV,2016,March,12 month-ending,Number of Drug Overdose Deaths,757,100,0.128416804,West Virginia,Numbers may differ from published reports using final data. See Technical Notes.,**,766
WV,2016,May,12 month-ending,Number of Drug Overdose Deaths,779,100,0.128931252,West Virginia,Numbers may differ from published reports using final data. See Technical Notes.,**,788
WV,2016,November,12 month-ending,Number of Drug Overdose Deaths,856,100,0.118634787,West Virginia,Numbers may differ from published reports using final data. See Technical Notes.,**,865
WV,2016,October,12 month-ending,Number of Drug Overdose Deaths,824,100,0.100732601,West Virginia,Numbers may differ from published reports using final data. See Technical Notes.,**,831
WV,2016,September,12 month-ending,Number of Drug Overdose Deaths,838,100,0.096131838,West Virginia,Numbers may differ from published reports using final data. See Technical Notes.,**,844
WV,2017,April,12 month-ending,Number of Drug Overdose Deaths,983,100,0.178189594,West Virginia,Numbers may differ from published reports using final data. See Technical Notes.,**,1000
WV,2017,August,12 month-ending,Number of Drug Overdose Deaths,1027,100,0.250469631,West Virginia,Numbers may differ from published reports using final data. See Technical Notes.,**,1054
WV,2017,December,12 month-ending,Number of Drug Overdose Deaths,997,100,0.341281801,West Virginia,Numbers may differ from published reports using final data. See Technical Notes.,**,1035
WV,2017,February,12 month-ending,Number of Drug Overdose Deaths,929,100,0.152973994,West Virginia,Numbers may differ from published reports using final data. See Technical Notes.,**,942
WV,2017,January,12 month-ending,Number of Drug Overdose Deaths,911,100,0.157842518,West Virginia,Numbers may differ from published reports using final data. See Technical Notes.,**,925
WV,2017,July,12 month-ending,Number of Drug Overdose Deaths,1026,100,0.224466891,West Virginia,Numbers may differ from published reports using final data. See Technical Notes.,**,1050
WV,2017,June,12 month-ending,Number of Drug Overdose Deaths,1007,100,0.205678516,West Virginia,Numbers may differ from published reports using final data. See Technical Notes.,**,1028
WV,2017,March,12 month-ending,Number of Drug Overdose Deaths,949,100,0.174332842,West Virginia,Numbers may differ from published reports using final data. See Technical Notes.,**,965
WV,2017,May,12 month-ending,Number of Drug Overdose Deaths,991,100,0.187349451,West Virginia,Numbers may differ from published reports using final data. See Technical Notes.,**,1009
WV,2017,November,12 month-ending,Number of Drug Overdose Deaths,999,100,0.321385529,West Virginia,Numbers may differ from published reports using final data. See Technical Notes.,**,1035
WV,2017,October,12 month-ending,Number of Drug Overdose Deaths,1011,100,0.304196117,West Virginia,Numbers may differ from published reports using final data. See Technical Notes.,**,1045
WV,2017,September,12 month-ending,Number of Drug Overdose Deaths,1006,100,0.27375129,West Virginia,Numbers may differ from published reports using final data. See Technical Notes.,**,1036
WV,2018,April,12 month-ending,Number of Drug Overdose Deaths,898,100,0.389889166,West Virginia,Numbers may differ from published reports using final data. See Technical Notes.,**,938
WV,2018,August,12 month-ending,Number of Drug Overdose Deaths,914,100,0.412272708,West Virginia,Numbers may differ from published reports using final data. See Technical Notes.,**,957
WV,2018,December,12 month-ending,Number of Drug Overdose Deaths,882,100,0.502161478,West Virginia,Numbers may differ from published reports using final data. See Technical Notes.,**,934
WV,2018,February,12 month-ending,Number of Drug Overdose Deaths,942,100,0.363381638,West Virginia,Numbers may differ from published reports using final data. See Technical Notes.,**,981
WV,2018,January,12 month-ending,Number of Drug Overdose Deaths,963,100,0.354547842,West Virginia,Numbers may differ from published reports using final data. See Technical Notes.,**,1001
WV,2018,July,12 month-ending,Number of Drug Overdose Deaths,891,100,0.39422952,West Virginia,Numbers may differ from published reports using final data. See Technical Notes.,**,931
WV,2018,June,12 month-ending,Number of Drug Overdose Deaths,900,100,0.403680875,West Virginia,Numbers may differ from published reports using final data. See Technical Notes.,**,942
WV,2018,March,12 month-ending,Number of Drug Overdose Deaths,929,100,0.367856361,West Virginia,Numbers may differ from published reports using final data. See Technical Notes.,**,968
WV,2018,May,12 month-ending,Number of Drug Overdose Deaths,902,100,0.405122844,West Virginia,Numbers may differ from published reports using final data. See Technical Notes.,**,944
WV,2018,November,12 month-ending,Number of Drug Overdose Deaths,900,100,0.48581591,West Virginia,Numbers may differ from published reports using final data. See Technical Notes.,**,951
WV,2018,October,12 month-ending,Number of Drug Overdose Deaths,920,100,0.488606391,West Virginia,Numbers may differ from published reports using final data. See Technical Notes.,**,973
WV,2018,September,12 month-ending,Number of Drug Overdose Deaths,924,100,0.466220591,West Virginia,Numbers may differ from published reports using final data. See Technical Notes.,**,974
WV,2019,April,12 month-ending,Number of Drug Overdose Deaths,854,100,0.551438151,West Virginia,Numbers may differ from published reports using final data. See Technical Notes.,**,910
WV,2019,August,12 month-ending,Number of Drug Overdose Deaths,816,100,0.636132316,West Virginia,Numbers may differ from published reports using final data. See Technical Notes.,**,879
WV,2019,December,12 month-ending,Number of Drug Overdose Deaths,852,100,0.668209809,West Virginia,Numbers may differ from published reports using final data. See Technical Notes.,**,922
WV,2019,February,12 month-ending,Number of Drug Overdose Deaths,863,100,0.526339069,West Virginia,Numbers may differ from published reports using final data. See Technical Notes.,**,917
WV,2019,January,12 month-ending,Number of Drug Overdose Deaths,887,100,0.499624177,West Virginia,Numbers may differ from published reports using final data. See Technical Notes.,**,939
WV,2019,July,12 month-ending,Number of Drug Overdose Deaths,826,100,0.592885375,West Virginia,Numbers may differ from published reports using final data. See Technical Notes.,**,885
WV,2019,June,12 month-ending,Number of Drug Overdose Deaths,820,100,0.592729189,West Virginia,Numbers may differ from published reports using final data. See Technical Notes.,**,879
WV,2019,March,12 month-ending,Number of Drug Overdose Deaths,850,100,0.552242103,West Virginia,Numbers may differ from published reports using final data. See Technical Notes.,**,906
WV,2019,May,12 month-ending,Number of Drug Overdose Deaths,838,100,0.581164972,West Virginia,Numbers may differ from published reports using final data. See Technical Notes.,**,897
WV,2019,November,12 month-ending,Number of Drug Overdose Deaths,844,100,0.655393892,West Virginia,Numbers may differ from published reports using final data. See Technical Notes.,**,912
WV,2019,October,12 month-ending,Number of Drug Overdose Deaths,818,100,0.594795539,West Virginia,Numbers may differ from published reports using final data. See Technical Notes.,**,877
WV,2019,September,12 month-ending,Number of Drug Overdose Deaths,811,100,0.605342808,West Virginia,Numbers may differ from published reports using final data. See Technical Notes.,**,871
WV,2020,April,12 month-ending,Number of Drug Overdose Deaths,929,100,0.577561312,West Virginia,Numbers may differ from published reports using final data. See Technical Notes.,**,994
WV,2020,August,12 month-ending,Number of Drug Overdose Deaths,1160,100,0.407255017,West Virginia,Numbers may differ from published reports using final data. See Technical Notes.,**,1214
WV,2020,December,12 month-ending,Number of Drug Overdose Deaths,1331,100,0.241734248,West Virginia,Numbers may differ from published reports using final data. See Technical Notes.,**,1365
WV,2020,February,12 month-ending,Number of Drug Overdose Deaths,889,100,0.637633382,West Virginia,Numbers may differ from published reports using final data. See Technical Notes.,**,958
WV,2020,January,12 month-ending,Number of Drug Overdose Deaths,869,100,0.663089473,West Virginia,Numbers may differ from published reports using final data. See Technical Notes.,**,940
WV,2020,July,12 month-ending,Number of Drug Overdose Deaths,1135,100,0.467925812,West Virginia,Numbers may differ from published reports using final data. See Technical Notes.,**,1197
WV,2020,June,12 month-ending,Number of Drug Overdose Deaths,1112,100,0.48604241,West Virginia,Numbers may differ from published reports using final data. See Technical Notes.,**,1175
WV,2020,March,12 month-ending,Number of Drug Overdose Deaths,900,100,0.592970914,West Virginia,Numbers may differ from published reports using final data. See Technical Notes.,**,965
WV,2020,May,12 month-ending,Number of Drug Overdose Deaths,1038,100,0.52047488,West Virginia,Numbers may differ from published reports using final data. See Technical Notes.,**,1102
WV,2020,November,12 month-ending,Number of Drug Overdose Deaths,1287,100,0.28398718,West Virginia,Numbers may differ from published reports using final data. See Technical Notes.,**,1326
WV,2020,October,12 month-ending,Number of Drug Overdose Deaths,1245,100,0.360308126,West Virginia,Numbers may differ from published reports using final data. See Technical Notes.,**,1295
WV,2020,September,12 month-ending,Number of Drug Overdose Deaths,1224,100,0.386855241,West Virginia,Numbers may differ from published reports using final data. See Technical Notes.,**,1278
WV,2021,April,12 month-ending,Number of Drug Overdose Deaths,1563,100,0.212290503,West Virginia,Numbers may differ from published reports using final data. See Technical Notes.,**,1597
WV,2021,August,12 month-ending,Number of Drug Overdose Deaths,1539,100,0.197462244,West Virginia,Numbers may differ from published reports using final data. See Technical Notes.,**,1569
WV,2021,December,12 month-ending,Number of Drug Overdose Deaths,1506,100,0.197854837,West Virginia,Numbers may differ from published reports using final data. See Technical Notes.,**,1536
WV,2021,February,12 month-ending,Number of Drug Overdose Deaths,1444,100,0.21020232,West Virginia,Numbers may differ from published reports using final data. See Technical Notes.,**,1475
WV,2021,January,12 month-ending,Number of Drug Overdose Deaths,1398,100,0.223391769,West Virginia,Numbers may differ from published reports using final data. See Technical Notes.,**,1430
WV,2021,July,12 month-ending,Number of Drug Overdose Deaths,1504,100,0.218074293,West Virginia,Numbers may differ from published reports using final data. See Technical Notes.,**,1538
WV,2021,June,12 month-ending,Number of Drug Overdose Deaths,1496,100,0.210308822,West Virginia,Numbers may differ from published reports using final data. See Technical Notes.,**,1528
WV,2021,March,12 month-ending,Number of Drug Overdose Deaths,1506,100,0.217017137,West Virginia,Numbers may differ from published reports using final data. See Technical Notes.,**,1539
WV,2021,May,12 month-ending,Number of Drug Overdose Deaths,1518,100,0.211447861,West Virginia,Numbers may differ from published reports using final data. See Technical Notes.,**,1551
WV,2021,November,12 month-ending,Number of Drug Overdose Deaths,1534,100,0.172188167,West Virginia,Numbers may differ from published reports using final data. See Technical Notes.,**,1559
WV,2021,October,12 month-ending,Number of Drug Overdose Deaths,1537,100,0.177009579,West Virginia,Numbers may differ from published reports using final data. See Technical Notes.,**,1563
WV,2021,September,12 month-ending,Number of Drug Overdose Deaths,1522,100,0.188317226,West Virginia,Numbers may differ from published reports using final data. See Technical Notes.,**,1550
WV,2022,April,12 month-ending,Number of Drug Overdose Deaths,1366,100,0.33205532,West Virginia,Numbers may differ from published reports using final data. See Technical Notes.,**,1416
WV,2022,August,12 month-ending,Number of Drug Overdose Deaths,1330,100,0.43975676,West Virginia,Numbers may differ from published reports using final data. See Technical Notes.,**,1398
WV,2022,December,12 month-ending,Number of Drug Overdose Deaths,1318,100,0.644134306,West Virginia,Numbers may differ from published reports using final data. See Technical Notes.,**,1422
WV,2022,February,12 month-ending,Number of Drug Overdose Deaths,1472,100,0.254461676,West Virginia,Numbers may differ from published reports using final data. See Technical Notes.,**,1512
WV,2022,January,12 month-ending,Number of Drug Overdose Deaths,1475,100,0.215644673,West Virginia,Numbers may differ from published reports using final data. See Technical Notes.,**,1507
WV,2022,July,12 month-ending,Number of Drug Overdose Deaths,1358,100,0.408496732,West Virginia,Numbers may differ from published reports using final data. See Technical Notes.,**,1421
WV,2022,June,12 month-ending,Number of Drug Overdose Deaths,1345,100,0.400150484,West Virginia,Numbers may differ from published reports using final data. See Technical Notes.,**,1406
WV,2022,March,12 month-ending,Number of Drug Overdose Deaths,1427,100,0.297425729,West Virginia,Numbers may differ from published reports using final data. See Technical Notes.,**,1473
WV,2022,May,12 month-ending,Number of Drug Overdose Deaths,1357,100,0.35976153,West Virginia,Numbers may differ from published reports using final data. See Technical Notes.,**,1412
WV,2022,November,12 month-ending,Number of Drug Overdose Deaths,1294,100,0.64570569,West Virginia,Numbers may differ from published reports using final data. See Technical Notes.,**,1396
WV,2022,October,12 month-ending,Number of Drug Overdose Deaths,1318,100,0.557688129,West Virginia,Numbers may differ from published reports using final data. See Technical Notes.,**,1406
WV,2022,September,12 month-ending,Number of Drug Overdose Deaths,1313,100,0.484852775,West Virginia,Numbers may differ from published reports using final data. See Technical Notes.,**,1388
WV,2023,April,12 month-ending,Number of Drug Overdose Deaths,1367,100,0.588510406,West Virginia,Underreported due to incomplete data.,*,1464
WV,2023,August,12 month-ending,Number of Drug Overdose Deaths,1351,100,0.680353784,West Virginia,Underreported due to incomplete data.,*,1467
WV,2023,February,12 month-ending,Number of Drug Overdose Deaths,1299,100,0.649825047,West Virginia,Underreported due to incomplete data.,*,1398
WV,2023,January,12 month-ending,Number of Drug Overdose Deaths,1311,100,0.668429003,West Virginia,Underreported due to incomplete data.,*,1409
WV,2023,July,12 month-ending,Number of Drug Overdose Deaths,1350,100,0.652502586,West Virginia,Underreported due to incomplete data.,*,1460
WV,2023,June,12 month-ending,Number of Drug Overdose Deaths,1377,100,0.564994073,West Virginia,Underreported due to incomplete data.,*,1470
WV,2023,March,12 month-ending,Number of Drug Overdose Deaths,1339,100,0.613639894,West Virginia,Underreported due to incomplete data.,*,1440
WV,2023,May,12 month-ending,Number of Drug Overdose Deaths,1370,100,0.587130108,West Virginia,Underreported due to incomplete data.,*,1469
WV,2023,October,12 month-ending,Number of Drug Overdose Deaths,1347,100,0.651821862,West Virginia,Underreported due to incomplete data.,*,1456
WV,2023,September,12 month-ending,Number of Drug Overdose Deaths,1367,100,0.683911977,West Virginia,Underreported due to incomplete data.,*,1482
WY,2015,April,12 month-ending,Number of Drug Overdose Deaths,112,100,0,Wyoming,Numbers may differ from published reports using final data. See Technical Notes.,**,112
WY,2015,August,12 month-ending,Number of Drug Overdose Deaths,102,100,0.044043162,Wyoming,Numbers may differ from published reports using final data. See Technical Notes.,**,103
WY,2015,December,12 month-ending,Number of Drug Overdose Deaths,92,100,0.044375416,Wyoming,Numbers may differ from published reports using final data. See Technical Notes.,**,93
WY,2015,February,12 month-ending,Number of Drug Overdose Deaths,104,100,0,Wyoming,Numbers may differ from published reports using final data. See Technical Notes.,**,104
WY,2015,January,12 month-ending,Number of Drug Overdose Deaths,105,100,0,Wyoming,Numbers may differ from published reports using final data. See Technical Notes.,**,105
WY,2015,July,12 month-ending,Number of Drug Overdose Deaths,105,100,0.044238,Wyoming,Numbers may differ from published reports using final data. See Technical Notes.,**,106
WY,2015,June,12 month-ending,Number of Drug Overdose Deaths,104,100,0.022286606,Wyoming,Numbers may differ from published reports using final data. See Technical Notes.,**,104
WY,2015,March,12 month-ending,Number of Drug Overdose Deaths,104,100,0,Wyoming,Numbers may differ from published reports using final data. See Technical Notes.,**,104
WY,2015,May,12 month-ending,Number of Drug Overdose Deaths,113,100,0,Wyoming,Numbers may differ from published reports using final data. See Technical Notes.,**,113
WY,2015,November,12 month-ending,Number of Drug Overdose Deaths,93,100,0.044444444,Wyoming,Numbers may differ from published reports using final data. See Technical Notes.,**,94
WY,2015,October,12 month-ending,Number of Drug Overdose Deaths,95,100,0.044454323,Wyoming,Numbers may differ from published reports using final data. See Technical Notes.,**,96
WY,2015,September,12 month-ending,Number of Drug Overdose Deaths,100,100,0.044365572,Wyoming,Numbers may differ from published reports using final data. See Technical Notes.,**,101
WY,2016,April,12 month-ending,Number of Drug Overdose Deaths,93,100,0.045672528,Wyoming,Numbers may differ from published reports using final data. See Technical Notes.,**,94
WY,2016,August,12 month-ending,Number of Drug Overdose Deaths,95,100,0,Wyoming,Numbers may differ from published reports using final data. See Technical Notes.,**,95
WY,2016,December,12 month-ending,Number of Drug Overdose Deaths,93,100,0,Wyoming,Numbers may differ from published reports using final data. See Technical Notes.,**,93
WY,2016,February,12 month-ending,Number of Drug Overdose Deaths,90,100,0.044903458,Wyoming,Numbers may differ from published reports using final data. See Technical Notes.,**,91
WY,2016,January,12 month-ending,Number of Drug Overdose Deaths,94,100,0.044994376,Wyoming,Numbers may differ from published reports using final data. See Technical Notes.,**,95
WY,2016,July,12 month-ending,Number of Drug Overdose Deaths,99,100,0,Wyoming,Numbers may differ from published reports using final data. See Technical Notes.,**,99
WY,2016,June,12 month-ending,Number of Drug Overdose Deaths,101,100,0.022573363,Wyoming,Numbers may differ from published reports using final data. See Technical Notes.,**,101
WY,2016,March,12 month-ending,Number of Drug Overdose Deaths,98,100,0.045228403,Wyoming,Numbers may differ from published reports using final data. See Technical Notes.,**,99
WY,2016,May,12 month-ending,Number of Drug Overdose Deaths,94,100,0.045413261,Wyoming,Numbers may differ from published reports using final data. See Technical Notes.,**,95
WY,2016,November,12 month-ending,Number of Drug Overdose Deaths,94,100,0,Wyoming,Numbers may differ from published reports using final data. See Technical Notes.,**,94
WY,2016,October,12 month-ending,Number of Drug Overdose Deaths,94,100,0,Wyoming,Numbers may differ from published reports using final data. See Technical Notes.,**,94
WY,2016,September,12 month-ending,Number of Drug Overdose Deaths,93,100,0,Wyoming,Numbers may differ from published reports using final data. See Technical Notes.,**,93
WY,2017,April,12 month-ending,Number of Drug Overdose Deaths,80,100,0,Wyoming,Numbers may differ from published reports using final data. See Technical Notes.,**,80
WY,2017,August,12 month-ending,Number of Drug Overdose Deaths,64,100,0.02327205,Wyoming,Numbers may differ from published reports using final data. See Technical Notes.,**,64
WY,2017,December,12 month-ending,Number of Drug Overdose Deaths,66,100,0.022862369,Wyoming,Numbers may differ from published reports using final data. See Technical Notes.,**,66
WY,2017,February,12 month-ending,Number of Drug Overdose Deaths,90,100,0,Wyoming,Numbers may differ from published reports using final data. See Technical Notes.,**,90
WY,2017,January,12 month-ending,Number of Drug Overdose Deaths,91,100,0,Wyoming,Numbers may differ from published reports using final data. See Technical Notes.,**,91
WY,2017,July,12 month-ending,Number of Drug Overdose Deaths,62,100,0.023142791,Wyoming,Numbers may differ from published reports using final data. See Technical Notes.,**,62
WY,2017,June,12 month-ending,Number of Drug Overdose Deaths,64,100,0,Wyoming,Numbers may differ from published reports using final data. See Technical Notes.,**,64
WY,2017,March,12 month-ending,Number of Drug Overdose Deaths,82,100,0,Wyoming,Numbers may differ from published reports using final data. See Technical Notes.,**,82
WY,2017,May,12 month-ending,Number of Drug Overdose Deaths,73,100,0,Wyoming,Numbers may differ from published reports using final data. See Technical Notes.,**,73
WY,2017,November,12 month-ending,Number of Drug Overdose Deaths,71,100,0.02283105,Wyoming,Numbers may differ from published reports using final data. See Technical Notes.,**,71
WY,2017,October,12 month-ending,Number of Drug Overdose Deaths,66,100,0.022967386,Wyoming,Numbers may differ from published reports using final data. See Technical Notes.,**,66
WY,2017,September,12 month-ending,Number of Drug Overdose Deaths,62,100,0.023084026,Wyoming,Numbers may differ from published reports using final data. See Technical Notes.,**,62
WY,2018,April,12 month-ending,Number of Drug Overdose Deaths,66,100,0.04497414,Wyoming,Numbers may differ from published reports using final data. See Technical Notes.,**,67
WY,2018,August,12 month-ending,Number of Drug Overdose Deaths,64,100,0.022168034,Wyoming,Numbers may differ from published reports using final data. See Technical Notes.,**,64
WY,2018,December,12 month-ending,Number of Drug Overdose Deaths,61,100,0.021440823,Wyoming,Numbers may differ from published reports using final data. See Technical Notes.,**,61
WY,2018,February,12 month-ending,Number of Drug Overdose Deaths,64,100,0.045136538,Wyoming,Numbers may differ from published reports using final data. See Technical Notes.,**,65
WY,2018,January,12 month-ending,Number of Drug Overdose Deaths,63,100,0.02259887,Wyoming,Numbers may differ from published reports using final data. See Technical Notes.,**,63
WY,2018,July,12 month-ending,Number of Drug Overdose Deaths,60,100,0.022197558,Wyoming,Numbers may differ from published reports using final data. See Technical Notes.,**,60
WY,2018,June,12 month-ending,Number of Drug Overdose Deaths,63,100,0.04494382,Wyoming,Numbers may differ from published reports using final data. See Technical Notes.,**,64
WY,2018,March,12 month-ending,Number of Drug Overdose Deaths,65,100,0.044883303,Wyoming,Numbers may differ from published reports using final data. See Technical Notes.,**,66
WY,2018,May,12 month-ending,Number of Drug Overdose Deaths,64,100,0.04497414,Wyoming,Numbers may differ from published reports using final data. See Technical Notes.,**,65
WY,2018,November,12 month-ending,Number of Drug Overdose Deaths,59,100,0.021706099,Wyoming,Numbers may differ from published reports using final data. See Technical Notes.,**,59
WY,2018,October,12 month-ending,Number of Drug Overdose Deaths,66,100,0.021886627,Wyoming,Numbers may differ from published reports using final data. See Technical Notes.,**,66
WY,2018,September,12 month-ending,Number of Drug Overdose Deaths,68,100,0.021925016,Wyoming,Numbers may differ from published reports using final data. See Technical Notes.,**,68
WY,2019,April,12 month-ending,Number of Drug Overdose Deaths,62,100,0.043103448,Wyoming,Numbers may differ from published reports using final data. See Technical Notes.,**,63
WY,2019,August,12 month-ending,Number of Drug Overdose Deaths,72,100,0.042789902,Wyoming,Numbers may differ from published reports using final data. See Technical Notes.,**,73
WY,2019,December,12 month-ending,Number of Drug Overdose Deaths,72,100,0.042553191,Wyoming,Numbers may differ from published reports using final data. See Technical Notes.,**,73
WY,2019,February,12 month-ending,Number of Drug Overdose Deaths,59,100,0.043224552,Wyoming,Numbers may differ from published reports using final data. See Technical Notes.,**,60
WY,2019,January,12 month-ending,Number of Drug Overdose Deaths,60,100,0.064585576,Wyoming,Numbers may differ from published reports using final data. See Technical Notes.,**,61
WY,2019,July,12 month-ending,Number of Drug Overdose Deaths,74,100,0.042643923,Wyoming,Numbers may differ from published reports using final data. See Technical Notes.,**,75
WY,2019,June,12 month-ending,Number of Drug Overdose Deaths,71,100,0.04250797,Wyoming,Numbers may differ from published reports using final data. See Technical Notes.,**,72
WY,2019,March,12 month-ending,Number of Drug Overdose Deaths,64,100,0.042946103,Wyoming,Numbers may differ from published reports using final data. See Technical Notes.,**,65
WY,2019,May,12 month-ending,Number of Drug Overdose Deaths,63,100,0.042680324,Wyoming,Numbers may differ from published reports using final data. See Technical Notes.,**,64
WY,2019,November,12 month-ending,Number of Drug Overdose Deaths,64,100,0.042480884,Wyoming,Numbers may differ from published reports using final data. See Technical Notes.,**,65
WY,2019,October,12 month-ending,Number of Drug Overdose Deaths,67,100,0.04239983,Wyoming,Numbers may differ from published reports using final data. See Technical Notes.,**,68
WY,2019,September,12 month-ending,Number of Drug Overdose Deaths,69,100,0.042598509,Wyoming,Numbers may differ from published reports using final data. See Technical Notes.,**,70
WY,2020,April,12 month-ending,Number of Drug Overdose Deaths,83,100,0,Wyoming,Numbers may differ from published reports using final data. See Technical Notes.,**,83
WY,2020,August,12 month-ending,Number of Drug Overdose Deaths,88,100,0,Wyoming,Numbers may differ from published reports using final data. See Technical Notes.,**,88
WY,2020,December,12 month-ending,Number of Drug Overdose Deaths,101,100,0,Wyoming,Numbers may differ from published reports using final data. See Technical Notes.,**,101
WY,2020,February,12 month-ending,Number of Drug Overdose Deaths,80,100,0,Wyoming,Numbers may differ from published reports using final data. See Technical Notes.,**,80
WY,2020,January,12 month-ending,Number of Drug Overdose Deaths,78,100,0,Wyoming,Numbers may differ from published reports using final data. See Technical Notes.,**,78
WY,2020,July,12 month-ending,Number of Drug Overdose Deaths,88,100,0,Wyoming,Numbers may differ from published reports using final data. See Technical Notes.,**,88
WY,2020,June,12 month-ending,Number of Drug Overdose Deaths,84,100,0,Wyoming,Numbers may differ from published reports using final data. See Technical Notes.,**,84
WY,2020,March,12 month-ending,Number of Drug Overdose Deaths,81,100,0,Wyoming,Numbers may differ from published reports using final data. See Technical Notes.,**,81
WY,2020,May,12 month-ending,Number of Drug Overdose Deaths,88,100,0,Wyoming,Numbers may differ from published reports using final data. See Technical Notes.,**,88
WY,2020,November,12 month-ending,Number of Drug Overdose Deaths,109,100,0,Wyoming,Numbers may differ from published reports using final data. See Technical Notes.,**,109
WY,2020,October,12 month-ending,Number of Drug Overdose Deaths,99,100,0,Wyoming,Numbers may differ from published reports using final data. See Technical Notes.,**,99
WY,2020,September,12 month-ending,Number of Drug Overdose Deaths,96,100,0,Wyoming,Numbers may differ from published reports using final data. See Technical Notes.,**,96
WY,2021,April,12 month-ending,Number of Drug Overdose Deaths,97,100,0,Wyoming,Numbers may differ from published reports using final data. See Technical Notes.,**,97
WY,2021,August,12 month-ending,Number of Drug Overdose Deaths,104,100,0,Wyoming,Numbers may differ from published reports using final data. See Technical Notes.,**,104
WY,2021,December,12 month-ending,Number of Drug Overdose Deaths,101,100,0,Wyoming,Numbers may differ from published reports using final data. See Technical Notes.,**,101
WY,2021,February,12 month-ending,Number of Drug Overdose Deaths,99,100,0,Wyoming,Numbers may differ from published reports using final data. See Technical Notes.,**,99
WY,2021,January,12 month-ending,Number of Drug Overdose Deaths,97,100,0,Wyoming,Numbers may differ from published reports using final data. See Technical Notes.,**,97
WY,2021,July,12 month-ending,Number of Drug Overdose Deaths,99,100,0,Wyoming,Numbers may differ from published reports using final data. See Technical Notes.,**,99
WY,2021,June,12 month-ending,Number of Drug Overdose Deaths,105,100,0,Wyoming,Numbers may differ from published reports using final data. See Technical Notes.,**,105
WY,2021,March,12 month-ending,Number of Drug Overdose Deaths,93,100,0,Wyoming,Numbers may differ from published reports using final data. See Technical Notes.,**,93
WY,2021,May,12 month-ending,Number of Drug Overdose Deaths,100,100,0,Wyoming,Numbers may differ from published reports using final data. See Technical Notes.,**,100
WY,2021,November,12 month-ending,Number of Drug Overdose Deaths,97,100,0,Wyoming,Numbers may differ from published reports using final data. See Technical Notes.,**,97
WY,2021,October,12 month-ending,Number of Drug Overdose Deaths,97,100,0,Wyoming,Numbers may differ from published reports using final data. See Technical Notes.,**,97
WY,2021,September,12 month-ending,Number of Drug Overdose Deaths,101,100,0,Wyoming,Numbers may differ from published reports using final data. See Technical Notes.,**,101
WY,2022,April,12 month-ending,Number of Drug Overdose Deaths,114,100,0.016294606,Wyoming,Numbers may differ from published reports using final data. See Technical Notes.,**,114
WY,2022,August,12 month-ending,Number of Drug Overdose Deaths,112,100,0.033036009,Wyoming,Numbers may differ from published reports using final data. See Technical Notes.,**,112
WY,2022,December,12 month-ending,Number of Drug Overdose Deaths,123,100,0.036663611,Wyoming,Numbers may differ from published reports using final data. See Technical Notes.,**,123
WY,2022,February,12 month-ending,Number of Drug Overdose Deaths,109,100,0.016520734,Wyoming,Numbers may differ from published reports using final data. See Technical Notes.,**,109
WY,2022,January,12 month-ending,Number of Drug Overdose Deaths,106,100,0,Wyoming,Numbers may differ from published reports using final data. See Technical Notes.,**,106
WY,2022,July,12 month-ending,Number of Drug Overdose Deaths,115,100,0.032557382,Wyoming,Numbers may differ from published reports using final data. See Technical Notes.,**,115
WY,2022,June,12 month-ending,Number of Drug Overdose Deaths,112,100,0.032637076,Wyoming,Numbers may differ from published reports using final data. See Technical Notes.,**,112
WY,2022,March,12 month-ending,Number of Drug Overdose Deaths,115,100,0.016469038,Wyoming,Numbers may differ from published reports using final data. See Technical Notes.,**,115
WY,2022,May,12 month-ending,Number of Drug Overdose Deaths,113,100,0.032493907,Wyoming,Numbers may differ from published reports using final data. See Technical Notes.,**,113
WY,2022,November,12 month-ending,Number of Drug Overdose Deaths,119,100,0.036416606,Wyoming,Numbers may differ from published reports using final data. See Technical Notes.,**,119
WY,2022,October,12 month-ending,Number of Drug Overdose Deaths,122,100,0.035606195,Wyoming,Numbers may differ from published reports using final data. See Technical Notes.,**,122
WY,2022,September,12 month-ending,Number of Drug Overdose Deaths,118,100,0.033938571,Wyoming,Numbers may differ from published reports using final data. See Technical Notes.,**,118
WY,2023,April,12 month-ending,Number of Drug Overdose Deaths,126,100,0.01878287,Wyoming,Underreported due to incomplete data.,*,126
WY,2023,August,12 month-ending,Number of Drug Overdose Deaths,129,100,0.018982536,Wyoming,Underreported due to incomplete data.,*,130
WY,2023,February,12 month-ending,Number of Drug Overdose Deaths,123,100,0.018896447,Wyoming,Underreported due to incomplete data.,*,123
WY,2023,January,12 month-ending,Number of Drug Overdose Deaths,123,100,0.037250885,Wyoming,Underreported due to incomplete data.,*,123
WY,2023,July,12 month-ending,Number of Drug Overdose Deaths,130,100,0.018921476,Wyoming,Underreported due to incomplete data.,*,130
WY,2023,June,12 month-ending,Number of Drug Overdose Deaths,128,100,0,Wyoming,Underreported due to incomplete data.,*,128
WY,2023,March,12 month-ending,Number of Drug Overdose Deaths,122,100,0.018835939,Wyoming,Underreported due to incomplete data.,*,122
WY,2023,May,12 month-ending,Number of Drug Overdose Deaths,126,100,0,Wyoming,Underreported due to incomplete data.,*,126
WY,2023,October,12 month-ending,Number of Drug Overdose Deaths,128,100,0.019080328,Wyoming,Underreported due to incomplete data.,*,128
WY,2023,September,12 month-ending,Number of Drug Overdose Deaths,127,100,0.019105846,Wyoming,Underreported due to incomplete data.,*,127
YC,2015,April,12 month-ending,Number of Drug Overdose Deaths,796,100,0.020378673,New York City,Numbers may differ from published reports using final data. See Technical Notes.,**,796
YC,2015,August,12 month-ending,Number of Drug Overdose Deaths,858,100,0.036693881,New York City,Numbers may differ from published reports using final data. See Technical Notes.,**,858
YC,2015,December,12 month-ending,Number of Drug Overdose Deaths,959,100,0.038802661,New York City,Numbers may differ from published reports using final data. See Technical Notes.,**,960
YC,2015,February,12 month-ending,Number of Drug Overdose Deaths,800,100,0.018484288,New York City,Numbers may differ from published reports using final data. See Technical Notes.,**,800
YC,2015,January,12 month-ending,Number of Drug Overdose Deaths,794,100,0.0112116,New York City,Numbers may differ from published reports using final data. See Technical Notes.,**,794
YC,2015,July,12 month-ending,Number of Drug Overdose Deaths,826,100,0.036838518,New York City,Numbers may differ from published reports using final data. See Technical Notes.,**,826
YC,2015,June,12 month-ending,Number of Drug Overdose Deaths,814,100,0.033267415,New York City,Numbers may differ from published reports using final data. See Technical Notes.,**,814
YC,2015,March,12 month-ending,Number of Drug Overdose Deaths,781,100,0.018467562,New York City,Numbers may differ from published reports using final data. See Technical Notes.,**,781
YC,2015,May,12 month-ending,Number of Drug Overdose Deaths,810,100,0.022210294,New York City,Numbers may differ from published reports using final data. See Technical Notes.,**,810
YC,2015,November,12 month-ending,Number of Drug Overdose Deaths,944,100,0.040500736,New York City,Numbers may differ from published reports using final data. See Technical Notes.,**,945
YC,2015,October,12 month-ending,Number of Drug Overdose Deaths,918,100,0.040313714,New York City,Numbers may differ from published reports using final data. See Technical Notes.,**,919
YC,2015,September,12 month-ending,Number of Drug Overdose Deaths,886,100,0.03673162,New York City,Numbers may differ from published reports using final data. See Technical Notes.,**,886
YC,2016,April,12 month-ending,Number of Drug Overdose Deaths,1118,100,0.029897601,New York City,Numbers may differ from published reports using final data. See Technical Notes.,**,1118
YC,2016,August,12 month-ending,Number of Drug Overdose Deaths,1279,100,0.037393662,New York City,Numbers may differ from published reports using final data. See Technical Notes.,**,1279
YC,2016,December,12 month-ending,Number of Drug Overdose Deaths,1424,100,0.040530582,New York City,Numbers may differ from published reports using final data. See Technical Notes.,**,1425
YC,2016,February,12 month-ending,Number of Drug Overdose Deaths,1019,100,0.031822691,New York City,Numbers may differ from published reports using final data. See Technical Notes.,**,1019
YC,2016,January,12 month-ending,Number of Drug Overdose Deaths,987,100,0.039161569,New York City,Numbers may differ from published reports using final data. See Technical Notes.,**,988
YC,2016,July,12 month-ending,Number of Drug Overdose Deaths,1251,100,0.039250869,New York City,Numbers may differ from published reports using final data. See Technical Notes.,**,1252
YC,2016,June,12 month-ending,Number of Drug Overdose Deaths,1192,100,0.041171517,New York City,Numbers may differ from published reports using final data. See Technical Notes.,**,1193
YC,2016,March,12 month-ending,Number of Drug Overdose Deaths,1076,100,0.03174781,New York City,Numbers may differ from published reports using final data. See Technical Notes.,**,1076
YC,2016,May,12 month-ending,Number of Drug Overdose Deaths,1146,100,0.050471063,New York City,Numbers may differ from published reports using final data. See Technical Notes.,**,1148
YC,2016,November,12 month-ending,Number of Drug Overdose Deaths,1371,100,0.037118147,New York City,Numbers may differ from published reports using final data. See Technical Notes.,**,1371
YC,2016,October,12 month-ending,Number of Drug Overdose Deaths,1344,100,0.03735176,New York City,Numbers may differ from published reports using final data. See Technical Notes.,**,1344
YC,2016,September,12 month-ending,Number of Drug Overdose Deaths,1311,100,0.037360133,New York City,Numbers may differ from published reports using final data. See Technical Notes.,**,1311
YC,2017,April,12 month-ending,Number of Drug Overdose Deaths,1468,100,0.038840698,New York City,Numbers may differ from published reports using final data. See Technical Notes.,**,1469
YC,2017,August,12 month-ending,Number of Drug Overdose Deaths,1497,100,0.020298574,New York City,Numbers may differ from published reports using final data. See Technical Notes.,**,1497
YC,2017,December,12 month-ending,Number of Drug Overdose Deaths,1493,100,0.044183435,New York City,Numbers may differ from published reports using final data. See Technical Notes.,**,1495
YC,2017,February,12 month-ending,Number of Drug Overdose Deaths,1494,100,0.038600812,New York City,Numbers may differ from published reports using final data. See Technical Notes.,**,1495
YC,2017,January,12 month-ending,Number of Drug Overdose Deaths,1483,100,0.038485504,New York City,Numbers may differ from published reports using final data. See Technical Notes.,**,1483
YC,2017,July,12 month-ending,Number of Drug Overdose Deaths,1503,100,0.018450185,New York City,Numbers may differ from published reports using final data. See Technical Notes.,**,1503
YC,2017,June,12 month-ending,Number of Drug Overdose Deaths,1509,100,0.018434879,New York City,Numbers may differ from published reports using final data. See Technical Notes.,**,1509
YC,2017,March,12 month-ending,Number of Drug Overdose Deaths,1466,100,0.038784745,New York City,Numbers may differ from published reports using final data. See Technical Notes.,**,1467
YC,2017,May,12 month-ending,Number of Drug Overdose Deaths,1488,100,0.018452227,New York City,Numbers may differ from published reports using final data. See Technical Notes.,**,1488
YC,2017,November,12 month-ending,Number of Drug Overdose Deaths,1509,100,0.0387161,New York City,Numbers may differ from published reports using final data. See Technical Notes.,**,1510
YC,2017,October,12 month-ending,Number of Drug Overdose Deaths,1507,100,0.027630925,New York City,Numbers may differ from published reports using final data. See Technical Notes.,**,1507
YC,2017,September,12 month-ending,Number of Drug Overdose Deaths,1514,100,0.022086838,New York City,Numbers may differ from published reports using final data. See Technical Notes.,**,1514
YC,2018,April,12 month-ending,Number of Drug Overdose Deaths,1545,100,0.043591187000000003,New York City,Numbers may differ from published reports using final data. See Technical Notes.,**,1546
YC,2018,August,12 month-ending,Number of Drug Overdose Deaths,1544,100,0.043657796,New York City,Numbers may differ from published reports using final data. See Technical Notes.,**,1545
YC,2018,December,12 month-ending,Number of Drug Overdose Deaths,1482,100,0.052649734,New York City,Numbers may differ from published reports using final data. See Technical Notes.,**,1485
YC,2018,February,12 month-ending,Number of Drug Overdose Deaths,1495,100,0.04370709,New York City,Numbers may differ from published reports using final data. See Technical Notes.,**,1496
YC,2018,January,12 month-ending,Number of Drug Overdose Deaths,1488,100,0.043850834,New York City,Numbers may differ from published reports using final data. See Technical Notes.,**,1489
YC,2018,July,12 month-ending,Number of Drug Overdose Deaths,1513,100,0.043624466,New York City,Numbers may differ from published reports using final data. See Technical Notes.,**,1514
YC,2018,June,12 month-ending,Number of Drug Overdose Deaths,1524,100,0.041834155,New York City,Numbers may differ from published reports using final data. See Technical Notes.,**,1525
YC,2018,March,12 month-ending,Number of Drug Overdose Deaths,1520,100,0.043649855,New York City,Numbers may differ from published reports using final data. See Technical Notes.,**,1521
YC,2018,May,12 month-ending,Number of Drug Overdose Deaths,1529,100,0.04189359,New York City,Numbers may differ from published reports using final data. See Technical Notes.,**,1530
YC,2018,November,12 month-ending,Number of Drug Overdose Deaths,1482,100,0.048926339,New York City,Numbers may differ from published reports using final data. See Technical Notes.,**,1484
YC,2018,October,12 month-ending,Number of Drug Overdose Deaths,1499,100,0.04897515,New York City,Numbers may differ from published reports using final data. See Technical Notes.,**,1501
YC,2018,September,12 month-ending,Number of Drug Overdose Deaths,1508,100,0.050951705,New York City,Numbers may differ from published reports using final data. See Technical Notes.,**,1511
YC,2019,April,12 month-ending,Number of Drug Overdose Deaths,1437,100,0.057148124,New York City,Numbers may differ from published reports using final data. See Technical Notes.,**,1441
YC,2019,August,12 month-ending,Number of Drug Overdose Deaths,1448,100,0.058712364,New York City,Numbers may differ from published reports using final data. See Technical Notes.,**,1452
YC,2019,December,12 month-ending,Number of Drug Overdose Deaths,1548,100,0.086142116,New York City,Numbers may differ from published reports using final data. See Technical Notes.,**,1557
YC,2019,February,12 month-ending,Number of Drug Overdose Deaths,1475,100,0.055186623,New York City,Numbers may differ from published reports using final data. See Technical Notes.,**,1478
YC,2019,January,12 month-ending,Number of Drug Overdose Deaths,1456,100,0.055038802,New York City,Numbers may differ from published reports using final data. See Technical Notes.,**,1459
YC,2019,July,12 month-ending,Number of Drug Overdose Deaths,1466,100,0.054956127,New York City,Numbers may differ from published reports using final data. See Technical Notes.,**,1469
YC,2019,June,12 month-ending,Number of Drug Overdose Deaths,1438,100,0.058818123,New York City,Numbers may differ from published reports using final data. See Technical Notes.,**,1442
YC,2019,March,12 month-ending,Number of Drug Overdose Deaths,1470,100,0.055166326,New York City,Numbers may differ from published reports using final data. See Technical Notes.,**,1473
YC,2019,May,12 month-ending,Number of Drug Overdose Deaths,1444,100,0.060690771,New York City,Numbers may differ from published reports using final data. See Technical Notes.,**,1448
YC,2019,November,12 month-ending,Number of Drug Overdose Deaths,1514,100,0.055188653,New York City,Numbers may differ from published reports using final data. See Technical Notes.,**,1518
YC,2019,October,12 month-ending,Number of Drug Overdose Deaths,1487,100,0.058838672,New York City,Numbers may differ from published reports using final data. See Technical Notes.,**,1491
YC,2019,September,12 month-ending,Number of Drug Overdose Deaths,1457,100,0.055099455,New York City,Numbers may differ from published reports using final data. See Technical Notes.,**,1460
YC,2020,April,12 month-ending,Number of Drug Overdose Deaths,1683,100,0.063790156,New York City,Numbers may differ from published reports using final data. See Technical Notes.,**,1689
YC,2020,August,12 month-ending,Number of Drug Overdose Deaths,1928,100,0.060287658,New York City,Numbers may differ from published reports using final data. See Technical Notes.,**,1934
YC,2020,December,12 month-ending,Number of Drug Overdose Deaths,2131,100,0.083999854,New York City,Numbers may differ from published reports using final data. See Technical Notes.,**,2143
YC,2020,February,12 month-ending,Number of Drug Overdose Deaths,1615,100,0.087613624,New York City,Numbers may differ from published reports using final data. See Technical Notes.,**,1625
YC,2020,January,12 month-ending,Number of Drug Overdose Deaths,1580,100,0.086075857,New York City,Numbers may differ from published reports using final data. See Technical Notes.,**,1590
YC,2020,July,12 month-ending,Number of Drug Overdose Deaths,1882,100,0.062819486,New York City,Numbers may differ from published reports using final data. See Technical Notes.,**,1888
YC,2020,June,12 month-ending,Number of Drug Overdose Deaths,1825,100,0.059082013,New York City,Numbers may differ from published reports using final data. See Technical Notes.,**,1830
YC,2020,March,12 month-ending,Number of Drug Overdose Deaths,1653,100,0.085180327,New York City,Numbers may differ from published reports using final data. See Technical Notes.,**,1663
YC,2020,May,12 month-ending,Number of Drug Overdose Deaths,1777,100,0.059291467,New York City,Numbers may differ from published reports using final data. See Technical Notes.,**,1782
YC,2020,November,12 month-ending,Number of Drug Overdose Deaths,2091,100,0.068794379,New York City,Numbers may differ from published reports using final data. See Technical Notes.,**,2099
YC,2020,October,12 month-ending,Number of Drug Overdose Deaths,2039,100,0.060338883,New York City,Numbers may differ from published reports using final data. See Technical Notes.,**,2045
YC,2020,September,12 month-ending,Number of Drug Overdose Deaths,1989,100,0.06026912,New York City,Numbers may differ from published reports using final data. See Technical Notes.,**,1995
YC,2021,April,12 month-ending,Number of Drug Overdose Deaths,2392,100,0.111825552,New York City,Numbers may differ from published reports using final data. See Technical Notes.,**,2414
YC,2021,August,12 month-ending,Number of Drug Overdose Deaths,2555,100,0.126232363,New York City,Numbers may differ from published reports using final data. See Technical Notes.,**,2583
YC,2021,December,12 month-ending,Number of Drug Overdose Deaths,2775,100,0.081824047,New York City,Numbers may differ from published reports using final data. See Technical Notes.,**,2790
YC,2021,February,12 month-ending,Number of Drug Overdose Deaths,2243,100,0.079572183,New York City,Numbers may differ from published reports using final data. See Technical Notes.,**,2255
YC,2021,January,12 month-ending,Number of Drug Overdose Deaths,2217,100,0.081091395,New York City,Numbers may differ from published reports using final data. See Technical Notes.,**,2229
YC,2021,July,12 month-ending,Number of Drug Overdose Deaths,2476,100,0.125741553,New York City,Numbers may differ from published reports using final data. See Technical Notes.,**,2503
YC,2021,June,12 month-ending,Number of Drug Overdose Deaths,2448,100,0.127271556,New York City,Numbers may differ from published reports using final data. See Technical Notes.,**,2475
YC,2021,March,12 month-ending,Number of Drug Overdose Deaths,2312,100,0.081871486,New York City,Numbers may differ from published reports using final data. See Technical Notes.,**,2325
YC,2021,May,12 month-ending,Number of Drug Overdose Deaths,2394,100,0.118886961,New York City,Numbers may differ from published reports using final data. See Technical Notes.,**,2418
YC,2021,November,12 month-ending,Number of Drug Overdose Deaths,2731,100,0.11459249,New York City,Numbers may differ from published reports using final data. See Technical Notes.,**,2757
YC,2021,October,12 month-ending,Number of Drug Overdose Deaths,2671,100,0.118086061,New York City,Numbers may differ from published reports using final data. See Technical Notes.,**,2697
YC,2021,September,12 month-ending,Number of Drug Overdose Deaths,2627,100,0.123476334,New York City,Numbers may differ from published reports using final data. See Technical Notes.,**,2654
YC,2022,April,12 month-ending,Number of Drug Overdose Deaths,2838,100,0.077370076,New York City,Numbers may differ from published reports using final data. See Technical Notes.,**,2852
YC,2022,August,12 month-ending,Number of Drug Overdose Deaths,2989,100,0.069176796,New York City,Numbers may differ from published reports using final data. See Technical Notes.,**,3000
YC,2022,December,12 month-ending,Number of Drug Overdose Deaths,3142,100,0.155125751,New York City,Numbers may differ from published reports using final data. See Technical Notes.,**,3187
YC,2022,February,12 month-ending,Number of Drug Overdose Deaths,2828,100,0.083563264,New York City,Numbers may differ from published reports using final data. See Technical Notes.,**,2844
YC,2022,January,12 month-ending,Number of Drug Overdose Deaths,2804,100,0.080408226,New York City,Numbers may differ from published reports using final data. See Technical Notes.,**,2819
YC,2022,July,12 month-ending,Number of Drug Overdose Deaths,2974,100,0.069076675,New York City,Numbers may differ from published reports using final data. See Technical Notes.,**,2985
YC,2022,June,12 month-ending,Number of Drug Overdose Deaths,2916,100,0.071099059,New York City,Numbers may differ from published reports using final data. See Technical Notes.,**,2928
YC,2022,March,12 month-ending,Number of Drug Overdose Deaths,2841,100,0.082480229,New York City,Numbers may differ from published reports using final data. See Technical Notes.,**,2857
YC,2022,May,12 month-ending,Number of Drug Overdose Deaths,2893,100,0.076063232,New York City,Numbers may differ from published reports using final data. See Technical Notes.,**,2907
YC,2022,November,12 month-ending,Number of Drug Overdose Deaths,3083,100,0.115521083,New York City,Numbers may differ from published reports using final data. See Technical Notes.,**,3112
YC,2022,October,12 month-ending,Number of Drug Overdose Deaths,3029,100,0.087627929,New York City,Numbers may differ from published reports using final data. See Technical Notes.,**,3047
YC,2022,September,12 month-ending,Number of Drug Overdose Deaths,2999,100,0.069521461,New York City,Numbers may differ from published reports using final data. See Technical Notes.,**,3011
YC,2023,April,12 month-ending,Number of Drug Overdose Deaths,3220,100,0.203464107,New York City,Underreported due to incomplete data.,*,3288
YC,2023,August,12 month-ending,Number of Drug Overdose Deaths,3235,100,0.380510769,New York City,Underreported due to incomplete data.,*,3380
YC,2023,February,12 month-ending,Number of Drug Overdose Deaths,3144,100,0.176191473,New York City,Underreported due to incomplete data.,*,3191
YC,2023,January,12 month-ending,Number of Drug Overdose Deaths,3133,100,0.169146329,New York City,Underreported due to incomplete data.,*,3166
YC,2023,July,12 month-ending,Number of Drug Overdose Deaths,3248,100,0.284855199,New York City,Underreported due to incomplete data.,*,3353
YC,2023,June,12 month-ending,Number of Drug Overdose Deaths,3245,100,0.242777797,New York City,Underreported due to incomplete data.,*,3329
YC,2023,March,12 month-ending,Number of Drug Overdose Deaths,3167,100,0.184617528,New York City,Underreported due to incomplete data.,*,3228
YC,2023,May,12 month-ending,Number of Drug Overdose Deaths,3200,100,0.222755908,New York City,Underreported due to incomplete data.,*,3279
YC,2023,October,12 month-ending,Number of Drug Overdose Deaths,3000,100,0.928875207,New York City,Underreported due to incomplete data.,*,3361
YC,2023,September,12 month-ending,Number of Drug Overdose Deaths,3159,100,0.541000763,New York City,Underreported due to incomplete data.,*,3363
