valence,energy,artist,track_name,album_name,cover_url
0.506,0.5581,Arctic Monkeys,Arabella,AM,https://i.scdn.co/image/ab67616d00001e024ae1c4c5c45aabe565499163
0.405,0.532,Arctic Monkeys,Do I Wanna Know?,AM,https://i.scdn.co/image/ab67616d00001e024ae1c4c5c45aabe565499163
0.74,0.9529,Arctic Monkeys,Fireside,AM,https://i.scdn.co/image/ab67616d00001e024ae1c4c5c45aabe565499163
0.479,0.417,Arctic Monkeys,I Wanna Be Yours,AM,https://i.scdn.co/image/ab67616d00001e024ae1c4c5c45aabe565499163
0.288,0.81,Arctic Monkeys,I Want It All,AM,https://i.scdn.co/image/ab67616d00001e024ae1c4c5c45aabe565499163
0.587,0.5419,Arctic Monkeys,Knee Socks,AM,https://i.scdn.co/image/ab67616d00001e024ae1c4c5c45aabe565499163
0.485,0.4621,Arctic Monkeys,Mad Sounds,AM,https://i.scdn.co/image/ab67616d00001e024ae1c4c5c45aabe565499163
0.599,0.698,Arctic Monkeys,No. 1 Party Anthem,AM,https://i.scdn.co/image/ab67616d00001e024ae1c4c5c45aabe565499163
0.842,0.6681,Arctic Monkeys,One For The Road,AM,https://i.scdn.co/image/ab67616d00001e024ae1c4c5c45aabe565499163
0.619,0.758,Arctic Monkeys,R U Mine?,AM,https://i.scdn.co/image/ab67616d00001e024ae1c4c5c45aabe565499163
0.872,0.6379,Arctic Monkeys,Snap Out Of It,AM,https://i.scdn.co/image/ab67616d00001e024ae1c4c5c45aabe565499163
0.8,0.6309,Arctic Monkeys,Why'd You Only Call Me When You're High?,AM,https://i.scdn.co/image/ab67616d00001e024ae1c4c5c45aabe565499163
0.248,0.866,Arctic Monkeys,505,Favourite Worst Nightmare,https://i.scdn.co/image/ab67616d00001e02b1f8da74f225fa1225cdface
0.762,0.811,Arctic Monkeys,Balaclava,Favourite Worst Nightmare,https://i.scdn.co/image/ab67616d00001e02b1f8da74f225fa1225cdface
0.463,0.974,Arctic Monkeys,Brianstorm,Favourite Worst Nightmare,https://i.scdn.co/image/ab67616d00001e02b1f8da74f225fa1225cdface
0.77,0.9251,Arctic Monkeys,D is for Dangerous,Favourite Worst Nightmare,https://i.scdn.co/image/ab67616d00001e02b1f8da74f225fa1225cdface
0.624,0.738,Arctic Monkeys,Do Me a Favour,Favourite Worst Nightmare,https://i.scdn.co/image/ab67616d00001e02b1f8da74f225fa1225cdface
0.79,0.8281,Arctic Monkeys,Fluorescent Adolescent,Favourite Worst Nightmare,https://i.scdn.co/image/ab67616d00001e02b1f8da74f225fa1225cdface
0.264,0.805,Arctic Monkeys,"If You Were There, Beware",Favourite Worst Nightmare,https://i.scdn.co/image/ab67616d00001e02b1f8da74f225fa1225cdface
0.757,0.837,Arctic Monkeys,Old Yellow Bricks,Favourite Worst Nightmare,https://i.scdn.co/image/ab67616d00001e02b1f8da74f225fa1225cdface
0.0965,0.3991,Arctic Monkeys,Only Ones Who Know,Favourite Worst Nightmare,https://i.scdn.co/image/ab67616d00001e02b1f8da74f225fa1225cdface
0.823,0.9629,Arctic Monkeys,Teddy Picker,Favourite Worst Nightmare,https://i.scdn.co/image/ab67616d00001e02b1f8da74f225fa1225cdface
0.538,0.9519,Arctic Monkeys,The Bad Thing,Favourite Worst Nightmare,https://i.scdn.co/image/ab67616d00001e02b1f8da74f225fa1225cdface
0.658,0.8441,Arctic Monkeys,This House is a Circus,Favourite Worst Nightmare,https://i.scdn.co/image/ab67616d00001e02b1f8da74f225fa1225cdface
0.763,0.721,Arctic Monkeys,Cornerstone,Humbug,https://i.scdn.co/image/ab67616d00001e02f65d720a5d70dbb93e96d528
0.67,0.8851,Arctic Monkeys,Crying Lightning,Humbug,https://i.scdn.co/image/ab67616d00001e02f65d720a5d70dbb93e96d528
0.543,0.6071,Arctic Monkeys,Dance Little Liar,Humbug,https://i.scdn.co/image/ab67616d00001e02f65d720a5d70dbb93e96d528
0.532,0.9221,Arctic Monkeys,Dangerous Animals,Humbug,https://i.scdn.co/image/ab67616d00001e02f65d720a5d70dbb93e96d528
0.406,0.6101,Arctic Monkeys,Fire And The Thud,Humbug,https://i.scdn.co/image/ab67616d00001e02f65d720a5d70dbb93e96d528
0.69,0.657,Arctic Monkeys,My Propeller,Humbug,https://i.scdn.co/image/ab67616d00001e02f65d720a5d70dbb93e96d528
0.767,0.758,Arctic Monkeys,Potion Approaching,Humbug,https://i.scdn.co/image/ab67616d00001e02f65d720a5d70dbb93e96d528
0.142,0.8961,Arctic Monkeys,Pretty Visitors,Humbug,https://i.scdn.co/image/ab67616d00001e02f65d720a5d70dbb93e96d528
0.548,0.806,Arctic Monkeys,Secret Door,Humbug,https://i.scdn.co/image/ab67616d00001e02f65d720a5d70dbb93e96d528
0.391,0.8001,Arctic Monkeys,The Jeweller's Hands,Humbug,https://i.scdn.co/image/ab67616d00001e02f65d720a5d70dbb93e96d528
0.186,0.7241,Arctic Monkeys,505 - Live,Live at the Royal Albert Hall,https://i.scdn.co/image/ab67616d00001e02753ff61c73b2861911ce590d
0.291,0.8251,Arctic Monkeys,Arabella - Live,Live at the Royal Albert Hall,https://i.scdn.co/image/ab67616d00001e02753ff61c73b2861911ce590d
0.244,0.934,Arctic Monkeys,Brianstorm - Live,Live at the Royal Albert Hall,https://i.scdn.co/image/ab67616d00001e02753ff61c73b2861911ce590d
0.472,0.779,Arctic Monkeys,Cornerstone - Live,Live at the Royal Albert Hall,https://i.scdn.co/image/ab67616d00001e02753ff61c73b2861911ce590d
0.324,0.867,Arctic Monkeys,Crying Lightning - Live,Live at the Royal Albert Hall,https://i.scdn.co/image/ab67616d00001e02753ff61c73b2861911ce590d
0.305,0.77,Arctic Monkeys,Do I Wanna Know? - Live,Live at the Royal Albert Hall,https://i.scdn.co/image/ab67616d00001e02753ff61c73b2861911ce590d
0.297,0.8369,Arctic Monkeys,Do Me A Favour - Live,Live at the Royal Albert Hall,https://i.scdn.co/image/ab67616d00001e02753ff61c73b2861911ce590d
0.38,0.809,Arctic Monkeys,Don't Sit Down 'Cause I've Moved Your Chair - Live,Live at the Royal Albert Hall,https://i.scdn.co/image/ab67616d00001e02753ff61c73b2861911ce590d
0.451,0.802,Arctic Monkeys,Four Out Of Five - Live,Live at the Royal Albert Hall,https://i.scdn.co/image/ab67616d00001e02753ff61c73b2861911ce590d
0.421,0.918,Arctic Monkeys,From The Ritz To The Rubble - Live,Live at the Royal Albert Hall,https://i.scdn.co/image/ab67616d00001e02753ff61c73b2861911ce590d
0.0991,0.9681,Arctic Monkeys,I Bet You Look Good On The Dancefloor - Live,Live at the Royal Albert Hall,https://i.scdn.co/image/ab67616d00001e02753ff61c73b2861911ce590d
0.268,0.578,Arctic Monkeys,Knee Socks - Live,Live at the Royal Albert Hall,https://i.scdn.co/image/ab67616d00001e02753ff61c73b2861911ce590d
0.818,0.6429,Arctic Monkeys,One Point Perspective - Live,Live at the Royal Albert Hall,https://i.scdn.co/image/ab67616d00001e02753ff61c73b2861911ce590d
0.274,0.9051,Arctic Monkeys,Pretty Visitors - Live,Live at the Royal Albert Hall,https://i.scdn.co/image/ab67616d00001e02753ff61c73b2861911ce590d
0.269,0.959,Arctic Monkeys,R U Mine? - Live,Live at the Royal Albert Hall,https://i.scdn.co/image/ab67616d00001e02753ff61c73b2861911ce590d
0.385,0.6349,Arctic Monkeys,She Looks Like Fun - Live,Live at the Royal Albert Hall,https://i.scdn.co/image/ab67616d00001e02753ff61c73b2861911ce590d
0.51,0.703,Arctic Monkeys,Star Treatment - Live,Live at the Royal Albert Hall,https://i.scdn.co/image/ab67616d00001e02753ff61c73b2861911ce590d
0.187,0.9329,Arctic Monkeys,The View From The Afternoon - Live,Live at the Royal Albert Hall,https://i.scdn.co/image/ab67616d00001e02753ff61c73b2861911ce590d
0.383,0.7501,Arctic Monkeys,Tranquility Base Hotel & Casino - Live,Live at the Royal Albert Hall,https://i.scdn.co/image/ab67616d00001e02753ff61c73b2861911ce590d
0.533,0.8111,Arctic Monkeys,Why'd You Only Call Me When You're High? - Live,Live at the Royal Albert Hall,https://i.scdn.co/image/ab67616d00001e02753ff61c73b2861911ce590d
0.531,0.9429,Arctic Monkeys,All My Own Stunts,Suck It and See,https://i.scdn.co/image/ab67616d00001e02cb44038b22f3d8a5e4e62d5a
0.525,0.89,Arctic Monkeys,Black Treacle,Suck It and See,https://i.scdn.co/image/ab67616d00001e02cb44038b22f3d8a5e4e62d5a
0.542,0.8071,Arctic Monkeys,Brick By Brick,Suck It and See,https://i.scdn.co/image/ab67616d00001e02cb44038b22f3d8a5e4e62d5a
0.315,0.912,Arctic Monkeys,Don't Sit Down 'Cause I've Moved Your Chair,Suck It and See,https://i.scdn.co/image/ab67616d00001e02cb44038b22f3d8a5e4e62d5a
0.402,0.9391,Arctic Monkeys,Library Pictures,Suck It and See,https://i.scdn.co/image/ab67616d00001e02cb44038b22f3d8a5e4e62d5a
0.554,0.662,Arctic Monkeys,Love is a Laserquest,Suck It and See,https://i.scdn.co/image/ab67616d00001e02cb44038b22f3d8a5e4e62d5a
0.474,0.865,Arctic Monkeys,Piledriver Waltz,Suck It and See,https://i.scdn.co/image/ab67616d00001e02cb44038b22f3d8a5e4e62d5a
0.785,0.6941,Arctic Monkeys,Reckless Serenade,Suck It and See,https://i.scdn.co/image/ab67616d00001e02cb44038b22f3d8a5e4e62d5a
0.731,0.8979,Arctic Monkeys,She's Thunderstorms,Suck It and See,https://i.scdn.co/image/ab67616d00001e02cb44038b22f3d8a5e4e62d5a
0.586,0.9321,Arctic Monkeys,Suck It and See,Suck It and See,https://i.scdn.co/image/ab67616d00001e02cb44038b22f3d8a5e4e62d5a
0.46,0.8831,Arctic Monkeys,That's Where You're Wrong,Suck It and See,https://i.scdn.co/image/ab67616d00001e02cb44038b22f3d8a5e4e62d5a
0.788,0.8719,Arctic Monkeys,The Hellcat Spangled Shalalala,Suck It and See,https://i.scdn.co/image/ab67616d00001e02cb44038b22f3d8a5e4e62d5a
0.343,0.328,Arctic Monkeys,Big Ideas,The Car,https://i.scdn.co/image/ab67616d00001e0207823ee6237208c835802663
0.256,0.3149,Arctic Monkeys,Body Paint,The Car,https://i.scdn.co/image/ab67616d00001e0207823ee6237208c835802663
0.653,0.4519,Arctic Monkeys,Hello You,The Car,https://i.scdn.co/image/ab67616d00001e0207823ee6237208c835802663
0.667,0.3371,Arctic Monkeys,I Ain’t Quite Where I Think I Am,The Car,https://i.scdn.co/image/ab67616d00001e0207823ee6237208c835802663
0.395,0.2441,Arctic Monkeys,Jet Skis On The Moat,The Car,https://i.scdn.co/image/ab67616d00001e0207823ee6237208c835802663
0.388,0.335,Arctic Monkeys,Mr Schwartz,The Car,https://i.scdn.co/image/ab67616d00001e0207823ee6237208c835802663
0.545,0.4781,Arctic Monkeys,Perfect Sense,The Car,https://i.scdn.co/image/ab67616d00001e0207823ee6237208c835802663
0.257,0.3091,Arctic Monkeys,Sculptures Of Anything Goes,The Car,https://i.scdn.co/image/ab67616d00001e0207823ee6237208c835802663
0.236,0.365,Arctic Monkeys,The Car,The Car,https://i.scdn.co/image/ab67616d00001e0207823ee6237208c835802663
0.324,0.3651,Arctic Monkeys,There’d Better Be A Mirrorball,The Car,https://i.scdn.co/image/ab67616d00001e0207823ee6237208c835802663
0.594,0.865,Arctic Monkeys,American Sports,Tranquility Base Hotel & Casino,NA
0.674,0.681,Arctic Monkeys,Batphone,Tranquility Base Hotel & Casino,NA
0.676,0.8639,Arctic Monkeys,Four Out Of Five,Tranquility Base Hotel & Casino,NA
0.0894,0.5641,Arctic Monkeys,Golden Trunks,Tranquility Base Hotel & Casino,NA
0.844,0.5861,Arctic Monkeys,One Point Perspective,Tranquility Base Hotel & Casino,NA
0.644,0.7659,Arctic Monkeys,Science Fiction,Tranquility Base Hotel & Casino,NA
0.445,0.7729,Arctic Monkeys,She Looks Like Fun,Tranquility Base Hotel & Casino,NA
0.665,0.7659,Arctic Monkeys,Star Treatment,Tranquility Base Hotel & Casino,NA
0.426,0.5551,Arctic Monkeys,The Ultracheese,Tranquility Base Hotel & Casino,NA
0.553,0.602,Arctic Monkeys,The World's First Ever Monster Truck Front Flip,Tranquility Base Hotel & Casino,NA
0.777,0.8369,Arctic Monkeys,Tranquility Base Hotel & Casino,Tranquility Base Hotel & Casino,NA
0.201,0.8809,Arctic Monkeys,A Certain Romance,"Whatever People Say I Am, That's What I'm Not",NA
0.852,0.8891,Arctic Monkeys,Dancing Shoes,"Whatever People Say I Am, That's What I'm Not",NA
0.704,0.7779,Arctic Monkeys,Fake Tales Of San Francisco,"Whatever People Say I Am, That's What I'm Not",NA
0.656,0.882,Arctic Monkeys,From The Ritz To The Rubble,"Whatever People Say I Am, That's What I'm Not",NA
0.778,0.9479,Arctic Monkeys,I Bet You Look Good On The Dancefloor,"Whatever People Say I Am, That's What I'm Not",NA
0.312,0.599,Arctic Monkeys,Mardy Bum,"Whatever People Say I Am, That's What I'm Not",NA
0.394,0.9141,Arctic Monkeys,Perhaps Vampires Is A Bit Strong But…,"Whatever People Say I Am, That's What I'm Not",NA
0.914,0.8459,Arctic Monkeys,Red Light Indicates Doors Are Secured,"Whatever People Say I Am, That's What I'm Not",NA
0.258,0.3331,Arctic Monkeys,Riot Van,"Whatever People Say I Am, That's What I'm Not",NA
0.653,0.946,Arctic Monkeys,Still Take You Home,"Whatever People Say I Am, That's What I'm Not",NA
0.417,0.9219,Arctic Monkeys,The View From The Afternoon,"Whatever People Say I Am, That's What I'm Not",NA
0.407,0.8751,Arctic Monkeys,When The Sun Goes Down,"Whatever People Say I Am, That's What I'm Not",NA
0.926,0.9721,Arctic Monkeys,You Probably Couldn't See For The Lights But You Were Staring Straight At Me,"Whatever People Say I Am, That's What I'm Not",NA
0.538,0.2981,Ben Howard,Buzzard,Collections from the Whiteout,https://i.scdn.co/image/ab67616d00001e02492ae77784f33eb496404aa0
0.814,0.8759,Ben Howard,Crowhurst's Meme,Collections from the Whiteout,https://i.scdn.co/image/ab67616d00001e02492ae77784f33eb496404aa0
0.373,0.6739,Ben Howard,Far Out,Collections from the Whiteout,https://i.scdn.co/image/ab67616d00001e02492ae77784f33eb496404aa0
0.615,0.394,Ben Howard,Finders Keepers,Collections from the Whiteout,https://i.scdn.co/image/ab67616d00001e02492ae77784f33eb496404aa0
0.282,0.4669,Ben Howard,Follies Fixture,Collections from the Whiteout,https://i.scdn.co/image/ab67616d00001e02492ae77784f33eb496404aa0
0.788,0.5571,Ben Howard,Make Arrangements,Collections from the Whiteout,https://i.scdn.co/image/ab67616d00001e02492ae77784f33eb496404aa0
0.882,0.833,Ben Howard,Metaphysical Cantations,Collections from the Whiteout,https://i.scdn.co/image/ab67616d00001e02492ae77784f33eb496404aa0
0.381,0.2379,Ben Howard,Rookery,Collections from the Whiteout,https://i.scdn.co/image/ab67616d00001e02492ae77784f33eb496404aa0
0.257,0.735,Ben Howard,Sage That She Was Burning,Collections from the Whiteout,https://i.scdn.co/image/ab67616d00001e02492ae77784f33eb496404aa0
0.83,0.6839,Ben Howard,Sorry Kid,Collections from the Whiteout,https://i.scdn.co/image/ab67616d00001e02492ae77784f33eb496404aa0
0.742,0.716,Ben Howard,Sorry Kid - Edit,Collections from the Whiteout,https://i.scdn.co/image/ab67616d00001e02492ae77784f33eb496404aa0
0.443,0.7331,Ben Howard,The Strange Last Flight of Richard Russell,Collections from the Whiteout,https://i.scdn.co/image/ab67616d00001e02492ae77784f33eb496404aa0
0.285,0.8271,Ben Howard,Unfurling,Collections from the Whiteout,https://i.scdn.co/image/ab67616d00001e02492ae77784f33eb496404aa0
0.54,0.4661,Ben Howard,What a Day,Collections from the Whiteout,https://i.scdn.co/image/ab67616d00001e02492ae77784f33eb496404aa0
0.593,0.4341,Ben Howard,What a Day - Edit,Collections from the Whiteout,https://i.scdn.co/image/ab67616d00001e02492ae77784f33eb496404aa0
0.475,0.687,Ben Howard,You Have Your Way,Collections from the Whiteout,https://i.scdn.co/image/ab67616d00001e02492ae77784f33eb496404aa0
0.0995,0.3619,Ben Howard,Black Flies,Every Kingdom,https://i.scdn.co/image/ab67616d00001e02ed6d775fa5866458cc2d0d5e
0.266,0.6769,Ben Howard,Diamonds,Every Kingdom,https://i.scdn.co/image/ab67616d00001e02ed6d775fa5866458cc2d0d5e
0.344,0.25,Ben Howard,Everything,Every Kingdom,https://i.scdn.co/image/ab67616d00001e02ed6d775fa5866458cc2d0d5e
0.178,0.255,Ben Howard,Gracious,Every Kingdom,https://i.scdn.co/image/ab67616d00001e02ed6d775fa5866458cc2d0d5e
0.553,0.61,Ben Howard,Keep Your Head Up,Every Kingdom,https://i.scdn.co/image/ab67616d00001e02ed6d775fa5866458cc2d0d5e
0.237,0.3651,Ben Howard,Old Pine,Every Kingdom,https://i.scdn.co/image/ab67616d00001e02ed6d775fa5866458cc2d0d5e
0.333,0.493,Ben Howard,Only Love,Every Kingdom,https://i.scdn.co/image/ab67616d00001e02ed6d775fa5866458cc2d0d5e
0.185,0.1899,Ben Howard,Promise,Every Kingdom,https://i.scdn.co/image/ab67616d00001e02ed6d775fa5866458cc2d0d5e
0.438,0.5449,Ben Howard,The Fear,Every Kingdom,https://i.scdn.co/image/ab67616d00001e02ed6d775fa5866458cc2d0d5e
0.529,0.5391,Ben Howard,The Wolves,Every Kingdom,https://i.scdn.co/image/ab67616d00001e02ed6d775fa5866458cc2d0d5e
0.412,0.5501,Ben Howard,All Is Now Harmed,I Forget Where We Were,https://i.scdn.co/image/ab67616d00001e02295ae3a0becf4c021ea485ae
0.184,0.318,Ben Howard,Conrad,I Forget Where We Were,https://i.scdn.co/image/ab67616d00001e02295ae3a0becf4c021ea485ae
0.0575,0.3611,Ben Howard,End of the Affair,I Forget Where We Were,https://i.scdn.co/image/ab67616d00001e02295ae3a0becf4c021ea485ae
0.183,0.204,Ben Howard,Evergreen,I Forget Where We Were,https://i.scdn.co/image/ab67616d00001e02295ae3a0becf4c021ea485ae
0.192,0.4529,Ben Howard,I Forget Where We Were,I Forget Where We Were,https://i.scdn.co/image/ab67616d00001e02295ae3a0becf4c021ea485ae
0.299,0.5859,Ben Howard,In Dreams,I Forget Where We Were,https://i.scdn.co/image/ab67616d00001e02295ae3a0becf4c021ea485ae
0.142,0.4901,Ben Howard,Rivers in Your Mouth,I Forget Where We Were,https://i.scdn.co/image/ab67616d00001e02295ae3a0becf4c021ea485ae
0.566,0.482,Ben Howard,She Treats Me Well,I Forget Where We Were,https://i.scdn.co/image/ab67616d00001e02295ae3a0becf4c021ea485ae
0.154,0.5831,Ben Howard,Small Things,I Forget Where We Were,https://i.scdn.co/image/ab67616d00001e02295ae3a0becf4c021ea485ae
0.171,0.5281,Ben Howard,Time Is Dancing,I Forget Where We Were,https://i.scdn.co/image/ab67616d00001e02295ae3a0becf4c021ea485ae
0.432,0.558,Ben Howard,All Is Now Harmed,I Forget Where We Were (10th Year Anniversary Deluxe),https://i.scdn.co/image/ab67616d00001e029ff91c650a5fae7b14e8d571
0.125,0.199,Ben Howard,Am I In Your Light,I Forget Where We Were (10th Year Anniversary Deluxe),https://i.scdn.co/image/ab67616d00001e029ff91c650a5fae7b14e8d571
0.179,0.3221,Ben Howard,Conrad,I Forget Where We Were (10th Year Anniversary Deluxe),https://i.scdn.co/image/ab67616d00001e029ff91c650a5fae7b14e8d571
0.0499,0.368,Ben Howard,End of the Affair,I Forget Where We Were (10th Year Anniversary Deluxe),https://i.scdn.co/image/ab67616d00001e029ff91c650a5fae7b14e8d571
0.188,0.208,Ben Howard,Evergreen,I Forget Where We Were (10th Year Anniversary Deluxe),https://i.scdn.co/image/ab67616d00001e029ff91c650a5fae7b14e8d571
0.112,0.6011,Ben Howard,How Are You Feeling?,I Forget Where We Were (10th Year Anniversary Deluxe),https://i.scdn.co/image/ab67616d00001e029ff91c650a5fae7b14e8d571
0.065,0.523,Ben Howard,I Follow Stars,I Forget Where We Were (10th Year Anniversary Deluxe),https://i.scdn.co/image/ab67616d00001e029ff91c650a5fae7b14e8d571
0.178,0.461,Ben Howard,I Forget Where We Were,I Forget Where We Were (10th Year Anniversary Deluxe),https://i.scdn.co/image/ab67616d00001e029ff91c650a5fae7b14e8d571
0.28,0.5921,Ben Howard,In Dreams,I Forget Where We Were (10th Year Anniversary Deluxe),https://i.scdn.co/image/ab67616d00001e029ff91c650a5fae7b14e8d571
0.121,0.3119,Ben Howard,Lotus Flower,I Forget Where We Were (10th Year Anniversary Deluxe),https://i.scdn.co/image/ab67616d00001e029ff91c650a5fae7b14e8d571
0.156,0.6531,Ben Howard,Quiet Me Down,I Forget Where We Were (10th Year Anniversary Deluxe),https://i.scdn.co/image/ab67616d00001e029ff91c650a5fae7b14e8d571
0.127,0.496,Ben Howard,Rivers in Your Mouth,I Forget Where We Were (10th Year Anniversary Deluxe),https://i.scdn.co/image/ab67616d00001e029ff91c650a5fae7b14e8d571
0.601,0.494,Ben Howard,She Treats Me Well,I Forget Where We Were (10th Year Anniversary Deluxe),https://i.scdn.co/image/ab67616d00001e029ff91c650a5fae7b14e8d571
0.166,0.5951,Ben Howard,Small Things,I Forget Where We Were (10th Year Anniversary Deluxe),https://i.scdn.co/image/ab67616d00001e029ff91c650a5fae7b14e8d571
0.225,0.673,Ben Howard,The Burren,I Forget Where We Were (10th Year Anniversary Deluxe),https://i.scdn.co/image/ab67616d00001e029ff91c650a5fae7b14e8d571
0.18,0.534,Ben Howard,Time Is Dancing,I Forget Where We Were (10th Year Anniversary Deluxe),https://i.scdn.co/image/ab67616d00001e029ff91c650a5fae7b14e8d571
0.634,0.7499,Ben Howard,Couldn’t Make It Up,Is It?,https://i.scdn.co/image/ab67616d00001e023e2322fb76078f38fe209422
0.437,0.511,Ben Howard,Days of Lantana,Is It?,https://i.scdn.co/image/ab67616d00001e023e2322fb76078f38fe209422
0.589,0.462,Ben Howard,Interim of Sense,Is It?,https://i.scdn.co/image/ab67616d00001e023e2322fb76078f38fe209422
0.95,0.6651,Ben Howard,Life In The Time,Is It?,https://i.scdn.co/image/ab67616d00001e023e2322fb76078f38fe209422
0.323,0.4379,Ben Howard,Little Plant,Is It?,https://i.scdn.co/image/ab67616d00001e023e2322fb76078f38fe209422
0.239,0.431,Ben Howard,Moonraker,Is It?,https://i.scdn.co/image/ab67616d00001e023e2322fb76078f38fe209422
0.246,0.7979,Ben Howard,Richmond Avenue,Is It?,https://i.scdn.co/image/ab67616d00001e023e2322fb76078f38fe209422
0.884,0.5589,Ben Howard,Spirit,Is It?,https://i.scdn.co/image/ab67616d00001e023e2322fb76078f38fe209422
0.753,0.839,Ben Howard,Total Eclipse,Is It?,https://i.scdn.co/image/ab67616d00001e023e2322fb76078f38fe209422
0.334,0.813,Ben Howard,Walking Backwards,Is It?,https://i.scdn.co/image/ab67616d00001e023e2322fb76078f38fe209422
0.326,0.4951,Ben Howard,A Boat to an Island on the Wall,Noonday Dream,https://i.scdn.co/image/ab67616d00001e02ee8a83216fecd4a2a7ae75d5
0.0349,0.2089,Ben Howard,"A Boat to an Island on the Wall, Pt. 2 / Agatha's Song",Noonday Dream,https://i.scdn.co/image/ab67616d00001e02ee8a83216fecd4a2a7ae75d5
0.284,0.0271,Ben Howard,All Down the Mines (Interlude),Noonday Dream,https://i.scdn.co/image/ab67616d00001e02ee8a83216fecd4a2a7ae75d5
0.347,0.584,Ben Howard,Murmurations,Noonday Dream,https://i.scdn.co/image/ab67616d00001e02ee8a83216fecd4a2a7ae75d5
0.356,0.4261,Ben Howard,Nica Libres at Dusk,Noonday Dream,https://i.scdn.co/image/ab67616d00001e02ee8a83216fecd4a2a7ae75d5
0.796,0.5251,Ben Howard,Someone in the Doorway,Noonday Dream,https://i.scdn.co/image/ab67616d00001e02ee8a83216fecd4a2a7ae75d5
0.118,0.6529,Ben Howard,The Defeat,Noonday Dream,https://i.scdn.co/image/ab67616d00001e02ee8a83216fecd4a2a7ae75d5
0.641,0.8309,Ben Howard,There's Your Man,Noonday Dream,https://i.scdn.co/image/ab67616d00001e02ee8a83216fecd4a2a7ae75d5
0.181,0.2891,Ben Howard,Towing the Line,Noonday Dream,https://i.scdn.co/image/ab67616d00001e02ee8a83216fecd4a2a7ae75d5
0.614,0.5401,Ben Howard,What the Moon Does,Noonday Dream,https://i.scdn.co/image/ab67616d00001e02ee8a83216fecd4a2a7ae75d5
0.481,0.415,Florence + The Machine,Between Two Lungs,Between Two Lungs,https://i.scdn.co/image/ab67616d00001e028fcd165e3cc600c1364eb6bc
0.248,0.79,Florence + The Machine,Blinding,Between Two Lungs,https://i.scdn.co/image/ab67616d00001e028fcd165e3cc600c1364eb6bc
0.0957,0.8089,Florence + The Machine,Cosmic Love,Between Two Lungs,https://i.scdn.co/image/ab67616d00001e028fcd165e3cc600c1364eb6bc
0.258,0.8091,Florence + The Machine,Dog Days Are Over,Between Two Lungs,https://i.scdn.co/image/ab67616d00001e028fcd165e3cc600c1364eb6bc
0.714,0.6371,Florence + The Machine,Dog Days Are Over - Yeasayer Remix,Between Two Lungs,https://i.scdn.co/image/ab67616d00001e028fcd165e3cc600c1364eb6bc
0.278,0.445,Florence + The Machine,Dog Days Are Over - iTunes Live: London Festival / 2010,Between Two Lungs,https://i.scdn.co/image/ab67616d00001e028fcd165e3cc600c1364eb6bc
0.489,0.8091,Florence + The Machine,Drumming Song,Between Two Lungs,https://i.scdn.co/image/ab67616d00001e028fcd165e3cc600c1364eb6bc
0.588,0.574,Florence + The Machine,Drumming Song - iTunes Live: London Festival / 2010,Between Two Lungs,https://i.scdn.co/image/ab67616d00001e028fcd165e3cc600c1364eb6bc
0.209,0.5321,Florence + The Machine,Girl With One Eye,Between Two Lungs,https://i.scdn.co/image/ab67616d00001e028fcd165e3cc600c1364eb6bc
0.325,0.436,Florence + The Machine,Girl With One Eye - iTunes Live: London Festival / 2010,Between Two Lungs,https://i.scdn.co/image/ab67616d00001e028fcd165e3cc600c1364eb6bc
0.3,0.7991,Florence + The Machine,Heavy In Your Arms,Between Two Lungs,https://i.scdn.co/image/ab67616d00001e028fcd165e3cc600c1364eb6bc
0.504,0.4539,Florence + The Machine,Hospital Beds - iTunes Live: London Festival / 2010,Between Two Lungs,https://i.scdn.co/image/ab67616d00001e028fcd165e3cc600c1364eb6bc
0.297,0.873,Florence + The Machine,Howl,Between Two Lungs,https://i.scdn.co/image/ab67616d00001e028fcd165e3cc600c1364eb6bc
0.205,0.863,Florence + The Machine,Hurricane Drunk,Between Two Lungs,https://i.scdn.co/image/ab67616d00001e028fcd165e3cc600c1364eb6bc
0.372,0.633,Florence + The Machine,Hurricane Drunk - Horrors Remix,Between Two Lungs,https://i.scdn.co/image/ab67616d00001e028fcd165e3cc600c1364eb6bc
0.321,0.477,Florence + The Machine,Hurricane Drunk - iTunes Live: London Festival / 2010,Between Two Lungs,https://i.scdn.co/image/ab67616d00001e028fcd165e3cc600c1364eb6bc
0.34,0.5291,Florence + The Machine,I'm Not Calling You A Liar,Between Two Lungs,https://i.scdn.co/image/ab67616d00001e028fcd165e3cc600c1364eb6bc
0.692,0.778,Florence + The Machine,Kiss With A Fist,Between Two Lungs,https://i.scdn.co/image/ab67616d00001e028fcd165e3cc600c1364eb6bc
0.188,0.7209,Florence + The Machine,My Boy Builds Coffins,Between Two Lungs,https://i.scdn.co/image/ab67616d00001e028fcd165e3cc600c1364eb6bc
0.484,0.361,Florence + The Machine,My Boy Builds Coffins - iTunes Live: London Festival / 2010,Between Two Lungs,https://i.scdn.co/image/ab67616d00001e028fcd165e3cc600c1364eb6bc
0.418,0.8581,Florence + The Machine,Rabbit Heart (Raise It Up),Between Two Lungs,https://i.scdn.co/image/ab67616d00001e028fcd165e3cc600c1364eb6bc
0.354,0.959,Florence + The Machine,Strangeness And Charm - Live From Hammersmith Apollo / 2010,Between Two Lungs,https://i.scdn.co/image/ab67616d00001e028fcd165e3cc600c1364eb6bc
0.293,0.931,Florence + The Machine,Swimming - Live From Hammersmith Apollo / 2010,Between Two Lungs,https://i.scdn.co/image/ab67616d00001e028fcd165e3cc600c1364eb6bc
0.444,0.9159,Florence + The Machine,You've Got The Dirtee Love - Live At The Brit Awards / 2010,Between Two Lungs,https://i.scdn.co/image/ab67616d00001e028fcd165e3cc600c1364eb6bc
0.401,0.6941,Florence + The Machine,You've Got The Love,Between Two Lungs,https://i.scdn.co/image/ab67616d00001e028fcd165e3cc600c1364eb6bc
0.35,0.817,Florence + The Machine,All This And Heaven Too,Ceremonials,https://i.scdn.co/image/ab67616d00001e02ad73995480ca0ca7c7d1e882
0.605,0.731,Florence + The Machine,Breaking Down,Ceremonials,https://i.scdn.co/image/ab67616d00001e02ad73995480ca0ca7c7d1e882
0.301,0.763,Florence + The Machine,Breath Of Life,Ceremonials,https://i.scdn.co/image/ab67616d00001e02ad73995480ca0ca7c7d1e882
0.23,0.7259,Florence + The Machine,Heartlines,Ceremonials,https://i.scdn.co/image/ab67616d00001e02ad73995480ca0ca7c7d1e882
0.258,0.8169,Florence + The Machine,Leave My Body,Ceremonials,https://i.scdn.co/image/ab67616d00001e02ad73995480ca0ca7c7d1e882
0.499,0.808,Florence + The Machine,Lover To Lover,Ceremonials,https://i.scdn.co/image/ab67616d00001e02ad73995480ca0ca7c7d1e882
0.263,0.7269,Florence + The Machine,Never Let Me Go,Ceremonials,https://i.scdn.co/image/ab67616d00001e02ad73995480ca0ca7c7d1e882
0.162,0.7541,Florence + The Machine,"No Light, No Light",Ceremonials,https://i.scdn.co/image/ab67616d00001e02ad73995480ca0ca7c7d1e882
0.362,0.733,Florence + The Machine,Only If For A Night,Ceremonials,https://i.scdn.co/image/ab67616d00001e02ad73995480ca0ca7c7d1e882
0.22,0.769,Florence + The Machine,Seven Devils,Ceremonials,https://i.scdn.co/image/ab67616d00001e02ad73995480ca0ca7c7d1e882
0.197,0.804,Florence + The Machine,Shake It Out,Ceremonials,https://i.scdn.co/image/ab67616d00001e02ad73995480ca0ca7c7d1e882
0.101,0.872,Florence + The Machine,Spectrum (Say My Name),Ceremonials,https://i.scdn.co/image/ab67616d00001e02ad73995480ca0ca7c7d1e882
0.588,0.9461,Florence + The Machine,Spectrum (Say My Name) - Calvin Harris Remix,Ceremonials,https://i.scdn.co/image/ab67616d00001e02ad73995480ca0ca7c7d1e882
0.26,0.5449,Florence + The Machine,Take Care - BBC Live At Maida Vale,Ceremonials,https://i.scdn.co/image/ab67616d00001e02ad73995480ca0ca7c7d1e882
0.168,0.5749,Florence + The Machine,What The Water Gave Me,Ceremonials,https://i.scdn.co/image/ab67616d00001e02ad73995480ca0ca7c7d1e882
0.377,0.822,Florence + The Machine,All This And Heaven Too,Ceremonials (Original Deluxe Version),https://i.scdn.co/image/ab67616d00001e026a8c1075f751a78e0b7799c7
0.248,0.869,Florence + The Machine,Bedroom Hymns,Ceremonials (Original Deluxe Version),https://i.scdn.co/image/ab67616d00001e026a8c1075f751a78e0b7799c7
0.595,0.7299,Florence + The Machine,Breaking Down,Ceremonials (Original Deluxe Version),https://i.scdn.co/image/ab67616d00001e026a8c1075f751a78e0b7799c7
0.124,0.2359,Florence + The Machine,Breaking Down - Acoustic,Ceremonials (Original Deluxe Version),https://i.scdn.co/image/ab67616d00001e026a8c1075f751a78e0b7799c7
0.18,0.3691,Florence + The Machine,"Dog Days Are Over - Live At Intima Theater, Stockholm",Ceremonials (Original Deluxe Version),https://i.scdn.co/image/ab67616d00001e026a8c1075f751a78e0b7799c7
0.279,0.734,Florence + The Machine,Heartlines,Ceremonials (Original Deluxe Version),https://i.scdn.co/image/ab67616d00001e026a8c1075f751a78e0b7799c7
0.24,0.393,Florence + The Machine,Heartlines - Acoustic,Ceremonials (Original Deluxe Version),https://i.scdn.co/image/ab67616d00001e026a8c1075f751a78e0b7799c7
0.559,0.8769,Florence + The Machine,Landscape - Demo,Ceremonials (Original Deluxe Version),https://i.scdn.co/image/ab67616d00001e026a8c1075f751a78e0b7799c7
0.265,0.8131,Florence + The Machine,Leave My Body,Ceremonials (Original Deluxe Version),https://i.scdn.co/image/ab67616d00001e026a8c1075f751a78e0b7799c7
0.504,0.8169,Florence + The Machine,Lover To Lover,Ceremonials (Original Deluxe Version),https://i.scdn.co/image/ab67616d00001e026a8c1075f751a78e0b7799c7
0.389,0.47,Florence + The Machine,"Lover To Lover - Live At Intima Theater, Stockholm",Ceremonials (Original Deluxe Version),https://i.scdn.co/image/ab67616d00001e026a8c1075f751a78e0b7799c7
0.246,0.7349,Florence + The Machine,Never Let Me Go,Ceremonials (Original Deluxe Version),https://i.scdn.co/image/ab67616d00001e026a8c1075f751a78e0b7799c7
0.193,0.314,Florence + The Machine,"Never Let Me Go - Live At Intima Theater, Stockholm",Ceremonials (Original Deluxe Version),https://i.scdn.co/image/ab67616d00001e026a8c1075f751a78e0b7799c7
0.171,0.7481,Florence + The Machine,"No Light, No Light",Ceremonials (Original Deluxe Version),https://i.scdn.co/image/ab67616d00001e026a8c1075f751a78e0b7799c7
0.383,0.727,Florence + The Machine,Only If For A Night,Ceremonials (Original Deluxe Version),https://i.scdn.co/image/ab67616d00001e026a8c1075f751a78e0b7799c7
0.141,0.501,Florence + The Machine,Remain Nameless,Ceremonials (Original Deluxe Version),https://i.scdn.co/image/ab67616d00001e026a8c1075f751a78e0b7799c7
0.21,0.767,Florence + The Machine,Seven Devils,Ceremonials (Original Deluxe Version),https://i.scdn.co/image/ab67616d00001e026a8c1075f751a78e0b7799c7
0.212,0.798,Florence + The Machine,Shake It Out,Ceremonials (Original Deluxe Version),https://i.scdn.co/image/ab67616d00001e026a8c1075f751a78e0b7799c7
0.356,0.3951,Florence + The Machine,Shake It Out - Acoustic,Ceremonials (Original Deluxe Version),https://i.scdn.co/image/ab67616d00001e026a8c1075f751a78e0b7799c7
0.119,0.8789,Florence + The Machine,Spectrum (Say My Name),Ceremonials (Original Deluxe Version),https://i.scdn.co/image/ab67616d00001e026a8c1075f751a78e0b7799c7
0.17,0.4781,Florence + The Machine,"Spectrum (Say My Name) - Live At Intiman Theater, Stockholm",Ceremonials (Original Deluxe Version),https://i.scdn.co/image/ab67616d00001e026a8c1075f751a78e0b7799c7
0.456,0.9351,Florence + The Machine,Strangeness And Charm,Ceremonials (Original Deluxe Version),https://i.scdn.co/image/ab67616d00001e026a8c1075f751a78e0b7799c7
0.187,0.5721,Florence + The Machine,What The Water Gave Me,Ceremonials (Original Deluxe Version),https://i.scdn.co/image/ab67616d00001e026a8c1075f751a78e0b7799c7
0.479,0.7469,Florence + The Machine,What The Water Gave Me - Demo,Ceremonials (Original Deluxe Version),https://i.scdn.co/image/ab67616d00001e026a8c1075f751a78e0b7799c7
0.0626,0.0752,Florence + The Machine,Back In Town,Dance Fever,https://i.scdn.co/image/ab67616d00001e025fd9e21618182df7d70b2186
0.0724,0.5919,Florence + The Machine,Cassandra,Dance Fever,https://i.scdn.co/image/ab67616d00001e025fd9e21618182df7d70b2186
0.275,0.674,Florence + The Machine,Choreomania,Dance Fever,https://i.scdn.co/image/ab67616d00001e025fd9e21618182df7d70b2186
0.171,0.668,Florence + The Machine,Daffodil,Dance Fever,https://i.scdn.co/image/ab67616d00001e025fd9e21618182df7d70b2186
0.262,0.7101,Florence + The Machine,Dream Girl Evil,Dance Fever,https://i.scdn.co/image/ab67616d00001e025fd9e21618182df7d70b2186
0.0494,0.6961,Florence + The Machine,Free,Dance Fever,https://i.scdn.co/image/ab67616d00001e025fd9e21618182df7d70b2186
0.098,0.257,Florence + The Machine,Girls Against God,Dance Fever,https://i.scdn.co/image/ab67616d00001e025fd9e21618182df7d70b2186
0.359,0.437,Florence + The Machine,Heaven Is Here,Dance Fever,https://i.scdn.co/image/ab67616d00001e025fd9e21618182df7d70b2186
0.0856,0.45,Florence + The Machine,King,Dance Fever,https://i.scdn.co/image/ab67616d00001e025fd9e21618182df7d70b2186
0.229,0.339,Florence + The Machine,Morning Elvis,Dance Fever,https://i.scdn.co/image/ab67616d00001e025fd9e21618182df7d70b2186
0.149,0.842,Florence + The Machine,My Love,Dance Fever,https://i.scdn.co/image/ab67616d00001e025fd9e21618182df7d70b2186
0.128,0.2101,Florence + The Machine,Prayer Factory,Dance Fever,https://i.scdn.co/image/ab67616d00001e025fd9e21618182df7d70b2186
0.122,0.4241,Florence + The Machine,Restraint,Dance Fever,https://i.scdn.co/image/ab67616d00001e025fd9e21618182df7d70b2186
0.299,0.1981,Florence + The Machine,The Bomb,Dance Fever,https://i.scdn.co/image/ab67616d00001e025fd9e21618182df7d70b2186
0.0626,0.0753,Florence + The Machine,Back In Town,Dance Fever (Complete Edition),https://i.scdn.co/image/ab67616d00001e023a10ef0d61ed15315d6b0ef3
0.0724,0.592,Florence + The Machine,Cassandra,Dance Fever (Complete Edition),https://i.scdn.co/image/ab67616d00001e023a10ef0d61ed15315d6b0ef3
0.17,0.0509,Florence + The Machine,Cassandra - Poem Version,Dance Fever (Complete Edition),https://i.scdn.co/image/ab67616d00001e023a10ef0d61ed15315d6b0ef3
0.275,0.674,Florence + The Machine,Choreomania,Dance Fever (Complete Edition),https://i.scdn.co/image/ab67616d00001e023a10ef0d61ed15315d6b0ef3
0.171,0.6681,Florence + The Machine,Daffodil,Dance Fever (Complete Edition),https://i.scdn.co/image/ab67616d00001e023a10ef0d61ed15315d6b0ef3
0.262,0.71,Florence + The Machine,Dream Girl Evil,Dance Fever (Complete Edition),https://i.scdn.co/image/ab67616d00001e023a10ef0d61ed15315d6b0ef3
0.0494,0.6961,Florence + The Machine,Free,Dance Fever (Complete Edition),https://i.scdn.co/image/ab67616d00001e023a10ef0d61ed15315d6b0ef3
0.098,0.2571,Florence + The Machine,Girls Against God,Dance Fever (Complete Edition),https://i.scdn.co/image/ab67616d00001e023a10ef0d61ed15315d6b0ef3
0.359,0.4371,Florence + The Machine,Heaven Is Here,Dance Fever (Complete Edition),https://i.scdn.co/image/ab67616d00001e023a10ef0d61ed15315d6b0ef3
0.0856,0.45,Florence + The Machine,King,Dance Fever (Complete Edition),https://i.scdn.co/image/ab67616d00001e023a10ef0d61ed15315d6b0ef3
0.14,0.088,Florence + The Machine,King - Poem Version,Dance Fever (Complete Edition),https://i.scdn.co/image/ab67616d00001e023a10ef0d61ed15315d6b0ef3
0.119,0.5369,Florence + The Machine,Mermaids,Dance Fever (Complete Edition),https://i.scdn.co/image/ab67616d00001e023a10ef0d61ed15315d6b0ef3
0.229,0.3389,Florence + The Machine,Morning Elvis,Dance Fever (Complete Edition),https://i.scdn.co/image/ab67616d00001e023a10ef0d61ed15315d6b0ef3
0.149,0.842,Florence + The Machine,My Love,Dance Fever (Complete Edition),https://i.scdn.co/image/ab67616d00001e023a10ef0d61ed15315d6b0ef3
0.199,0.1311,Florence + The Machine,My Love - Poem Version,Dance Fever (Complete Edition),https://i.scdn.co/image/ab67616d00001e023a10ef0d61ed15315d6b0ef3
0.128,0.2101,Florence + The Machine,Prayer Factory,Dance Fever (Complete Edition),https://i.scdn.co/image/ab67616d00001e023a10ef0d61ed15315d6b0ef3
0.122,0.424,Florence + The Machine,Restraint,Dance Fever (Complete Edition),https://i.scdn.co/image/ab67616d00001e023a10ef0d61ed15315d6b0ef3
0.299,0.198,Florence + The Machine,The Bomb,Dance Fever (Complete Edition),https://i.scdn.co/image/ab67616d00001e023a10ef0d61ed15315d6b0ef3
0.0618,0.0672,Florence + The Machine,Back In Town,Dance Fever (Deluxe),https://i.scdn.co/image/ab67616d00001e02ddbb536367e2284186d1ede5
0.0866,0.5729,Florence + The Machine,Cassandra,Dance Fever (Deluxe),https://i.scdn.co/image/ab67616d00001e02ddbb536367e2284186d1ede5
0.236,0.2601,Florence + The Machine,Cassandra - Acoustic,Dance Fever (Deluxe),https://i.scdn.co/image/ab67616d00001e02ddbb536367e2284186d1ede5
0.244,0.6729,Florence + The Machine,Choreomania,Dance Fever (Deluxe),https://i.scdn.co/image/ab67616d00001e02ddbb536367e2284186d1ede5
0.176,0.6629,Florence + The Machine,Daffodil,Dance Fever (Deluxe),https://i.scdn.co/image/ab67616d00001e02ddbb536367e2284186d1ede5
0.254,0.711,Florence + The Machine,Dream Girl Evil,Dance Fever (Deluxe),https://i.scdn.co/image/ab67616d00001e02ddbb536367e2284186d1ede5
0.0398,0.7031,Florence + The Machine,Free,Dance Fever (Deluxe),https://i.scdn.co/image/ab67616d00001e02ddbb536367e2284186d1ede5
0.302,0.463,Florence + The Machine,Free - Acoustic,Dance Fever (Deluxe),https://i.scdn.co/image/ab67616d00001e02ddbb536367e2284186d1ede5
0.111,0.2609,Florence + The Machine,Girls Against God,Dance Fever (Deluxe),https://i.scdn.co/image/ab67616d00001e02ddbb536367e2284186d1ede5
0.377,0.437,Florence + The Machine,Heaven Is Here,Dance Fever (Deluxe),https://i.scdn.co/image/ab67616d00001e02ddbb536367e2284186d1ede5
0.075,0.445,Florence + The Machine,King,Dance Fever (Deluxe),https://i.scdn.co/image/ab67616d00001e02ddbb536367e2284186d1ede5
0.229,0.3389,Florence + The Machine,Morning Elvis,Dance Fever (Deluxe),https://i.scdn.co/image/ab67616d00001e02ddbb536367e2284186d1ede5
0.26,0.405,Florence + The Machine,Morning Elvis - Acoustic,Dance Fever (Deluxe),https://i.scdn.co/image/ab67616d00001e02ddbb536367e2284186d1ede5
0.163,0.84,Florence + The Machine,My Love,Dance Fever (Deluxe),https://i.scdn.co/image/ab67616d00001e02ddbb536367e2284186d1ede5
0.193,0.67490000000000006,Florence + The Machine,My Love - Acoustic,Dance Fever (Deluxe),https://i.scdn.co/image/ab67616d00001e02ddbb536367e2284186d1ede5
0.174,0.197,Florence + The Machine,Prayer Factory,Dance Fever (Deluxe),https://i.scdn.co/image/ab67616d00001e02ddbb536367e2284186d1ede5
0.0899,0.427,Florence + The Machine,Restraint,Dance Fever (Deluxe),https://i.scdn.co/image/ab67616d00001e02ddbb536367e2284186d1ede5
0.384,0.9109,Florence + The Machine,Search And Destroy,Dance Fever (Deluxe),https://i.scdn.co/image/ab67616d00001e02ddbb536367e2284186d1ede5
0.307,0.1969,Florence + The Machine,The Bomb,Dance Fever (Deluxe),https://i.scdn.co/image/ab67616d00001e02ddbb536367e2284186d1ede5
0.157,0.5579,Florence + The Machine,Big God - Live At Madison Square Garden,Dance Fever (Live At Madison Square Garden),https://i.scdn.co/image/ab67616d00001e0220bdd2559b75be3f3fb498b8
0.0754,0.703,Florence + The Machine,Cassandra - Live At Madison Square Garden,Dance Fever (Live At Madison Square Garden),https://i.scdn.co/image/ab67616d00001e0220bdd2559b75be3f3fb498b8
0.571,0.8369,Florence + The Machine,Choreomania - Live At Madison Square Garden,Dance Fever (Live At Madison Square Garden),https://i.scdn.co/image/ab67616d00001e0220bdd2559b75be3f3fb498b8
0.0982,0.802,Florence + The Machine,Cosmic Love - Live At Madison Square Garden,Dance Fever (Live At Madison Square Garden),https://i.scdn.co/image/ab67616d00001e0220bdd2559b75be3f3fb498b8
0.178,0.805,Florence + The Machine,Daffodil - Live At Madison Square Garden,Dance Fever (Live At Madison Square Garden),https://i.scdn.co/image/ab67616d00001e0220bdd2559b75be3f3fb498b8
0.061,0.658,Florence + The Machine,Dog Days Are Over - Live At Madison Square Garden,Dance Fever (Live At Madison Square Garden),https://i.scdn.co/image/ab67616d00001e0220bdd2559b75be3f3fb498b8
0.0991,0.7041,Florence + The Machine,Dream Girl Evil - Live At Madison Square Garden,Dance Fever (Live At Madison Square Garden),https://i.scdn.co/image/ab67616d00001e0220bdd2559b75be3f3fb498b8
0.167,0.983,Florence + The Machine,Free - Live At Madison Square Garden,Dance Fever (Live At Madison Square Garden),https://i.scdn.co/image/ab67616d00001e0220bdd2559b75be3f3fb498b8
0.139,0.5121,Florence + The Machine,Girls Against God - Live At Madison Square Garden,Dance Fever (Live At Madison Square Garden),https://i.scdn.co/image/ab67616d00001e0220bdd2559b75be3f3fb498b8
0.135,0.5509,Florence + The Machine,Heaven Is Here - Live At Madison Square Garden,Dance Fever (Live At Madison Square Garden),https://i.scdn.co/image/ab67616d00001e0220bdd2559b75be3f3fb498b8
0.185,0.686,Florence + The Machine,Hunger - Live At Madison Square Garden,Dance Fever (Live At Madison Square Garden),https://i.scdn.co/image/ab67616d00001e0220bdd2559b75be3f3fb498b8
0.141,0.2899,Florence + The Machine,June - Live At Madison Square Garden,Dance Fever (Live At Madison Square Garden),https://i.scdn.co/image/ab67616d00001e0220bdd2559b75be3f3fb498b8
0.179,0.5709,Florence + The Machine,King - Live At Madison Square Garden,Dance Fever (Live At Madison Square Garden),https://i.scdn.co/image/ab67616d00001e0220bdd2559b75be3f3fb498b8
0.275,0.9,Florence + The Machine,Kiss With A Fist - Live At Madison Square Garden,Dance Fever (Live At Madison Square Garden),https://i.scdn.co/image/ab67616d00001e0220bdd2559b75be3f3fb498b8
0.266,0.467,Florence + The Machine,Morning Elvis - Live At Madison Square Garden,Dance Fever (Live At Madison Square Garden),https://i.scdn.co/image/ab67616d00001e0220bdd2559b75be3f3fb498b8
0.0373,0.6281,Florence + The Machine,My Love - Live At Madison Square Garden,Dance Fever (Live At Madison Square Garden),https://i.scdn.co/image/ab67616d00001e0220bdd2559b75be3f3fb498b8
0.218,0.318,Florence + The Machine,Never Let Me Go - Live At Madison Square Garden,Dance Fever (Live At Madison Square Garden),https://i.scdn.co/image/ab67616d00001e0220bdd2559b75be3f3fb498b8
0.0622,0.3189,Florence + The Machine,Prayer Factory - Live At Madison Square Garden,Dance Fever (Live At Madison Square Garden),https://i.scdn.co/image/ab67616d00001e0220bdd2559b75be3f3fb498b8
0.164,0.862,Florence + The Machine,Rabbit Heart (Raise It Up) - Live At Madison Square Garden,Dance Fever (Live At Madison Square Garden),https://i.scdn.co/image/ab67616d00001e0220bdd2559b75be3f3fb498b8
0.341,0.6221,Florence + The Machine,Restraint - Live At Madison Square Garden,Dance Fever (Live At Madison Square Garden),https://i.scdn.co/image/ab67616d00001e0220bdd2559b75be3f3fb498b8
0.218,0.711,Florence + The Machine,Shake It Out - Live At Madison Square Garden,Dance Fever (Live At Madison Square Garden),https://i.scdn.co/image/ab67616d00001e0220bdd2559b75be3f3fb498b8
0.5,0.9481,Florence + The Machine,Ship To Wreck - Live At Madison Square Garden,Dance Fever (Live At Madison Square Garden),https://i.scdn.co/image/ab67616d00001e0220bdd2559b75be3f3fb498b8
0.103,0.2421,Florence + The Machine,The End Of Love - Live At Madison Square Garden,Dance Fever (Live At Madison Square Garden),https://i.scdn.co/image/ab67616d00001e0220bdd2559b75be3f3fb498b8
0.0391,0.6409,Florence + The Machine,What Kind Of Man - Live At Madison Square Garden,Dance Fever (Live At Madison Square Garden),https://i.scdn.co/image/ab67616d00001e0220bdd2559b75be3f3fb498b8
0.399,0.7621,Florence + The Machine,100 Years,High As Hope,https://i.scdn.co/image/ab67616d00001e02d36d0f06096fa07f18b8e8a2
0.219,0.3659,Florence + The Machine,Big God,High As Hope,https://i.scdn.co/image/ab67616d00001e02d36d0f06096fa07f18b8e8a2
0.156,0.251,Florence + The Machine,Grace,High As Hope,https://i.scdn.co/image/ab67616d00001e02d36d0f06096fa07f18b8e8a2
0.332,0.675,Florence + The Machine,Hunger,High As Hope,https://i.scdn.co/image/ab67616d00001e02d36d0f06096fa07f18b8e8a2
0.179,0.3619,Florence + The Machine,June,High As Hope,https://i.scdn.co/image/ab67616d00001e02d36d0f06096fa07f18b8e8a2
0.299,0.2921,Florence + The Machine,No Choir,High As Hope,https://i.scdn.co/image/ab67616d00001e02d36d0f06096fa07f18b8e8a2
0.191,0.652,Florence + The Machine,Patricia,High As Hope,https://i.scdn.co/image/ab67616d00001e02d36d0f06096fa07f18b8e8a2
0.291,0.3199,Florence + The Machine,Sky Full Of Song,High As Hope,https://i.scdn.co/image/ab67616d00001e02d36d0f06096fa07f18b8e8a2
0.49,0.577,Florence + The Machine,South London Forever,High As Hope,https://i.scdn.co/image/ab67616d00001e02d36d0f06096fa07f18b8e8a2
0.0907,0.0876,Florence + The Machine,The End Of Love,High As Hope,https://i.scdn.co/image/ab67616d00001e02d36d0f06096fa07f18b8e8a2
0.29,0.626,Florence + The Machine,Caught,"How Big, How Blue, How Beautiful (Deluxe)",https://i.scdn.co/image/ab67616d00001e027f89eb18e64f268561d81c42
0.414,0.8701,Florence + The Machine,Delilah,"How Big, How Blue, How Beautiful (Deluxe)",https://i.scdn.co/image/ab67616d00001e027f89eb18e64f268561d81c42
0.807,0.8891,Florence + The Machine,Hiding,"How Big, How Blue, How Beautiful (Deluxe)",https://i.scdn.co/image/ab67616d00001e027f89eb18e64f268561d81c42
0.0825,0.539,Florence + The Machine,"How Big, How Blue, How Beautiful","How Big, How Blue, How Beautiful (Deluxe)",https://i.scdn.co/image/ab67616d00001e027f89eb18e64f268561d81c42
0.142,0.4031,Florence + The Machine,"How Big, How Blue, How Beautiful - Demo / Bonus Track","How Big, How Blue, How Beautiful (Deluxe)",https://i.scdn.co/image/ab67616d00001e027f89eb18e64f268561d81c42
0.294,0.4229,Florence + The Machine,Long & Lost,"How Big, How Blue, How Beautiful (Deluxe)",https://i.scdn.co/image/ab67616d00001e027f89eb18e64f268561d81c42
0.506,0.7909,Florence + The Machine,Make Up Your Mind,"How Big, How Blue, How Beautiful (Deluxe)",https://i.scdn.co/image/ab67616d00001e027f89eb18e64f268561d81c42
0.494,0.826,Florence + The Machine,Mother,"How Big, How Blue, How Beautiful (Deluxe)",https://i.scdn.co/image/ab67616d00001e027f89eb18e64f268561d81c42
0.311,0.894,Florence + The Machine,Queen Of Peace,"How Big, How Blue, How Beautiful (Deluxe)",https://i.scdn.co/image/ab67616d00001e027f89eb18e64f268561d81c42
0.587,0.9229,Florence + The Machine,Ship To Wreck,"How Big, How Blue, How Beautiful (Deluxe)",https://i.scdn.co/image/ab67616d00001e027f89eb18e64f268561d81c42
0.0921,0.4339,Florence + The Machine,St Jude,"How Big, How Blue, How Beautiful (Deluxe)",https://i.scdn.co/image/ab67616d00001e027f89eb18e64f268561d81c42
0.271,0.9361,Florence + The Machine,Third Eye,"How Big, How Blue, How Beautiful (Deluxe)",https://i.scdn.co/image/ab67616d00001e027f89eb18e64f268561d81c42
0.373,0.8911,Florence + The Machine,Third Eye - Demo / Bonus Track,"How Big, How Blue, How Beautiful (Deluxe)",https://i.scdn.co/image/ab67616d00001e027f89eb18e64f268561d81c42
0.168,0.3181,Florence + The Machine,Various Storms & Saints,"How Big, How Blue, How Beautiful (Deluxe)",https://i.scdn.co/image/ab67616d00001e027f89eb18e64f268561d81c42
0.224,0.6351,Florence + The Machine,What Kind Of Man,"How Big, How Blue, How Beautiful (Deluxe)",https://i.scdn.co/image/ab67616d00001e027f89eb18e64f268561d81c42
0.236,0.6621,Florence + The Machine,Which Witch,"How Big, How Blue, How Beautiful (Deluxe)",https://i.scdn.co/image/ab67616d00001e027f89eb18e64f268561d81c42
0.257,0.7159,Florence + The Machine,Are You Hurting The One You Love?,Lungs (10th Anniversary Edition),https://i.scdn.co/image/ab67616d00001e0299daa3b1fc7539c7caade270
0.425,0.4169,Florence + The Machine,Between Two Lungs,Lungs (10th Anniversary Edition),https://i.scdn.co/image/ab67616d00001e0299daa3b1fc7539c7caade270
0.295,0.496,Florence + The Machine,Bird Song,Lungs (10th Anniversary Edition),https://i.scdn.co/image/ab67616d00001e0299daa3b1fc7539c7caade270
0.216,0.8,Florence + The Machine,Blinding,Lungs (10th Anniversary Edition),https://i.scdn.co/image/ab67616d00001e0299daa3b1fc7539c7caade270
0.0811,0.8009,Florence + The Machine,Cosmic Love,Lungs (10th Anniversary Edition),https://i.scdn.co/image/ab67616d00001e0299daa3b1fc7539c7caade270
0.188,0.8379,Florence + The Machine,Dog Days Are Over,Lungs (10th Anniversary Edition),https://i.scdn.co/image/ab67616d00001e0299daa3b1fc7539c7caade270
0.284,0.4491,Florence + The Machine,Donkey Kosh - Demo,Lungs (10th Anniversary Edition),https://i.scdn.co/image/ab67616d00001e0299daa3b1fc7539c7caade270
0.438,0.815,Florence + The Machine,Drumming Song,Lungs (10th Anniversary Edition),https://i.scdn.co/image/ab67616d00001e0299daa3b1fc7539c7caade270
0.0752,0.299,Florence + The Machine,Falling,Lungs (10th Anniversary Edition),https://i.scdn.co/image/ab67616d00001e0299daa3b1fc7539c7caade270
0.456,0.6111,Florence + The Machine,Ghosts - Demo,Lungs (10th Anniversary Edition),https://i.scdn.co/image/ab67616d00001e0299daa3b1fc7539c7caade270
0.238,0.5289,Florence + The Machine,Girl With One Eye,Lungs (10th Anniversary Edition),https://i.scdn.co/image/ab67616d00001e0299daa3b1fc7539c7caade270
0.329,0.4661,Florence + The Machine,Hospital Beds,Lungs (10th Anniversary Edition),https://i.scdn.co/image/ab67616d00001e0299daa3b1fc7539c7caade270
0.308,0.8709,Florence + The Machine,Howl,Lungs (10th Anniversary Edition),https://i.scdn.co/image/ab67616d00001e0299daa3b1fc7539c7caade270
0.206,0.8661,Florence + The Machine,Hurricane Drunk,Lungs (10th Anniversary Edition),https://i.scdn.co/image/ab67616d00001e0299daa3b1fc7539c7caade270
0.365,0.5091,Florence + The Machine,I'm Not Calling You A Liar,Lungs (10th Anniversary Edition),https://i.scdn.co/image/ab67616d00001e0299daa3b1fc7539c7caade270
0.599,0.798,Florence + The Machine,Kiss With A Fist,Lungs (10th Anniversary Edition),https://i.scdn.co/image/ab67616d00001e0299daa3b1fc7539c7caade270
0.211,0.2721,Florence + The Machine,My Best Dress - Demo,Lungs (10th Anniversary Edition),https://i.scdn.co/image/ab67616d00001e0299daa3b1fc7539c7caade270
0.198,0.749,Florence + The Machine,My Boy Builds Coffins,Lungs (10th Anniversary Edition),https://i.scdn.co/image/ab67616d00001e0299daa3b1fc7539c7caade270
0.508,0.319,Florence + The Machine,My Boy Builds Coffins - Acoustic,Lungs (10th Anniversary Edition),https://i.scdn.co/image/ab67616d00001e0299daa3b1fc7539c7caade270
0.196,0.376,Florence + The Machine,"Oh! Darling - Live At Abbey Road, UK / 2009",Lungs (10th Anniversary Edition),https://i.scdn.co/image/ab67616d00001e0299daa3b1fc7539c7caade270
0.0911,0.2291,Florence + The Machine,Postcards From Italy - Demo,Lungs (10th Anniversary Edition),https://i.scdn.co/image/ab67616d00001e0299daa3b1fc7539c7caade270
0.433,0.857,Florence + The Machine,Rabbit Heart (Raise It Up),Lungs (10th Anniversary Edition),https://i.scdn.co/image/ab67616d00001e0299daa3b1fc7539c7caade270
0.349,0.8471,Florence + The Machine,Swimming,Lungs (10th Anniversary Edition),https://i.scdn.co/image/ab67616d00001e0299daa3b1fc7539c7caade270
0.384,0.701,Florence + The Machine,You've Got The Love,Lungs (10th Anniversary Edition),https://i.scdn.co/image/ab67616d00001e0299daa3b1fc7539c7caade270
0.481,0.4149,Florence + The Machine,Between Two Lungs,Lungs (Deluxe Version),https://i.scdn.co/image/ab67616d00001e02003f81b1f4246362638e682d
0.238,0.5151,Florence + The Machine,Bird Song,Lungs (Deluxe Version),https://i.scdn.co/image/ab67616d00001e02003f81b1f4246362638e682d
0.284,0.666,Florence + The Machine,Bird Song Intro,Lungs (Deluxe Version),https://i.scdn.co/image/ab67616d00001e02003f81b1f4246362638e682d
0.248,0.7901,Florence + The Machine,Blinding,Lungs (Deluxe Version),https://i.scdn.co/image/ab67616d00001e02003f81b1f4246362638e682d
0.0957,0.8091,Florence + The Machine,Cosmic Love,Lungs (Deluxe Version),https://i.scdn.co/image/ab67616d00001e02003f81b1f4246362638e682d
0.258,0.8091,Florence + The Machine,Dog Days Are Over,Lungs (Deluxe Version),https://i.scdn.co/image/ab67616d00001e02003f81b1f4246362638e682d
0.358,0.6491,Florence + The Machine,Dog Days Are Over - Demo,Lungs (Deluxe Version),https://i.scdn.co/image/ab67616d00001e02003f81b1f4246362638e682d
0.489,0.8091,Florence + The Machine,Drumming Song,Lungs (Deluxe Version),https://i.scdn.co/image/ab67616d00001e02003f81b1f4246362638e682d
0.0567,0.3259,Florence + The Machine,Falling,Lungs (Deluxe Version),https://i.scdn.co/image/ab67616d00001e02003f81b1f4246362638e682d
0.464,0.5919,Florence + The Machine,Ghosts - Demo,Lungs (Deluxe Version),https://i.scdn.co/image/ab67616d00001e02003f81b1f4246362638e682d
0.209,0.5319,Florence + The Machine,Girl With One Eye,Lungs (Deluxe Version),https://i.scdn.co/image/ab67616d00001e02003f81b1f4246362638e682d
0.607,0.639,Florence + The Machine,Girl With One Eye - Bayou Percussion Version,Lungs (Deluxe Version),https://i.scdn.co/image/ab67616d00001e02003f81b1f4246362638e682d
0.355,0.609,Florence + The Machine,Hardest Of Hearts,Lungs (Deluxe Version),https://i.scdn.co/image/ab67616d00001e02003f81b1f4246362638e682d
0.297,0.8729,Florence + The Machine,Howl,Lungs (Deluxe Version),https://i.scdn.co/image/ab67616d00001e02003f81b1f4246362638e682d
0.205,0.863,Florence + The Machine,Hurricane Drunk,Lungs (Deluxe Version),https://i.scdn.co/image/ab67616d00001e02003f81b1f4246362638e682d
0.34,0.5289,Florence + The Machine,I'm Not Calling You A Liar,Lungs (Deluxe Version),https://i.scdn.co/image/ab67616d00001e02003f81b1f4246362638e682d
0.692,0.7781,Florence + The Machine,Kiss With A Fist,Lungs (Deluxe Version),https://i.scdn.co/image/ab67616d00001e02003f81b1f4246362638e682d
0.188,0.7211,Florence + The Machine,My Boy Builds Coffins,Lungs (Deluxe Version),https://i.scdn.co/image/ab67616d00001e02003f81b1f4246362638e682d
0.418,0.8581,Florence + The Machine,Rabbit Heart (Raise It Up),Lungs (Deluxe Version),https://i.scdn.co/image/ab67616d00001e02003f81b1f4246362638e682d
0.401,0.694,Florence + The Machine,You've Got The Love,Lungs (Deluxe Version),https://i.scdn.co/image/ab67616d00001e02003f81b1f4246362638e682d
0.192,0.314,Florence + The Machine,"Breaking Down - MTV Unplugged, 2012 / Live",MTV Presents Unplugged: Florence + The Machine,https://i.scdn.co/image/ab67616d00001e02e61322a46247ff699a340cbf
0.208,0.682,Florence + The Machine,"Cosmic Love - MTV Unplugged, 2012 / Live",MTV Presents Unplugged: Florence + The Machine,https://i.scdn.co/image/ab67616d00001e02e61322a46247ff699a340cbf
0.271,0.534,Florence + The Machine,"Dog Days Are Over - MTV Unplugged, 2012 / Live",MTV Presents Unplugged: Florence + The Machine,https://i.scdn.co/image/ab67616d00001e02e61322a46247ff699a340cbf
0.265,0.5949,Florence + The Machine,"Drumming Song - MTV Unplugged, 2012 / Live",MTV Presents Unplugged: Florence + The Machine,https://i.scdn.co/image/ab67616d00001e02e61322a46247ff699a340cbf
0.232,0.648,Florence + The Machine,"Jackson - MTV Unplugged, 2012 / Live",MTV Presents Unplugged: Florence + The Machine,https://i.scdn.co/image/ab67616d00001e02e61322a46247ff699a340cbf
0.345,0.2939,Florence + The Machine,"Never Let Me Go - MTV Unplugged, 2012 / Live",MTV Presents Unplugged: Florence + The Machine,https://i.scdn.co/image/ab67616d00001e02e61322a46247ff699a340cbf
0.156,0.231,Florence + The Machine,"No Light, No Light - MTV Unplugged, 2012 / Live",MTV Presents Unplugged: Florence + The Machine,https://i.scdn.co/image/ab67616d00001e02e61322a46247ff699a340cbf
0.384,0.569,Florence + The Machine,"Only If For A Night - MTV Unplugged, 2012 / Live",MTV Presents Unplugged: Florence + The Machine,https://i.scdn.co/image/ab67616d00001e02e61322a46247ff699a340cbf
0.402,0.761,Florence + The Machine,"Shake It Out - MTV Unplugged, 2012 / Live",MTV Presents Unplugged: Florence + The Machine,https://i.scdn.co/image/ab67616d00001e02e61322a46247ff699a340cbf
0.141,0.0272,Florence + The Machine,"Try A Little Tenderness - MTV Unplugged, 2012 / Live",MTV Presents Unplugged: Florence + The Machine,https://i.scdn.co/image/ab67616d00001e02e61322a46247ff699a340cbf
0.29,0.3699,Florence + The Machine,"What The Water Gave Me - MTV Unplugged, 2012 / Live",MTV Presents Unplugged: Florence + The Machine,https://i.scdn.co/image/ab67616d00001e02e61322a46247ff699a340cbf
0.393,0.4771,Florence + The Machine,Between Two Lungs - BBC Proms at the Royal Albert Hall,Symphony of Lungs - BBC Proms at the Royal Albert Hall,https://i.scdn.co/image/ab67616d00001e026f003175528ece666dea97f8
0.207,0.4301,Florence + The Machine,Bird Song - BBC Proms at the Royal Albert Hall,Symphony of Lungs - BBC Proms at the Royal Albert Hall,https://i.scdn.co/image/ab67616d00001e026f003175528ece666dea97f8
0.0884,0.564,Florence + The Machine,Blinding - BBC Proms at the Royal Albert Hall,Symphony of Lungs - BBC Proms at the Royal Albert Hall,https://i.scdn.co/image/ab67616d00001e026f003175528ece666dea97f8
0.0522,0.5179,Florence + The Machine,Cosmic Love - BBC Proms at the Royal Albert Hall,Symphony of Lungs - BBC Proms at the Royal Albert Hall,https://i.scdn.co/image/ab67616d00001e026f003175528ece666dea97f8
0.217,0.7181,Florence + The Machine,Dog Days Are Over - BBC Proms at the Royal Albert Hall,Symphony of Lungs - BBC Proms at the Royal Albert Hall,https://i.scdn.co/image/ab67616d00001e026f003175528ece666dea97f8
0.391,0.7449,Florence + The Machine,Drumming Song - BBC Proms at the Royal Albert Hall,Symphony of Lungs - BBC Proms at the Royal Albert Hall,https://i.scdn.co/image/ab67616d00001e026f003175528ece666dea97f8
0.274,0.506,Florence + The Machine,Falling - BBC Proms at the Royal Albert Hall,Symphony of Lungs - BBC Proms at the Royal Albert Hall,https://i.scdn.co/image/ab67616d00001e026f003175528ece666dea97f8
0.541,0.375,Florence + The Machine,Girl With One Eye - BBC Proms at the Royal Albert Hall,Symphony of Lungs - BBC Proms at the Royal Albert Hall,https://i.scdn.co/image/ab67616d00001e026f003175528ece666dea97f8
0.43,0.585,Florence + The Machine,Hardest Of Hearts - BBC Proms at the Royal Albert Hall,Symphony of Lungs - BBC Proms at the Royal Albert Hall,https://i.scdn.co/image/ab67616d00001e026f003175528ece666dea97f8
0.839,0.767,Florence + The Machine,Howl - BBC Proms at the Royal Albert Hall,Symphony of Lungs - BBC Proms at the Royal Albert Hall,https://i.scdn.co/image/ab67616d00001e026f003175528ece666dea97f8
0.264,0.153,Florence + The Machine,Hurricane Drunk - BBC Proms at the Royal Albert Hall,Symphony of Lungs - BBC Proms at the Royal Albert Hall,https://i.scdn.co/image/ab67616d00001e026f003175528ece666dea97f8
0.484,0.454,Florence + The Machine,I’m Not Calling You A Liar - BBC Proms at the Royal Albert Hall,Symphony of Lungs - BBC Proms at the Royal Albert Hall,https://i.scdn.co/image/ab67616d00001e026f003175528ece666dea97f8
0.239,0.444,Florence + The Machine,Kiss With A Fist - BBC Proms at the Royal Albert Hall,Symphony of Lungs - BBC Proms at the Royal Albert Hall,https://i.scdn.co/image/ab67616d00001e026f003175528ece666dea97f8
0.557,0.6781,Florence + The Machine,My Boy Builds Coffins - BBC Proms at the Royal Albert Hall,Symphony of Lungs - BBC Proms at the Royal Albert Hall,https://i.scdn.co/image/ab67616d00001e026f003175528ece666dea97f8
0.447,0.753,Florence + The Machine,Rabbit Heart (Raise It Up) - BBC Proms at the Royal Albert Hall,Symphony of Lungs - BBC Proms at the Royal Albert Hall,https://i.scdn.co/image/ab67616d00001e026f003175528ece666dea97f8
0.556,0.574,Florence + The Machine,Swimming - BBC Proms at the Royal Albert Hall,Symphony of Lungs - BBC Proms at the Royal Albert Hall,https://i.scdn.co/image/ab67616d00001e026f003175528ece666dea97f8
0.0833,0.5009,Florence + The Machine,You've Got The Love - BBC Proms at the Royal Albert Hall,Symphony of Lungs - BBC Proms at the Royal Albert Hall,https://i.scdn.co/image/ab67616d00001e026f003175528ece666dea97f8
0.734,0.81,Foals,Astronauts and All - B-Side,Antidotes,https://i.scdn.co/image/ab67616d00001e0278e62a33f64526e737dab482
0.829,0.978,Foals,Balloons,Antidotes,https://i.scdn.co/image/ab67616d00001e0278e62a33f64526e737dab482
0.85,0.8259,Foals,Big Big Love (Fig. 1) - B-Side,Antidotes,https://i.scdn.co/image/ab67616d00001e0278e62a33f64526e737dab482
0.413,0.9239,Foals,Big Big Love (Fig.2),Antidotes,https://i.scdn.co/image/ab67616d00001e0278e62a33f64526e737dab482
0.72,0.9179,Foals,Brazil Is Here - B-Side,Antidotes,https://i.scdn.co/image/ab67616d00001e0278e62a33f64526e737dab482
0.573,0.9289,Foals,Cassius,Antidotes,https://i.scdn.co/image/ab67616d00001e0278e62a33f64526e737dab482
0.772,0.775,Foals,Dearth - B-Side,Antidotes,https://i.scdn.co/image/ab67616d00001e0278e62a33f64526e737dab482
0.706,0.8421,Foals,Electric Bloom,Antidotes,https://i.scdn.co/image/ab67616d00001e0278e62a33f64526e737dab482
0.143,0.5991,Foals,Glaciers - B-Side,Antidotes,https://i.scdn.co/image/ab67616d00001e0278e62a33f64526e737dab482
0.841,0.8591,Foals,Gold Gold Gold - B-Side,Antidotes,https://i.scdn.co/image/ab67616d00001e0278e62a33f64526e737dab482
0.645,0.851,Foals,Heavy Water,Antidotes,https://i.scdn.co/image/ab67616d00001e0278e62a33f64526e737dab482
0.793,0.723,Foals,Hummer - Bonus Track,Antidotes,https://i.scdn.co/image/ab67616d00001e0278e62a33f64526e737dab482
0.11,0.9369,Foals,Like Swimming,Antidotes,https://i.scdn.co/image/ab67616d00001e0278e62a33f64526e737dab482
0.372,0.9911,Foals,Mathletics - Bonus Track,Antidotes,https://i.scdn.co/image/ab67616d00001e0278e62a33f64526e737dab482
0.795,0.869,Foals,Olympic Airways,Antidotes,https://i.scdn.co/image/ab67616d00001e0278e62a33f64526e737dab482
0.383,0.9031,Foals,Red Socks Pugie,Antidotes,https://i.scdn.co/image/ab67616d00001e0278e62a33f64526e737dab482
0.681,0.7669,Foals,The French Open,Antidotes,https://i.scdn.co/image/ab67616d00001e0278e62a33f64526e737dab482
0.728,0.687,Foals,Titan Arum - B-Side,Antidotes,https://i.scdn.co/image/ab67616d00001e0278e62a33f64526e737dab482
0.413,0.8969,Foals,Tron,Antidotes,https://i.scdn.co/image/ab67616d00001e0278e62a33f64526e737dab482
0.437,0.723,Foals,"Two Steps, Twice",Antidotes,https://i.scdn.co/image/ab67616d00001e0278e62a33f64526e737dab482
0.516,0.8741,Foals,Cafe D'Athens,Everything Not Saved Will Be Lost Part I,https://i.scdn.co/image/ab67616d00001e02745e8104cd9d030670ea321f
0.708,0.8579,Foals,Exits,Everything Not Saved Will Be Lost Part I,https://i.scdn.co/image/ab67616d00001e02745e8104cd9d030670ea321f
0.17,0.373,Foals,I'm Done with the World (& It's Done with Me),Everything Not Saved Will Be Lost Part I,https://i.scdn.co/image/ab67616d00001e02745e8104cd9d030670ea321f
0.673,0.9701,Foals,In Degrees,Everything Not Saved Will Be Lost Part I,https://i.scdn.co/image/ab67616d00001e02745e8104cd9d030670ea321f
0.0521,0.4899,Foals,Moonlight,Everything Not Saved Will Be Lost Part I,https://i.scdn.co/image/ab67616d00001e02745e8104cd9d030670ea321f
0.855,0.9761,Foals,On the Luna,Everything Not Saved Will Be Lost Part I,https://i.scdn.co/image/ab67616d00001e02745e8104cd9d030670ea321f
0.187,0.84,Foals,Sunday,Everything Not Saved Will Be Lost Part I,https://i.scdn.co/image/ab67616d00001e02745e8104cd9d030670ea321f
0.134,0.5019,Foals,"Surf, Pt. 1",Everything Not Saved Will Be Lost Part I,https://i.scdn.co/image/ab67616d00001e02745e8104cd9d030670ea321f
0.813,0.9021,Foals,Syrups,Everything Not Saved Will Be Lost Part I,https://i.scdn.co/image/ab67616d00001e02745e8104cd9d030670ea321f
0.39,0.9761,Foals,White Onions,Everything Not Saved Will Be Lost Part I,https://i.scdn.co/image/ab67616d00001e02745e8104cd9d030670ea321f
0.233,0.8661,Foals,"10,000 Feet",Everything Not Saved Will Be Lost Part II,https://i.scdn.co/image/ab67616d00001e02bece64c47957bcf1da2e40d3
0.117,0.9881,Foals,Black Bull,Everything Not Saved Will Be Lost Part II,https://i.scdn.co/image/ab67616d00001e02bece64c47957bcf1da2e40d3
0.364,0.8989,Foals,Dreaming Of,Everything Not Saved Will Be Lost Part II,https://i.scdn.co/image/ab67616d00001e02bece64c47957bcf1da2e40d3
0.969,0.6969,Foals,Dreaming Of - CCTV Sessions,Everything Not Saved Will Be Lost Part II,https://i.scdn.co/image/ab67616d00001e02bece64c47957bcf1da2e40d3
0.322,0.5761,Foals,Exits - CCTV Sessions,Everything Not Saved Will Be Lost Part II,https://i.scdn.co/image/ab67616d00001e02bece64c47957bcf1da2e40d3
0.0394,0.0561,Foals,Ikaria,Everything Not Saved Will Be Lost Part II,https://i.scdn.co/image/ab67616d00001e02bece64c47957bcf1da2e40d3
0.29,0.6721,Foals,Into the Surf,Everything Not Saved Will Be Lost Part II,https://i.scdn.co/image/ab67616d00001e02bece64c47957bcf1da2e40d3
0.541,0.7791,Foals,Like Lightning,Everything Not Saved Will Be Lost Part II,https://i.scdn.co/image/ab67616d00001e02bece64c47957bcf1da2e40d3
0.0889,0.6809,Foals,Neptune,Everything Not Saved Will Be Lost Part II,https://i.scdn.co/image/ab67616d00001e02bece64c47957bcf1da2e40d3
0.133,0.5399,Foals,Neptune - CCTV Sessions,Everything Not Saved Will Be Lost Part II,https://i.scdn.co/image/ab67616d00001e02bece64c47957bcf1da2e40d3
0.0319,0.2279,Foals,Red Desert,Everything Not Saved Will Be Lost Part II,https://i.scdn.co/image/ab67616d00001e02bece64c47957bcf1da2e40d3
0.394,0.749,Foals,Sunday - CCTV Sessions,Everything Not Saved Will Be Lost Part II,https://i.scdn.co/image/ab67616d00001e02bece64c47957bcf1da2e40d3
0.466,0.953,Foals,The Runner,Everything Not Saved Will Be Lost Part II,https://i.scdn.co/image/ab67616d00001e02bece64c47957bcf1da2e40d3
0.789,0.956,Foals,Wash Off,Everything Not Saved Will Be Lost Part II,https://i.scdn.co/image/ab67616d00001e02bece64c47957bcf1da2e40d3
0.177,0.96,Foals,Bad Habit - Alex Metric Remix,Foals: Holy Fire Remixes,https://i.scdn.co/image/ab67616d00001e02ca2990fb1f714488e6b322f8
0.238,0.9319,Foals,Inhaler - Tom Vek's Wheezemix,Foals: Holy Fire Remixes,https://i.scdn.co/image/ab67616d00001e02ca2990fb1f714488e6b322f8
0.217,0.2429,Foals,Late Night - Koreless Purple Cowboy Remix,Foals: Holy Fire Remixes,https://i.scdn.co/image/ab67616d00001e02ca2990fb1f714488e6b322f8
0.195,0.701,Foals,Late Night - Solomun Remix,Foals: Holy Fire Remixes,https://i.scdn.co/image/ab67616d00001e02ca2990fb1f714488e6b322f8
0.209,0.533,Foals,My Number - Hot Chip Remix,Foals: Holy Fire Remixes,https://i.scdn.co/image/ab67616d00001e02ca2990fb1f714488e6b322f8
0.494,0.6411,Foals,My Number - Totally Enormous Extinct Dinosaurs Remix; Extended,Foals: Holy Fire Remixes,https://i.scdn.co/image/ab67616d00001e02ca2990fb1f714488e6b322f8
0.225,0.7801,Foals,Out of the Woods - Kulkid Remix,Foals: Holy Fire Remixes,https://i.scdn.co/image/ab67616d00001e02ca2990fb1f714488e6b322f8
0.417,0.848,Foals,Bad Habit,Holy Fire,https://i.scdn.co/image/ab67616d00001e028b04dacf186124a62bc667a7
0.32,0.4931,Foals,Bad Habit - CCTV Sessions,Holy Fire,https://i.scdn.co/image/ab67616d00001e028b04dacf186124a62bc667a7
0.194,0.3921,Foals,Bluebird - B-Side,Holy Fire,https://i.scdn.co/image/ab67616d00001e028b04dacf186124a62bc667a7
0.125,0.256,Foals,Bluebird - CCTV Sessions,Holy Fire,https://i.scdn.co/image/ab67616d00001e028b04dacf186124a62bc667a7
0.6,0.88,Foals,Everytime,Holy Fire,https://i.scdn.co/image/ab67616d00001e028b04dacf186124a62bc667a7
0.438,0.7301,Foals,Inhaler,Holy Fire,https://i.scdn.co/image/ab67616d00001e028b04dacf186124a62bc667a7
0.119,0.4019,Foals,Late Night,Holy Fire,https://i.scdn.co/image/ab67616d00001e028b04dacf186124a62bc667a7
0.186,0.5599,Foals,Late Night - CCTV Sessions,Holy Fire,https://i.scdn.co/image/ab67616d00001e028b04dacf186124a62bc667a7
0.495,0.7959,Foals,Milk & Black Spiders,Holy Fire,https://i.scdn.co/image/ab67616d00001e028b04dacf186124a62bc667a7
0.0972,0.408,Foals,Milk & Black Spiders - CCTV Sessions,Holy Fire,https://i.scdn.co/image/ab67616d00001e028b04dacf186124a62bc667a7
0.117,0.2551,Foals,Moon,Holy Fire,https://i.scdn.co/image/ab67616d00001e028b04dacf186124a62bc667a7
0.075,0.189,Foals,Moon - CCTV Sessions,Holy Fire,https://i.scdn.co/image/ab67616d00001e028b04dacf186124a62bc667a7
0.813,0.715,Foals,My Number,Holy Fire,https://i.scdn.co/image/ab67616d00001e028b04dacf186124a62bc667a7
0.855,0.8,Foals,Out of the Woods,Holy Fire,https://i.scdn.co/image/ab67616d00001e028b04dacf186124a62bc667a7
0.0908,0.6549,Foals,Prelude,Holy Fire,https://i.scdn.co/image/ab67616d00001e028b04dacf186124a62bc667a7
0.339,0.8941,Foals,Providence,Holy Fire,https://i.scdn.co/image/ab67616d00001e028b04dacf186124a62bc667a7
0.343,0.582,Foals,Stepson,Holy Fire,https://i.scdn.co/image/ab67616d00001e028b04dacf186124a62bc667a7
0.277,0.671,Foals,Stepson - CCTV Sessions,Holy Fire,https://i.scdn.co/image/ab67616d00001e028b04dacf186124a62bc667a7
0.22,0.943,Foals,(Summer Sky),Life Is Yours,https://i.scdn.co/image/ab67616d00001e02408cece71a6d1cdcf2d4ad15
0.79,0.8129,Foals,2001,Life Is Yours,https://i.scdn.co/image/ab67616d00001e02408cece71a6d1cdcf2d4ad15
0.861,0.7939,Foals,2am,Life Is Yours,https://i.scdn.co/image/ab67616d00001e02408cece71a6d1cdcf2d4ad15
0.89,0.8229,Foals,Crest of the Wave,Life Is Yours,https://i.scdn.co/image/ab67616d00001e02408cece71a6d1cdcf2d4ad15
0.469,0.727,Foals,Flutter,Life Is Yours,https://i.scdn.co/image/ab67616d00001e02408cece71a6d1cdcf2d4ad15
0.809,0.8201,Foals,Life Is Yours,Life Is Yours,https://i.scdn.co/image/ab67616d00001e02408cece71a6d1cdcf2d4ad15
0.732,0.6889,Foals,Looking High,Life Is Yours,https://i.scdn.co/image/ab67616d00001e02408cece71a6d1cdcf2d4ad15
0.691,0.948,Foals,The Sound,Life Is Yours,https://i.scdn.co/image/ab67616d00001e02408cece71a6d1cdcf2d4ad15
0.967,0.891,Foals,Under the Radar,Life Is Yours,https://i.scdn.co/image/ab67616d00001e02408cece71a6d1cdcf2d4ad15
0.7,0.949,Foals,Wake Me Up,Life Is Yours,https://i.scdn.co/image/ab67616d00001e02408cece71a6d1cdcf2d4ad15
0.552,0.981,Foals,Wild Green,Life Is Yours,https://i.scdn.co/image/ab67616d00001e02408cece71a6d1cdcf2d4ad15
0.28,0.781,Foals,2 Trees,Total Life Forever,https://i.scdn.co/image/ab67616d00001e02b0303486d8c9b6a8deb61012
0.22,0.917,Foals,After Glow,Total Life Forever,https://i.scdn.co/image/ab67616d00001e02b0303486d8c9b6a8deb61012
0.0939,0.491,Foals,Alabaster,Total Life Forever,https://i.scdn.co/image/ab67616d00001e02b0303486d8c9b6a8deb61012
0.27,0.799,Foals,Black Gold,Total Life Forever,https://i.scdn.co/image/ab67616d00001e02b0303486d8c9b6a8deb61012
0.196,0.7869,Foals,Blue Blood,Total Life Forever,https://i.scdn.co/image/ab67616d00001e02b0303486d8c9b6a8deb61012
0.0629,0.113,Foals,Fugue,Total Life Forever,https://i.scdn.co/image/ab67616d00001e02b0303486d8c9b6a8deb61012
0.741,0.8719,Foals,Miami,Total Life Forever,https://i.scdn.co/image/ab67616d00001e02b0303486d8c9b6a8deb61012
0.346,0.5651,Foals,Spanish Sahara,Total Life Forever,https://i.scdn.co/image/ab67616d00001e02b0303486d8c9b6a8deb61012
0.0987,0.7291,Foals,The Forked Road - B-Side,Total Life Forever,https://i.scdn.co/image/ab67616d00001e02b0303486d8c9b6a8deb61012
0.568,0.904,Foals,This Orient,Total Life Forever,https://i.scdn.co/image/ab67616d00001e02b0303486d8c9b6a8deb61012
0.885,0.8651,Foals,Total Life Forever,Total Life Forever,https://i.scdn.co/image/ab67616d00001e02b0303486d8c9b6a8deb61012
0.223,0.753,Foals,Wear & Tear - B-Side,Total Life Forever,https://i.scdn.co/image/ab67616d00001e02b0303486d8c9b6a8deb61012
0.379,0.693,Foals,What Remains,Total Life Forever,https://i.scdn.co/image/ab67616d00001e02b0303486d8c9b6a8deb61012
0.168,0.76,Foals,A Knife in the Ocean,What Went Down,https://i.scdn.co/image/ab67616d00001e02b036f68e97ce9f5372bfb350
0.329,0.8211,Foals,Albatross,What Went Down,https://i.scdn.co/image/ab67616d00001e02b036f68e97ce9f5372bfb350
0.214,0.8091,Foals,Albatross - CCTV Sessions,What Went Down,https://i.scdn.co/image/ab67616d00001e02b036f68e97ce9f5372bfb350
0.467,0.7919,Foals,Birch Tree,What Went Down,https://i.scdn.co/image/ab67616d00001e02b036f68e97ce9f5372bfb350
0.849,0.5911,Foals,Daffodils - B-Side,What Went Down,https://i.scdn.co/image/ab67616d00001e02b036f68e97ce9f5372bfb350
0.142,0.566,Foals,Give It All,What Went Down,https://i.scdn.co/image/ab67616d00001e02b036f68e97ce9f5372bfb350
0.0545,0.2389,Foals,Give It All - Poolside Sessions,What Went Down,https://i.scdn.co/image/ab67616d00001e02b036f68e97ce9f5372bfb350
0.0388,0.3569,Foals,London Thunder,What Went Down,https://i.scdn.co/image/ab67616d00001e02b036f68e97ce9f5372bfb350
0.147,0.346,Foals,London Thunder - CCTV Sessions,What Went Down,https://i.scdn.co/image/ab67616d00001e02b036f68e97ce9f5372bfb350
0.176,0.2051,Foals,London Thunder - Poolside Sessions,What Went Down,https://i.scdn.co/image/ab67616d00001e02b036f68e97ce9f5372bfb350
0.305,0.7421,Foals,Lonely Hunter,What Went Down,https://i.scdn.co/image/ab67616d00001e02b036f68e97ce9f5372bfb350
0.266,0.433,Foals,Lonely Hunter - CCTV Sessions,What Went Down,https://i.scdn.co/image/ab67616d00001e02b036f68e97ce9f5372bfb350
0.617,0.931,Foals,Mountain at My Gates,What Went Down,https://i.scdn.co/image/ab67616d00001e02b036f68e97ce9f5372bfb350
0.632,0.9401,Foals,Night Swimmers,What Went Down,https://i.scdn.co/image/ab67616d00001e02b036f68e97ce9f5372bfb350
0.29,0.683,Foals,Rain - B-Side,What Went Down,https://i.scdn.co/image/ab67616d00001e02b036f68e97ce9f5372bfb350
0.541,0.8491,Foals,Snake Oil,What Went Down,https://i.scdn.co/image/ab67616d00001e02b036f68e97ce9f5372bfb350
0.854,0.735,Foals,Snake Oil - CCTV Sessions,What Went Down,https://i.scdn.co/image/ab67616d00001e02b036f68e97ce9f5372bfb350
0.128,0.9191,Foals,What Went Down,What Went Down,https://i.scdn.co/image/ab67616d00001e02b036f68e97ce9f5372bfb350
0.666,0.78,Imagine Dragons,Believer,Evolve,https://i.scdn.co/image/ab67616d00001e025675e83f707f1d7271e5cf8a
0.626,0.3099,Imagine Dragons,Dancing In The Dark,Evolve,https://i.scdn.co/image/ab67616d00001e025675e83f707f1d7271e5cf8a
0.0735,0.6409,Imagine Dragons,I Don’t Know Why,Evolve,https://i.scdn.co/image/ab67616d00001e025675e83f707f1d7271e5cf8a
0.13,0.6741,Imagine Dragons,I’ll Make It Up To You,Evolve,https://i.scdn.co/image/ab67616d00001e025675e83f707f1d7271e5cf8a
0.292,0.9069,Imagine Dragons,Mouth Of The River,Evolve,https://i.scdn.co/image/ab67616d00001e025675e83f707f1d7271e5cf8a
0.384,0.6721,Imagine Dragons,Next To Me,Evolve,https://i.scdn.co/image/ab67616d00001e025675e83f707f1d7271e5cf8a
0.103,0.74,Imagine Dragons,Rise Up,Evolve,https://i.scdn.co/image/ab67616d00001e025675e83f707f1d7271e5cf8a
0.759,0.9281,Imagine Dragons,Start Over,Evolve,https://i.scdn.co/image/ab67616d00001e025675e83f707f1d7271e5cf8a
0.288,0.822,Imagine Dragons,Thunder,Evolve,https://i.scdn.co/image/ab67616d00001e025675e83f707f1d7271e5cf8a
0.151,0.763,Imagine Dragons,Walking The Wire,Evolve,https://i.scdn.co/image/ab67616d00001e025675e83f707f1d7271e5cf8a
0.555,0.6551,Imagine Dragons,Whatever It Takes,Evolve,https://i.scdn.co/image/ab67616d00001e025675e83f707f1d7271e5cf8a
0.539,0.645,Imagine Dragons,Yesterday,Evolve,https://i.scdn.co/image/ab67616d00001e025675e83f707f1d7271e5cf8a
0.153,0.9239,Imagine Dragons,Believer - Live in Vegas,Imagine Dragons Live in Vegas,https://i.scdn.co/image/ab67616d00001e02de6d776a57b267164a9f358b
0.367,0.723,Imagine Dragons,Birds - Live in Vegas,Imagine Dragons Live in Vegas,https://i.scdn.co/image/ab67616d00001e02de6d776a57b267164a9f358b
0.496,0.7889,Imagine Dragons,Bones - Live in Vegas,Imagine Dragons Live in Vegas,https://i.scdn.co/image/ab67616d00001e02de6d776a57b267164a9f358b
0.442,0.6181,Imagine Dragons,Demons - Live in Vegas,Imagine Dragons Live in Vegas,https://i.scdn.co/image/ab67616d00001e02de6d776a57b267164a9f358b
0.38,0.8571,Imagine Dragons,Enemy - Live in Vegas,Imagine Dragons Live in Vegas,https://i.scdn.co/image/ab67616d00001e02de6d776a57b267164a9f358b
0.257,0.8529,Imagine Dragons,Follow You - Live in Vegas,Imagine Dragons Live in Vegas,https://i.scdn.co/image/ab67616d00001e02de6d776a57b267164a9f358b
0.284,0.5951,Imagine Dragons,I Bet My Life (Acoustic) - Live in Vegas,Imagine Dragons Live in Vegas,https://i.scdn.co/image/ab67616d00001e02de6d776a57b267164a9f358b
0.303,0.663,Imagine Dragons,I'm Happy - Live in Vegas,Imagine Dragons Live in Vegas,https://i.scdn.co/image/ab67616d00001e02de6d776a57b267164a9f358b
0.334,0.9051,Imagine Dragons,I'm So Sorry - Live in Vegas,Imagine Dragons Live in Vegas,https://i.scdn.co/image/ab67616d00001e02de6d776a57b267164a9f358b
0.244,0.8811,Imagine Dragons,It's Time - Live in Vegas,Imagine Dragons Live in Vegas,https://i.scdn.co/image/ab67616d00001e02de6d776a57b267164a9f358b
0.0379,0.412,Imagine Dragons,"Las Vegas, Our Home - Live in Vegas",Imagine Dragons Live in Vegas,https://i.scdn.co/image/ab67616d00001e02de6d776a57b267164a9f358b
0.641,0.865,Imagine Dragons,Lonely - Live in Vegas,Imagine Dragons Live in Vegas,https://i.scdn.co/image/ab67616d00001e02de6d776a57b267164a9f358b
0.457,0.7681,Imagine Dragons,My Life - Live in Vegas,Imagine Dragons Live in Vegas,https://i.scdn.co/image/ab67616d00001e02de6d776a57b267164a9f358b
0.244,0.6711,Imagine Dragons,Natural - Live in Vegas,Imagine Dragons Live in Vegas,https://i.scdn.co/image/ab67616d00001e02de6d776a57b267164a9f358b
0.29,0.393,Imagine Dragons,Next to Me (Acoustic) - Live in Vegas,Imagine Dragons Live in Vegas,https://i.scdn.co/image/ab67616d00001e02de6d776a57b267164a9f358b
0.592,0.9301,Imagine Dragons,On Top of the World - Live in Vegas,Imagine Dragons Live in Vegas,https://i.scdn.co/image/ab67616d00001e02de6d776a57b267164a9f358b
0.453,0.514,Imagine Dragons,One Day (Acoustic) - Live in Vegas,Imagine Dragons Live in Vegas,https://i.scdn.co/image/ab67616d00001e02de6d776a57b267164a9f358b
0.103,0.8021,Imagine Dragons,Radioactive - Live in Vegas,Imagine Dragons Live in Vegas,https://i.scdn.co/image/ab67616d00001e02de6d776a57b267164a9f358b
0.792,0.8091,Imagine Dragons,Sharks - Live in Vegas,Imagine Dragons Live in Vegas,https://i.scdn.co/image/ab67616d00001e02de6d776a57b267164a9f358b
0.251,0.7751,Imagine Dragons,Thunder - Live in Vegas,Imagine Dragons Live in Vegas,https://i.scdn.co/image/ab67616d00001e02de6d776a57b267164a9f358b
0.229,0.723,Imagine Dragons,Walking the Wire / My Life - Live in Vegas,Imagine Dragons Live in Vegas,https://i.scdn.co/image/ab67616d00001e02de6d776a57b267164a9f358b
0.356,0.866,Imagine Dragons,Whatever It Takes - Live in Vegas,Imagine Dragons Live in Vegas,https://i.scdn.co/image/ab67616d00001e02de6d776a57b267164a9f358b
0.482,0.8081,Imagine Dragons,Younger - Live in Vegas,Imagine Dragons Live in Vegas,https://i.scdn.co/image/ab67616d00001e02de6d776a57b267164a9f358b
0.336,0.499,Imagine Dragons,Don’t Forget Me,LOOM,https://i.scdn.co/image/ab67616d00001e027eeb115b73e2e6abc3c66d59
0.496,0.6799,Imagine Dragons,Eyes Closed,LOOM,https://i.scdn.co/image/ab67616d00001e027eeb115b73e2e6abc3c66d59
0.557,0.6861,Imagine Dragons,Eyes Closed (feat. J Balvin),LOOM,https://i.scdn.co/image/ab67616d00001e027eeb115b73e2e6abc3c66d59
0.274,0.5231,Imagine Dragons,Fire in These Hills,LOOM,https://i.scdn.co/image/ab67616d00001e027eeb115b73e2e6abc3c66d59
0.639,0.6389,Imagine Dragons,Gods Don’t Pray,LOOM,https://i.scdn.co/image/ab67616d00001e027eeb115b73e2e6abc3c66d59
0.322,0.626,Imagine Dragons,In Your Corner,LOOM,https://i.scdn.co/image/ab67616d00001e027eeb115b73e2e6abc3c66d59
0.865,0.933,Imagine Dragons,Kid,LOOM,https://i.scdn.co/image/ab67616d00001e027eeb115b73e2e6abc3c66d59
0.713,0.799,Imagine Dragons,Nice to Meet You,LOOM,https://i.scdn.co/image/ab67616d00001e027eeb115b73e2e6abc3c66d59
0.883,0.6729,Imagine Dragons,Take Me to the Beach,LOOM,https://i.scdn.co/image/ab67616d00001e027eeb115b73e2e6abc3c66d59
0.69,0.7241,Imagine Dragons,Wake Up,LOOM,https://i.scdn.co/image/ab67616d00001e027eeb115b73e2e6abc3c66d59
0.634,0.695,Imagine Dragons,#1,Mercury - Acts 1 & 2,NA
0.639,0.7851,Imagine Dragons,Blur,Mercury - Acts 1 & 2,NA
0.587,0.7499,Imagine Dragons,Bones,Mercury - Acts 1 & 2,NA
0.12,0.289,Imagine Dragons,Continual (feat. Cory Henry),Mercury - Acts 1 & 2,NA
0.219,0.7339,Imagine Dragons,Crushed,Mercury - Acts 1 & 2,NA
0.679,0.6259,Imagine Dragons,Cutthroat,Mercury - Acts 1 & 2,NA
0.32,0.6159,Imagine Dragons,Dull Knives,Mercury - Acts 1 & 2,NA
0.477,0.4591,Imagine Dragons,Easy Come Easy Go,Mercury - Acts 1 & 2,NA
0.555,0.783,Imagine Dragons,Enemy (with JID) - from the series Arcane League of Legends,Mercury - Acts 1 & 2,NA
0.208,0.3549,Imagine Dragons,Ferris Wheel,Mercury - Acts 1 & 2,NA
0.45,0.732,Imagine Dragons,Follow You,Mercury - Acts 1 & 2,NA
0.44,0.6029,Imagine Dragons,Giants,Mercury - Acts 1 & 2,NA
0.61,0.6571,Imagine Dragons,Higher Ground,Mercury - Acts 1 & 2,NA
0.6,0.71,Imagine Dragons,I Don't Like Myself,Mercury - Acts 1 & 2,NA
0.146,0.291,Imagine Dragons,I Wish,Mercury - Acts 1 & 2,NA
0.364,0.576,Imagine Dragons,I'm Happy,Mercury - Acts 1 & 2,NA
0.168,0.3219,Imagine Dragons,It's Ok,Mercury - Acts 1 & 2,NA
0.873,0.73,Imagine Dragons,Lonely,Mercury - Acts 1 & 2,NA
0.797,0.649,Imagine Dragons,Monday,Mercury - Acts 1 & 2,NA
0.305,0.4271,Imagine Dragons,My Life,Mercury - Acts 1 & 2,NA
0.585,0.742,Imagine Dragons,No Time For Toxic People,Mercury - Acts 1 & 2,NA
0.639,0.4139,Imagine Dragons,One Day,Mercury - Acts 1 & 2,NA
0.606,0.626,Imagine Dragons,Peace Of Mind,Mercury - Acts 1 & 2,NA
0.901,0.642,Imagine Dragons,Sharks,Mercury - Acts 1 & 2,NA
0.363,0.6709,Imagine Dragons,Sirens,Mercury - Acts 1 & 2,NA
0.921,0.64,Imagine Dragons,Symphony,Mercury - Acts 1 & 2,NA
0.296,0.65,Imagine Dragons,Take It Easy,Mercury - Acts 1 & 2,NA
0.164,0.167,Imagine Dragons,They Don't Know You Like I Do,Mercury - Acts 1 & 2,NA
0.117,0.298,Imagine Dragons,Tied,Mercury - Acts 1 & 2,NA
0.261,0.6179,Imagine Dragons,Waves,Mercury - Acts 1 & 2,NA
0.229,0.562,Imagine Dragons,Wrecked,Mercury - Acts 1 & 2,NA
0.512,0.562,Imagine Dragons,Younger,Mercury - Acts 1 & 2,NA
0.206,0.7679,Imagine Dragons,Amsterdam,Night Visions,https://i.scdn.co/image/ab67616d00001e02407bd04707c463bbb3410737
0.332,0.7589,Imagine Dragons,Bleeding Out,Night Visions,https://i.scdn.co/image/ab67616d00001e02407bd04707c463bbb3410737
0.114,0.8671,Imagine Dragons,Cha-Ching (Till We Grow Older),Night Visions,https://i.scdn.co/image/ab67616d00001e02407bd04707c463bbb3410737
0.419,0.7099,Imagine Dragons,Demons,Night Visions,https://i.scdn.co/image/ab67616d00001e02407bd04707c463bbb3410737
0.417,0.5991,Imagine Dragons,Every Night,Night Visions,https://i.scdn.co/image/ab67616d00001e02407bd04707c463bbb3410737
0.54,0.8329,Imagine Dragons,Hear Me,Night Visions,https://i.scdn.co/image/ab67616d00001e02407bd04707c463bbb3410737
0.858,0.884,Imagine Dragons,It's Time,Night Visions,https://i.scdn.co/image/ab67616d00001e02407bd04707c463bbb3410737
0.0623,0.79,Imagine Dragons,Nothing Left To Say / Rocks - Medley,Night Visions,https://i.scdn.co/image/ab67616d00001e02407bd04707c463bbb3410737
0.763,0.924,Imagine Dragons,On Top Of The World,Night Visions,https://i.scdn.co/image/ab67616d00001e02407bd04707c463bbb3410737
0.237,0.784,Imagine Dragons,Radioactive,Night Visions,https://i.scdn.co/image/ab67616d00001e02407bd04707c463bbb3410737
0.251,0.8199,Imagine Dragons,Tiptoe,Night Visions,https://i.scdn.co/image/ab67616d00001e02407bd04707c463bbb3410737
0.722,0.6921,Imagine Dragons,Tokyo,Night Visions,https://i.scdn.co/image/ab67616d00001e02407bd04707c463bbb3410737
0.57,0.8311,Imagine Dragons,Underdog,Night Visions,https://i.scdn.co/image/ab67616d00001e02407bd04707c463bbb3410737
0.649,0.8581,Imagine Dragons,Working Man,Night Visions,https://i.scdn.co/image/ab67616d00001e02407bd04707c463bbb3410737
0.0912,0.5439,Imagine Dragons,America,Night Visions (Deluxe),https://i.scdn.co/image/ab67616d00001e025d634b2e3e6b641397b644e4
0.206,0.7681,Imagine Dragons,Amsterdam,Night Visions (Deluxe),https://i.scdn.co/image/ab67616d00001e025d634b2e3e6b641397b644e4
0.285,0.754,Imagine Dragons,Bleeding Out,Night Visions (Deluxe),https://i.scdn.co/image/ab67616d00001e025d634b2e3e6b641397b644e4
0.13,0.858,Imagine Dragons,Cha-Ching (Till We Grow Older),Night Visions (Deluxe),https://i.scdn.co/image/ab67616d00001e025d634b2e3e6b641397b644e4
0.156,0.718,Imagine Dragons,Cover Up,Night Visions (Deluxe),https://i.scdn.co/image/ab67616d00001e025d634b2e3e6b641397b644e4
0.419,0.7101,Imagine Dragons,Demons,Night Visions (Deluxe),https://i.scdn.co/image/ab67616d00001e025d634b2e3e6b641397b644e4
0.417,0.5991,Imagine Dragons,Every Night,Night Visions (Deluxe),https://i.scdn.co/image/ab67616d00001e025d634b2e3e6b641397b644e4
0.54,0.8329,Imagine Dragons,Hear Me,Night Visions (Deluxe),https://i.scdn.co/image/ab67616d00001e025d634b2e3e6b641397b644e4
0.858,0.884,Imagine Dragons,It's Time,Night Visions (Deluxe),https://i.scdn.co/image/ab67616d00001e025d634b2e3e6b641397b644e4
0.519,0.8129,Imagine Dragons,My Fault,Night Visions (Deluxe),https://i.scdn.co/image/ab67616d00001e025d634b2e3e6b641397b644e4
0.0623,0.7899,Imagine Dragons,Nothing Left To Say / Rocks - Medley,Night Visions (Deluxe),https://i.scdn.co/image/ab67616d00001e025d634b2e3e6b641397b644e4
0.771,0.9261,Imagine Dragons,On Top Of The World,Night Visions (Deluxe),https://i.scdn.co/image/ab67616d00001e025d634b2e3e6b641397b644e4
0.237,0.7839,Imagine Dragons,Radioactive,Night Visions (Deluxe),https://i.scdn.co/image/ab67616d00001e025d634b2e3e6b641397b644e4
0.287,0.884,Imagine Dragons,Radioactive,Night Visions (Deluxe),https://i.scdn.co/image/ab67616d00001e025d634b2e3e6b641397b644e4
0.48,0.8581,Imagine Dragons,Round And Round,Night Visions (Deluxe),https://i.scdn.co/image/ab67616d00001e025d634b2e3e6b641397b644e4
0.561,0.6901,Imagine Dragons,Selene,Night Visions (Deluxe),https://i.scdn.co/image/ab67616d00001e025d634b2e3e6b641397b644e4
0.284,0.6371,Imagine Dragons,The River,Night Visions (Deluxe),https://i.scdn.co/image/ab67616d00001e025d634b2e3e6b641397b644e4
0.251,0.8201,Imagine Dragons,Tiptoe,Night Visions (Deluxe),https://i.scdn.co/image/ab67616d00001e025d634b2e3e6b641397b644e4
0.57,0.8311,Imagine Dragons,Underdog,Night Visions (Deluxe),https://i.scdn.co/image/ab67616d00001e025d634b2e3e6b641397b644e4
0.647,0.8479,Imagine Dragons,Working Man,Night Visions (Deluxe),https://i.scdn.co/image/ab67616d00001e025d634b2e3e6b641397b644e4
0.103,0.552,Imagine Dragons,America,Night Visions (Expanded Edition / Super Deluxe),https://i.scdn.co/image/ab67616d00001e0281eeace38068e9444cb28a3e
0.204,0.7589,Imagine Dragons,Amsterdam,Night Visions (Expanded Edition / Super Deluxe),https://i.scdn.co/image/ab67616d00001e0281eeace38068e9444cb28a3e
0.342,0.9371,Imagine Dragons,Amsterdam - Live From Red Rocks / 2014,Night Visions (Expanded Edition / Super Deluxe),https://i.scdn.co/image/ab67616d00001e0281eeace38068e9444cb28a3e
0.325,0.753,Imagine Dragons,Bleeding Out,Night Visions (Expanded Edition / Super Deluxe),https://i.scdn.co/image/ab67616d00001e0281eeace38068e9444cb28a3e
0.737,0.864,Imagine Dragons,Bubble - Night Visions Demo,Night Visions (Expanded Edition / Super Deluxe),https://i.scdn.co/image/ab67616d00001e0281eeace38068e9444cb28a3e
0.112,0.856,Imagine Dragons,Cha-Ching (Till We Grow Older),Night Visions (Expanded Edition / Super Deluxe),https://i.scdn.co/image/ab67616d00001e0281eeace38068e9444cb28a3e
0.342,0.915,Imagine Dragons,Cha-Ching (Till We Grow Older) - Live From Red Rocks / 2014,Night Visions (Expanded Edition / Super Deluxe),https://i.scdn.co/image/ab67616d00001e0281eeace38068e9444cb28a3e
0.186,0.7109,Imagine Dragons,Cover Up,Night Visions (Expanded Edition / Super Deluxe),https://i.scdn.co/image/ab67616d00001e0281eeace38068e9444cb28a3e
0.367,0.7059,Imagine Dragons,Demons,Night Visions (Expanded Edition / Super Deluxe),https://i.scdn.co/image/ab67616d00001e0281eeace38068e9444cb28a3e
0.285,0.7269,Imagine Dragons,Demons - Imagine Dragons Remix,Night Visions (Expanded Edition / Super Deluxe),https://i.scdn.co/image/ab67616d00001e0281eeace38068e9444cb28a3e
0.27,0.734,Imagine Dragons,Demons - KIDinaKORNER Remix,Night Visions (Expanded Edition / Super Deluxe),https://i.scdn.co/image/ab67616d00001e0281eeace38068e9444cb28a3e
0.287,0.741,Imagine Dragons,Demons - Live From Red Rocks / 2014,Night Visions (Expanded Edition / Super Deluxe),https://i.scdn.co/image/ab67616d00001e0281eeace38068e9444cb28a3e
0.267,0.328,Imagine Dragons,Demons - Live London Sessions / 2013,Night Visions (Expanded Edition / Super Deluxe),https://i.scdn.co/image/ab67616d00001e0281eeace38068e9444cb28a3e
0.301,0.702,Imagine Dragons,Demons - Politik Remix,Night Visions (Expanded Edition / Super Deluxe),https://i.scdn.co/image/ab67616d00001e0281eeace38068e9444cb28a3e
0.382,0.726,Imagine Dragons,Demons - TELYKast Remix,Night Visions (Expanded Edition / Super Deluxe),https://i.scdn.co/image/ab67616d00001e0281eeace38068e9444cb28a3e
0.422,0.5821,Imagine Dragons,Every Night,Night Visions (Expanded Edition / Super Deluxe),https://i.scdn.co/image/ab67616d00001e0281eeace38068e9444cb28a3e
0.513,0.7741,Imagine Dragons,Fallen,Night Visions (Expanded Edition / Super Deluxe),https://i.scdn.co/image/ab67616d00001e0281eeace38068e9444cb28a3e
0.524,0.8279,Imagine Dragons,Hear Me,Night Visions (Expanded Edition / Super Deluxe),https://i.scdn.co/image/ab67616d00001e0281eeace38068e9444cb28a3e
0.551,0.927,Imagine Dragons,Hear Me - Live From Red Rocks / 2014,Night Visions (Expanded Edition / Super Deluxe),https://i.scdn.co/image/ab67616d00001e0281eeace38068e9444cb28a3e
0.0813,0.7421,Imagine Dragons,Hear Me - Spector Remix,Night Visions (Expanded Edition / Super Deluxe),https://i.scdn.co/image/ab67616d00001e0281eeace38068e9444cb28a3e
0.0749,0.8561,Imagine Dragons,I Don't Mind,Night Visions (Expanded Edition / Super Deluxe),https://i.scdn.co/image/ab67616d00001e0281eeace38068e9444cb28a3e
0.87,0.8841,Imagine Dragons,It's Time,Night Visions (Expanded Edition / Super Deluxe),https://i.scdn.co/image/ab67616d00001e0281eeace38068e9444cb28a3e
0.36,0.752,Imagine Dragons,It's Time - Bastille Remix,Night Visions (Expanded Edition / Super Deluxe),https://i.scdn.co/image/ab67616d00001e0281eeace38068e9444cb28a3e
0.528,0.8559,Imagine Dragons,It's Time - Cherry Cherry Boom Boom Remix,Night Visions (Expanded Edition / Super Deluxe),https://i.scdn.co/image/ab67616d00001e0281eeace38068e9444cb28a3e
0.522,0.852,Imagine Dragons,It's Time - JailBreaks Remix,Night Visions (Expanded Edition / Super Deluxe),https://i.scdn.co/image/ab67616d00001e0281eeace38068e9444cb28a3e
0.93,0.908,Imagine Dragons,It's Time - Kat Krazy Remix,Night Visions (Expanded Edition / Super Deluxe),https://i.scdn.co/image/ab67616d00001e0281eeace38068e9444cb28a3e
0.355,0.936,Imagine Dragons,It's Time - Live From Red Rocks / 2014,Night Visions (Expanded Edition / Super Deluxe),https://i.scdn.co/image/ab67616d00001e0281eeace38068e9444cb28a3e
0.417,0.454,Imagine Dragons,It's Time - Live London Sessions / 2013,Night Visions (Expanded Edition / Super Deluxe),https://i.scdn.co/image/ab67616d00001e0281eeace38068e9444cb28a3e
0.652,0.9111,Imagine Dragons,It's Time - Passion Pit Remix,Night Visions (Expanded Edition / Super Deluxe),https://i.scdn.co/image/ab67616d00001e0281eeace38068e9444cb28a3e
0.913,0.787,Imagine Dragons,It's Time - Penguin Prison Remix,Night Visions (Expanded Edition / Super Deluxe),https://i.scdn.co/image/ab67616d00001e0281eeace38068e9444cb28a3e
0.6,0.9389,Imagine Dragons,It's Time - StunGun & JailBreaks Remix,Night Visions (Expanded Edition / Super Deluxe),https://i.scdn.co/image/ab67616d00001e0281eeace38068e9444cb28a3e
0.179,0.7469,Imagine Dragons,It's Time - White Sea Remix,Night Visions (Expanded Edition / Super Deluxe),https://i.scdn.co/image/ab67616d00001e0281eeace38068e9444cb28a3e
0.207,0.8291,Imagine Dragons,Love Of Mine - Night Visions Demo,Night Visions (Expanded Edition / Super Deluxe),https://i.scdn.co/image/ab67616d00001e0281eeace38068e9444cb28a3e
0.503,0.8019,Imagine Dragons,My Fault,Night Visions (Expanded Edition / Super Deluxe),https://i.scdn.co/image/ab67616d00001e0281eeace38068e9444cb28a3e
0.0621,0.7859,Imagine Dragons,Nothing Left To Say / Rocks - Medley,Night Visions (Expanded Edition / Super Deluxe),https://i.scdn.co/image/ab67616d00001e0281eeace38068e9444cb28a3e
0.768,0.924,Imagine Dragons,On Top Of The World,Night Visions (Expanded Edition / Super Deluxe),https://i.scdn.co/image/ab67616d00001e0281eeace38068e9444cb28a3e
0.533,0.9179,Imagine Dragons,On Top Of The World - Live From Red Rocks / 2014,Night Visions (Expanded Edition / Super Deluxe),https://i.scdn.co/image/ab67616d00001e0281eeace38068e9444cb28a3e
0.46,0.7481,Imagine Dragons,On Top Of The World - RAC Remix,Night Visions (Expanded Edition / Super Deluxe),https://i.scdn.co/image/ab67616d00001e0281eeace38068e9444cb28a3e
0.23,0.78,Imagine Dragons,Radioactive,Night Visions (Expanded Edition / Super Deluxe),https://i.scdn.co/image/ab67616d00001e0281eeace38068e9444cb28a3e
0.427,0.571,Imagine Dragons,Radioactive - Grouplove & Captain Cuts Remix,Night Visions (Expanded Edition / Super Deluxe),https://i.scdn.co/image/ab67616d00001e0281eeace38068e9444cb28a3e
0.263,0.925,Imagine Dragons,Radioactive - Live From Red Rocks / 2014,Night Visions (Expanded Edition / Super Deluxe),https://i.scdn.co/image/ab67616d00001e0281eeace38068e9444cb28a3e
0.386,0.4989,Imagine Dragons,Radioactive - Live London Sessions / 2013,Night Visions (Expanded Edition / Super Deluxe),https://i.scdn.co/image/ab67616d00001e0281eeace38068e9444cb28a3e
0.415,0.6849,Imagine Dragons,Radioactive - The Dirty Tees Mix,Night Visions (Expanded Edition / Super Deluxe),https://i.scdn.co/image/ab67616d00001e0281eeace38068e9444cb28a3e
0.546,0.898,Imagine Dragons,Rocks - Live From Red Rocks / 2014,Night Visions (Expanded Edition / Super Deluxe),https://i.scdn.co/image/ab67616d00001e0281eeace38068e9444cb28a3e
0.431,0.865,Imagine Dragons,Round And Round,Night Visions (Expanded Edition / Super Deluxe),https://i.scdn.co/image/ab67616d00001e0281eeace38068e9444cb28a3e
0.403,0.939,Imagine Dragons,Round And Round - Live From Red Rocks / 2014,Night Visions (Expanded Edition / Super Deluxe),https://i.scdn.co/image/ab67616d00001e0281eeace38068e9444cb28a3e
0.55,0.6821,Imagine Dragons,Selene,Night Visions (Expanded Edition / Super Deluxe),https://i.scdn.co/image/ab67616d00001e0281eeace38068e9444cb28a3e
0.335,0.651,Imagine Dragons,The River,Night Visions (Expanded Edition / Super Deluxe),https://i.scdn.co/image/ab67616d00001e0281eeace38068e9444cb28a3e
0.236,0.8181,Imagine Dragons,Tiptoe,Night Visions (Expanded Edition / Super Deluxe),https://i.scdn.co/image/ab67616d00001e0281eeace38068e9444cb28a3e
0.138,0.937,Imagine Dragons,Tiptoe - Live From Red Rocks / 2014,Night Visions (Expanded Edition / Super Deluxe),https://i.scdn.co/image/ab67616d00001e0281eeace38068e9444cb28a3e
0.703,0.679,Imagine Dragons,Tokyo,Night Visions (Expanded Edition / Super Deluxe),https://i.scdn.co/image/ab67616d00001e0281eeace38068e9444cb28a3e
0.564,0.828,Imagine Dragons,Underdog,Night Visions (Expanded Edition / Super Deluxe),https://i.scdn.co/image/ab67616d00001e0281eeace38068e9444cb28a3e
0.582,0.9421,Imagine Dragons,Underdog - Live From Red Rocks / 2014,Night Visions (Expanded Edition / Super Deluxe),https://i.scdn.co/image/ab67616d00001e0281eeace38068e9444cb28a3e
0.642,0.8581,Imagine Dragons,Working Man,Night Visions (Expanded Edition / Super Deluxe),https://i.scdn.co/image/ab67616d00001e0281eeace38068e9444cb28a3e
0.0805,0.637,Imagine Dragons,Bad Liar,Origins (Deluxe),https://i.scdn.co/image/ab67616d00001e02da6f73a25f4c79d0e6b4a8bd
0.35,0.516,Imagine Dragons,Birds,Origins (Deluxe),https://i.scdn.co/image/ab67616d00001e02da6f73a25f4c79d0e6b4a8bd
0.343,0.559,Imagine Dragons,Boomerang,Origins (Deluxe),https://i.scdn.co/image/ab67616d00001e02da6f73a25f4c79d0e6b4a8bd
0.476,0.7361,Imagine Dragons,Bullet In A Gun,Origins (Deluxe),https://i.scdn.co/image/ab67616d00001e02da6f73a25f4c79d0e6b4a8bd
0.291,0.4939,Imagine Dragons,Burn Out,Origins (Deluxe),https://i.scdn.co/image/ab67616d00001e02da6f73a25f4c79d0e6b4a8bd
0.438,0.7181,Imagine Dragons,Cool Out,Origins (Deluxe),https://i.scdn.co/image/ab67616d00001e02da6f73a25f4c79d0e6b4a8bd
0.383,0.889,Imagine Dragons,Digital,Origins (Deluxe),https://i.scdn.co/image/ab67616d00001e02da6f73a25f4c79d0e6b4a8bd
0.382,0.5071,Imagine Dragons,Love,Origins (Deluxe),https://i.scdn.co/image/ab67616d00001e02da6f73a25f4c79d0e6b4a8bd
0.585,0.677,Imagine Dragons,Machine,Origins (Deluxe),https://i.scdn.co/image/ab67616d00001e02da6f73a25f4c79d0e6b4a8bd
0.22,0.611,Imagine Dragons,Natural,Origins (Deluxe),https://i.scdn.co/image/ab67616d00001e02da6f73a25f4c79d0e6b4a8bd
0.423,0.8041,Imagine Dragons,Only,Origins (Deluxe),https://i.scdn.co/image/ab67616d00001e02da6f73a25f4c79d0e6b4a8bd
0.123,0.562,Imagine Dragons,Real Life,Origins (Deluxe),https://i.scdn.co/image/ab67616d00001e02da6f73a25f4c79d0e6b4a8bd
0.248,0.478,Imagine Dragons,Stuck,Origins (Deluxe),https://i.scdn.co/image/ab67616d00001e02da6f73a25f4c79d0e6b4a8bd
0.677,0.7151,Imagine Dragons,West Coast,Origins (Deluxe),https://i.scdn.co/image/ab67616d00001e02da6f73a25f4c79d0e6b4a8bd
0.251,0.6611,Imagine Dragons,"Zero - From the Original Motion Picture ""Ralph Breaks The Internet""",Origins (Deluxe),https://i.scdn.co/image/ab67616d00001e02da6f73a25f4c79d0e6b4a8bd
0.0391,0.9021,Imagine Dragons,Battle Cry,Smoke + Mirrors (Deluxe),https://i.scdn.co/image/ab67616d00001e0259ac0a9acb7bf0d315301152
0.108,0.5129,Imagine Dragons,Dream,Smoke + Mirrors (Deluxe),https://i.scdn.co/image/ab67616d00001e0259ac0a9acb7bf0d315301152
0.289,0.548,Imagine Dragons,Friction,Smoke + Mirrors (Deluxe),https://i.scdn.co/image/ab67616d00001e0259ac0a9acb7bf0d315301152
0.256,0.4591,Imagine Dragons,Gold,Smoke + Mirrors (Deluxe),https://i.scdn.co/image/ab67616d00001e0259ac0a9acb7bf0d315301152
0.591,0.657,Imagine Dragons,Hopeless Opus,Smoke + Mirrors (Deluxe),https://i.scdn.co/image/ab67616d00001e0259ac0a9acb7bf0d315301152
0.599,0.6591,Imagine Dragons,I Bet My Life,Smoke + Mirrors (Deluxe),https://i.scdn.co/image/ab67616d00001e0259ac0a9acb7bf0d315301152
0.49,0.749,Imagine Dragons,It Comes Back To You,Smoke + Mirrors (Deluxe),https://i.scdn.co/image/ab67616d00001e0259ac0a9acb7bf0d315301152
0.423,0.686,Imagine Dragons,I’m So Sorry,Smoke + Mirrors (Deluxe),https://i.scdn.co/image/ab67616d00001e0259ac0a9acb7bf0d315301152
0.406,0.7681,Imagine Dragons,Monster,Smoke + Mirrors (Deluxe),https://i.scdn.co/image/ab67616d00001e0259ac0a9acb7bf0d315301152
0.258,0.603,Imagine Dragons,Polaroid,Smoke + Mirrors (Deluxe),https://i.scdn.co/image/ab67616d00001e0259ac0a9acb7bf0d315301152
0.408,0.3969,Imagine Dragons,Release,Smoke + Mirrors (Deluxe),https://i.scdn.co/image/ab67616d00001e0259ac0a9acb7bf0d315301152
0.362,0.5669,Imagine Dragons,Second Chances,Smoke + Mirrors (Deluxe),https://i.scdn.co/image/ab67616d00001e0259ac0a9acb7bf0d315301152
0.338,0.7599,Imagine Dragons,Shots,Smoke + Mirrors (Deluxe),https://i.scdn.co/image/ab67616d00001e0259ac0a9acb7bf0d315301152
0.545,0.781,Imagine Dragons,Shots - Broiler Remix,Smoke + Mirrors (Deluxe),https://i.scdn.co/image/ab67616d00001e0259ac0a9acb7bf0d315301152
0.0871,0.6371,Imagine Dragons,Smoke And Mirrors,Smoke + Mirrors (Deluxe),https://i.scdn.co/image/ab67616d00001e0259ac0a9acb7bf0d315301152
0.621,0.8231,Imagine Dragons,Summer,Smoke + Mirrors (Deluxe),https://i.scdn.co/image/ab67616d00001e0259ac0a9acb7bf0d315301152
0.0464,0.4131,Imagine Dragons,The Fall,Smoke + Mirrors (Deluxe),https://i.scdn.co/image/ab67616d00001e0259ac0a9acb7bf0d315301152
0.346,0.7659,Imagine Dragons,The Unknown,Smoke + Mirrors (Deluxe),https://i.scdn.co/image/ab67616d00001e0259ac0a9acb7bf0d315301152
0.129,0.7149,Imagine Dragons,Thief,Smoke + Mirrors (Deluxe),https://i.scdn.co/image/ab67616d00001e0259ac0a9acb7bf0d315301152
0.327,0.889,Imagine Dragons,Trouble,Smoke + Mirrors (Deluxe),https://i.scdn.co/image/ab67616d00001e0259ac0a9acb7bf0d315301152
0.307,0.8511,Imagine Dragons,Warriors,Smoke + Mirrors (Deluxe),https://i.scdn.co/image/ab67616d00001e0259ac0a9acb7bf0d315301152
0.39,0.6541,Imagine Dragons,Who We Are,Smoke + Mirrors (Deluxe),https://i.scdn.co/image/ab67616d00001e0259ac0a9acb7bf0d315301152
0.256,0.289,Imagine Dragons,Amsterdam - Live,Smoke + Mirrors Live (Live At The Air Canada Centre),https://i.scdn.co/image/ab67616d00001e02d67b60169839bc05aa3aa1b2
0.226,0.4031,Imagine Dragons,Demons / Bleeding Out / Warriors - Live,Smoke + Mirrors Live (Live At The Air Canada Centre),https://i.scdn.co/image/ab67616d00001e02d67b60169839bc05aa3aa1b2
0.0676,0.4901,Imagine Dragons,Forever Young / Smoke And Mirrors - Live,Smoke + Mirrors Live (Live At The Air Canada Centre),https://i.scdn.co/image/ab67616d00001e02d67b60169839bc05aa3aa1b2
0.3,0.7099,Imagine Dragons,Friction - Live,Smoke + Mirrors Live (Live At The Air Canada Centre),https://i.scdn.co/image/ab67616d00001e02d67b60169839bc05aa3aa1b2
0.377,0.707,Imagine Dragons,Gold - Live,Smoke + Mirrors Live (Live At The Air Canada Centre),https://i.scdn.co/image/ab67616d00001e02d67b60169839bc05aa3aa1b2
0.529,0.6581,Imagine Dragons,Hopeless Opus - Live,Smoke + Mirrors Live (Live At The Air Canada Centre),https://i.scdn.co/image/ab67616d00001e02d67b60169839bc05aa3aa1b2
0.404,0.7261,Imagine Dragons,I Bet My Life - Live,Smoke + Mirrors Live (Live At The Air Canada Centre),https://i.scdn.co/image/ab67616d00001e02d67b60169839bc05aa3aa1b2
0.364,0.7411,Imagine Dragons,I'm So Sorry - Live,Smoke + Mirrors Live (Live At The Air Canada Centre),https://i.scdn.co/image/ab67616d00001e02d67b60169839bc05aa3aa1b2
0.0327,0.25,Imagine Dragons,Intro - Live,Smoke + Mirrors Live (Live At The Air Canada Centre),https://i.scdn.co/image/ab67616d00001e02d67b60169839bc05aa3aa1b2
0.389,0.9069,Imagine Dragons,It's Time - Live,Smoke + Mirrors Live (Live At The Air Canada Centre),https://i.scdn.co/image/ab67616d00001e02d67b60169839bc05aa3aa1b2
0.314,0.826,Imagine Dragons,On Top Of The World - Live,Smoke + Mirrors Live (Live At The Air Canada Centre),https://i.scdn.co/image/ab67616d00001e02d67b60169839bc05aa3aa1b2
0.381,0.5819,Imagine Dragons,Polaroid - Live,Smoke + Mirrors Live (Live At The Air Canada Centre),https://i.scdn.co/image/ab67616d00001e02d67b60169839bc05aa3aa1b2
0.0986,0.775,Imagine Dragons,Radioactive - Live,Smoke + Mirrors Live (Live At The Air Canada Centre),https://i.scdn.co/image/ab67616d00001e02d67b60169839bc05aa3aa1b2
0.196,0.0963,Imagine Dragons,Release - Live,Smoke + Mirrors Live (Live At The Air Canada Centre),https://i.scdn.co/image/ab67616d00001e02d67b60169839bc05aa3aa1b2
0.515,0.9229,Imagine Dragons,Shots - Live,Smoke + Mirrors Live (Live At The Air Canada Centre),https://i.scdn.co/image/ab67616d00001e02d67b60169839bc05aa3aa1b2
0.18,0.6071,Imagine Dragons,The Fall - Live,Smoke + Mirrors Live (Live At The Air Canada Centre),https://i.scdn.co/image/ab67616d00001e02d67b60169839bc05aa3aa1b2
0.17,0.218,Imagine Dragons,Thief - Live,Smoke + Mirrors Live (Live At The Air Canada Centre),https://i.scdn.co/image/ab67616d00001e02d67b60169839bc05aa3aa1b2
0.179,0.805,Imagine Dragons,Trouble - Live,Smoke + Mirrors Live (Live At The Air Canada Centre),https://i.scdn.co/image/ab67616d00001e02d67b60169839bc05aa3aa1b2
0.225,0.4049,Michael Kiwanuka,Always Waiting,Home Again,https://i.scdn.co/image/ab67616d00001e02bc88c4f69ea4fae2a8e9ae16
0.4,0.3791,Michael Kiwanuka,Any Day Will Do Fine,Home Again,https://i.scdn.co/image/ab67616d00001e02bc88c4f69ea4fae2a8e9ae16
0.492,0.4761,Michael Kiwanuka,Bones,Home Again,https://i.scdn.co/image/ab67616d00001e02bc88c4f69ea4fae2a8e9ae16
0.266,0.3199,Michael Kiwanuka,Home Again,Home Again,https://i.scdn.co/image/ab67616d00001e02bc88c4f69ea4fae2a8e9ae16
0.389,0.2241,Michael Kiwanuka,I Won't Lie,Home Again,https://i.scdn.co/image/ab67616d00001e02bc88c4f69ea4fae2a8e9ae16
0.673,0.54,Michael Kiwanuka,I'll Get Along,Home Again,https://i.scdn.co/image/ab67616d00001e02bc88c4f69ea4fae2a8e9ae16
0.844,0.344,Michael Kiwanuka,I'm Getting Ready,Home Again,https://i.scdn.co/image/ab67616d00001e02bc88c4f69ea4fae2a8e9ae16
0.338,0.2149,Michael Kiwanuka,Rest,Home Again,https://i.scdn.co/image/ab67616d00001e02bc88c4f69ea4fae2a8e9ae16
0.686,0.5831,Michael Kiwanuka,Tell Me A Tale,Home Again,https://i.scdn.co/image/ab67616d00001e02bc88c4f69ea4fae2a8e9ae16
0.325,0.2769,Michael Kiwanuka,Worry Walks Beside Me,Home Again,https://i.scdn.co/image/ab67616d00001e02bc88c4f69ea4fae2a8e9ae16
0.225,0.4049,Michael Kiwanuka,Always Waiting,Home Again (Deluxe Version),https://i.scdn.co/image/ab67616d00001e02cf3cd9588ec89ab911b70780
0.4,0.379,Michael Kiwanuka,Any Day Will Do Fine,Home Again (Deluxe Version),https://i.scdn.co/image/ab67616d00001e02cf3cd9588ec89ab911b70780
0.492,0.4759,Michael Kiwanuka,Bones,Home Again (Deluxe Version),https://i.scdn.co/image/ab67616d00001e02cf3cd9588ec89ab911b70780
0.266,0.3199,Michael Kiwanuka,Home Again,Home Again (Deluxe Version),https://i.scdn.co/image/ab67616d00001e02cf3cd9588ec89ab911b70780
0.389,0.2239,Michael Kiwanuka,I Won't Lie,Home Again (Deluxe Version),https://i.scdn.co/image/ab67616d00001e02cf3cd9588ec89ab911b70780
0.284,0.1671,Michael Kiwanuka,I Won't Lie - Ethan Johns Session,Home Again (Deluxe Version),https://i.scdn.co/image/ab67616d00001e02cf3cd9588ec89ab911b70780
0.673,0.5401,Michael Kiwanuka,I'll Get Along,Home Again (Deluxe Version),https://i.scdn.co/image/ab67616d00001e02cf3cd9588ec89ab911b70780
0.635,0.5179,Michael Kiwanuka,I'll Get Along - Ethan Johns Session,Home Again (Deluxe Version),https://i.scdn.co/image/ab67616d00001e02cf3cd9588ec89ab911b70780
0.844,0.3439,Michael Kiwanuka,I'm Getting Ready,Home Again (Deluxe Version),https://i.scdn.co/image/ab67616d00001e02cf3cd9588ec89ab911b70780
0.712,0.4279,Michael Kiwanuka,Now I'm Seeing,Home Again (Deluxe Version),https://i.scdn.co/image/ab67616d00001e02cf3cd9588ec89ab911b70780
0.461,0.1761,Michael Kiwanuka,Ode To You,Home Again (Deluxe Version),https://i.scdn.co/image/ab67616d00001e02cf3cd9588ec89ab911b70780
0.338,0.2149,Michael Kiwanuka,Rest,Home Again (Deluxe Version),https://i.scdn.co/image/ab67616d00001e02cf3cd9588ec89ab911b70780
0.686,0.583,Michael Kiwanuka,Tell Me A Tale,Home Again (Deluxe Version),https://i.scdn.co/image/ab67616d00001e02cf3cd9588ec89ab911b70780
0.661,0.248,Michael Kiwanuka,They Say I'm Doing Just Fine,Home Again (Deluxe Version),https://i.scdn.co/image/ab67616d00001e02cf3cd9588ec89ab911b70780
0.325,0.277,Michael Kiwanuka,Worry Walks Beside Me,Home Again (Deluxe Version),https://i.scdn.co/image/ab67616d00001e02cf3cd9588ec89ab911b70780
0.0386,0.228,Michael Kiwanuka,Another Human Being,KIWANUKA,https://i.scdn.co/image/ab67616d00001e0260ada139840fb439d6750f27
0.419,0.7761,Michael Kiwanuka,Final Days,KIWANUKA,https://i.scdn.co/image/ab67616d00001e0260ada139840fb439d6750f27
0.276,0.5619,Michael Kiwanuka,Hard To Say Goodbye,KIWANUKA,https://i.scdn.co/image/ab67616d00001e0260ada139840fb439d6750f27
0.533,0.9419,Michael Kiwanuka,Hero,KIWANUKA,https://i.scdn.co/image/ab67616d00001e0260ada139840fb439d6750f27
0.69,0.092,Michael Kiwanuka,Hero - Intro,KIWANUKA,https://i.scdn.co/image/ab67616d00001e0260ada139840fb439d6750f27
0.379,0.657,Michael Kiwanuka,I've Been Dazed,KIWANUKA,https://i.scdn.co/image/ab67616d00001e0260ada139840fb439d6750f27
0.103,0.4111,Michael Kiwanuka,Interlude (Loving The People),KIWANUKA,https://i.scdn.co/image/ab67616d00001e0260ada139840fb439d6750f27
0.348,0.6349,Michael Kiwanuka,Light,KIWANUKA,https://i.scdn.co/image/ab67616d00001e0260ada139840fb439d6750f27
0.705,0.649,Michael Kiwanuka,Living In Denial,KIWANUKA,https://i.scdn.co/image/ab67616d00001e0260ada139840fb439d6750f27
0.271,0.3851,Michael Kiwanuka,Piano Joint (This Kind Of Love),KIWANUKA,https://i.scdn.co/image/ab67616d00001e0260ada139840fb439d6750f27
0.0796,0.3899,Michael Kiwanuka,Piano Joint (This Kind Of Love) - Intro,KIWANUKA,https://i.scdn.co/image/ab67616d00001e0260ada139840fb439d6750f27
0.593,0.777,Michael Kiwanuka,Rolling,KIWANUKA,https://i.scdn.co/image/ab67616d00001e0260ada139840fb439d6750f27
0.069,0.1759,Michael Kiwanuka,Solid Ground,KIWANUKA,https://i.scdn.co/image/ab67616d00001e0260ada139840fb439d6750f27
0.655,0.7741,Michael Kiwanuka,You Ain't The Problem,KIWANUKA,https://i.scdn.co/image/ab67616d00001e0260ada139840fb439d6750f27
0.717,0.8489,Michael Kiwanuka,Black Man In A White World,Love & Hate,NA
0.153,0.4039,Michael Kiwanuka,Cold Little Heart,Love & Hate,NA
0.287,0.4851,Michael Kiwanuka,Falling,Love & Hate,NA
0.421,0.46,Michael Kiwanuka,Father's Child,Love & Hate,NA
0.395,0.37,Michael Kiwanuka,I'll Never Love,Love & Hate,NA
0.527,0.4941,Michael Kiwanuka,Love & Hate,Love & Hate,NA
0.944,0.7639,Michael Kiwanuka,One More Night,Love & Hate,NA
0.44,0.5841,Michael Kiwanuka,Place I Belong,Love & Hate,NA
0.263,0.4689,Michael Kiwanuka,Rule The World,Love & Hate,NA
0.153,0.3249,Michael Kiwanuka,The Final Frame,Love & Hate,NA
0.368,0.8451,Michael Kiwanuka,Black Man In A White World - Live,Out Loud! (RSD 2018 / Live),https://i.scdn.co/image/ab67616d00001e025977b2f5c8cd79f4e9e9d0ee
0.0589,0.4091,Michael Kiwanuka,Cold Little Heart - Live,Out Loud! (RSD 2018 / Live),https://i.scdn.co/image/ab67616d00001e025977b2f5c8cd79f4e9e9d0ee
0.127,0.273,Michael Kiwanuka,Father's Child - Live,Out Loud! (RSD 2018 / Live),https://i.scdn.co/image/ab67616d00001e025977b2f5c8cd79f4e9e9d0ee
0.55,0.668,Michael Kiwanuka,Love And Hate - Live,Out Loud! (RSD 2018 / Live),https://i.scdn.co/image/ab67616d00001e025977b2f5c8cd79f4e9e9d0ee
0.711,0.719,Michael Kiwanuka,One More Night - Live,Out Loud! (RSD 2018 / Live),https://i.scdn.co/image/ab67616d00001e025977b2f5c8cd79f4e9e9d0ee
0.346,0.634,Michael Kiwanuka,Tell Me A Tale - Live,Out Loud! (RSD 2018 / Live),https://i.scdn.co/image/ab67616d00001e025977b2f5c8cd79f4e9e9d0ee
0.783,0.6109,Michael Kiwanuka,Floating Parade,Small Changes,https://i.scdn.co/image/ab67616d00001e024929902a03448550f41caad5
0.845,0.659,Michael Kiwanuka,Follow Your Dreams,Small Changes,https://i.scdn.co/image/ab67616d00001e024929902a03448550f41caad5
0.181,0.3079,Michael Kiwanuka,Four Long Years,Small Changes,https://i.scdn.co/image/ab67616d00001e024929902a03448550f41caad5
0.411,0.6951,Michael Kiwanuka,Live For Your Love,Small Changes,https://i.scdn.co/image/ab67616d00001e024929902a03448550f41caad5
0.375,0.6911,Michael Kiwanuka,Lowdown (part i),Small Changes,https://i.scdn.co/image/ab67616d00001e024929902a03448550f41caad5
0.103,0.6121,Michael Kiwanuka,Lowdown (part ii),Small Changes,https://i.scdn.co/image/ab67616d00001e024929902a03448550f41caad5
0.29,0.413,Michael Kiwanuka,One And Only,Small Changes,https://i.scdn.co/image/ab67616d00001e024929902a03448550f41caad5
0.58,0.6389,Michael Kiwanuka,Rebel Soul,Small Changes,https://i.scdn.co/image/ab67616d00001e024929902a03448550f41caad5
0.337,0.2569,Michael Kiwanuka,Small Changes,Small Changes,https://i.scdn.co/image/ab67616d00001e024929902a03448550f41caad5
0.723,0.6279,Michael Kiwanuka,Stay By My Side,Small Changes,https://i.scdn.co/image/ab67616d00001e024929902a03448550f41caad5
0.385,0.418,Michael Kiwanuka,The Rest Of Me,Small Changes,https://i.scdn.co/image/ab67616d00001e024929902a03448550f41caad5
0.457,0.8259,Michael Kiwanuka,Black Man In A White World - Live From Spotify London,Spotify Sessions,https://i.scdn.co/image/ab67616d00001e0297c2079f55ba81f47c56677a
0.372,0.391,Michael Kiwanuka,I Love You - Live From Spotify London,Spotify Sessions,https://i.scdn.co/image/ab67616d00001e0297c2079f55ba81f47c56677a
0.579,0.5069,Michael Kiwanuka,Love & Hate - Live From Spotify London,Spotify Sessions,https://i.scdn.co/image/ab67616d00001e0297c2079f55ba81f47c56677a
0.745,0.6709,Michael Kiwanuka,One More Night - Live From Spotify London,Spotify Sessions,https://i.scdn.co/image/ab67616d00001e0297c2079f55ba81f47c56677a
0.159,0.3161,Michael Kiwanuka,The Final Frame - Live From Spotify London,Spotify Sessions,https://i.scdn.co/image/ab67616d00001e0297c2079f55ba81f47c56677a
0.48,0.6619,Milky Chance,Alive,Blossom (Deluxe),https://i.scdn.co/image/ab67616d00001e02b0f6418a15ef8a73e18027e4
0.686,0.264,Milky Chance,Alive - Acoustic Version,Blossom (Deluxe),https://i.scdn.co/image/ab67616d00001e02b0f6418a15ef8a73e18027e4
0.534,0.5001,Milky Chance,Bad Things,Blossom (Deluxe),https://i.scdn.co/image/ab67616d00001e02b0f6418a15ef8a73e18027e4
0.851,0.676,Milky Chance,Blossom,Blossom (Deluxe),https://i.scdn.co/image/ab67616d00001e02b0f6418a15ef8a73e18027e4
0.794,0.7411,Milky Chance,Clouds,Blossom (Deluxe),https://i.scdn.co/image/ab67616d00001e02b0f6418a15ef8a73e18027e4
0.804,0.6589,Milky Chance,Cocoon,Blossom (Deluxe),https://i.scdn.co/image/ab67616d00001e02b0f6418a15ef8a73e18027e4
0.413,0.1849,Milky Chance,Cocoon - Acoustic Version,Blossom (Deluxe),https://i.scdn.co/image/ab67616d00001e02b0f6418a15ef8a73e18027e4
0.572,0.6,Milky Chance,Cold Blue Rain,Blossom (Deluxe),https://i.scdn.co/image/ab67616d00001e02b0f6418a15ef8a73e18027e4
0.501,0.206,Milky Chance,Cold Blue Rain - Acoustic Version,Blossom (Deluxe),https://i.scdn.co/image/ab67616d00001e02b0f6418a15ef8a73e18027e4
0.729,0.7299,Milky Chance,Doing Good,Blossom (Deluxe),https://i.scdn.co/image/ab67616d00001e02b0f6418a15ef8a73e18027e4
0.726,0.7869,Milky Chance,Ego,Blossom (Deluxe),https://i.scdn.co/image/ab67616d00001e02b0f6418a15ef8a73e18027e4
0.39,0.1459,Milky Chance,Ego - Acoustic Version,Blossom (Deluxe),https://i.scdn.co/image/ab67616d00001e02b0f6418a15ef8a73e18027e4
0.378,0.6509,Milky Chance,Firebird,Blossom (Deluxe),https://i.scdn.co/image/ab67616d00001e02b0f6418a15ef8a73e18027e4
0.545,0.137,Milky Chance,Firebird - Acoustic Version,Blossom (Deluxe),https://i.scdn.co/image/ab67616d00001e02b0f6418a15ef8a73e18027e4
0.0805,0.653,Milky Chance,Heartless,Blossom (Deluxe),https://i.scdn.co/image/ab67616d00001e02b0f6418a15ef8a73e18027e4
0.631,0.5101,Milky Chance,Losing You,Blossom (Deluxe),https://i.scdn.co/image/ab67616d00001e02b0f6418a15ef8a73e18027e4
0.687,0.6341,Milky Chance,Peripeteia,Blossom (Deluxe),https://i.scdn.co/image/ab67616d00001e02b0f6418a15ef8a73e18027e4
0.348,0.154,Milky Chance,Peripeteia - Acoustic Version,Blossom (Deluxe),https://i.scdn.co/image/ab67616d00001e02b0f6418a15ef8a73e18027e4
0.541,0.233,Milky Chance,Piano Song,Blossom (Deluxe),https://i.scdn.co/image/ab67616d00001e02b0f6418a15ef8a73e18027e4
0.329,0.1549,Milky Chance,Stay,Blossom (Deluxe),https://i.scdn.co/image/ab67616d00001e02b0f6418a15ef8a73e18027e4
0.835,0.694,Milky Chance,Blossom,Gems In Paradise,https://i.scdn.co/image/ab67616d00001e02091937ab50b15cc016af3ebd
0.807,0.6719,Milky Chance,Cocoon,Gems In Paradise,https://i.scdn.co/image/ab67616d00001e02091937ab50b15cc016af3ebd
0.798,0.7439,Milky Chance,Colorado,Gems In Paradise,https://i.scdn.co/image/ab67616d00001e02091937ab50b15cc016af3ebd
0.661,0.7711,Milky Chance,Daydreaming,Gems In Paradise,https://i.scdn.co/image/ab67616d00001e02091937ab50b15cc016af3ebd
0.729,0.6741,Milky Chance,Don't Let Me Down,Gems In Paradise,https://i.scdn.co/image/ab67616d00001e02091937ab50b15cc016af3ebd
0.453,0.6951,Milky Chance,Down By The River,Gems In Paradise,https://i.scdn.co/image/ab67616d00001e02091937ab50b15cc016af3ebd
0.521,0.4289,Milky Chance,Feeling For You,Gems In Paradise,https://i.scdn.co/image/ab67616d00001e02091937ab50b15cc016af3ebd
0.904,0.8399,Milky Chance,Flashed Junk Mind,Gems In Paradise,https://i.scdn.co/image/ab67616d00001e02091937ab50b15cc016af3ebd
0.427,0.718,Milky Chance,Living In A Haze,Gems In Paradise,https://i.scdn.co/image/ab67616d00001e02091937ab50b15cc016af3ebd
0.819,0.8061,Milky Chance,Purple Tiger,Gems In Paradise,https://i.scdn.co/image/ab67616d00001e02091937ab50b15cc016af3ebd
0.756,0.6399,Milky Chance,Scarlet Paintings,Gems In Paradise,https://i.scdn.co/image/ab67616d00001e02091937ab50b15cc016af3ebd
0.728,0.581,Milky Chance,Stolen Dance,Gems In Paradise,https://i.scdn.co/image/ab67616d00001e02091937ab50b15cc016af3ebd
0.652,0.8201,Milky Chance,Synchronize,Gems In Paradise,https://i.scdn.co/image/ab67616d00001e02091937ab50b15cc016af3ebd
0.401,0.346,Milky Chance,Tainted Love,Gems In Paradise,https://i.scdn.co/image/ab67616d00001e02091937ab50b15cc016af3ebd
0.887,0.6519,Milky Chance,Troubled Man,Gems In Paradise,https://i.scdn.co/image/ab67616d00001e02091937ab50b15cc016af3ebd
0.548,0.503,Milky Chance,Unknown Song,Gems In Paradise,https://i.scdn.co/image/ab67616d00001e02091937ab50b15cc016af3ebd
0.523,0.6621,Milky Chance,Better Off,Living In A Haze,https://i.scdn.co/image/ab67616d00001e0284e9e803499a83ff405f8034
0.798,0.744,Milky Chance,Colorado,Living In A Haze,https://i.scdn.co/image/ab67616d00001e0284e9e803499a83ff405f8034
0.86,0.6791,Milky Chance,Favorite Song,Living In A Haze,https://i.scdn.co/image/ab67616d00001e0284e9e803499a83ff405f8034
0.521,0.4289,Milky Chance,Feeling For You,Living In A Haze,https://i.scdn.co/image/ab67616d00001e0284e9e803499a83ff405f8034
0.613,0.7741,Milky Chance,Flicker In The Dark,Living In A Haze,https://i.scdn.co/image/ab67616d00001e0284e9e803499a83ff405f8034
0.0768,0.2331,Milky Chance,Frequency Of Love,Living In A Haze,https://i.scdn.co/image/ab67616d00001e0284e9e803499a83ff405f8034
0.759,0.6511,Milky Chance,Golden,Living In A Haze,https://i.scdn.co/image/ab67616d00001e0284e9e803499a83ff405f8034
0.311,0.538,Milky Chance,History Of Yesterday,Living In A Haze,https://i.scdn.co/image/ab67616d00001e0284e9e803499a83ff405f8034
0.579,0.5789,Milky Chance,Like A Clown,Living In A Haze,https://i.scdn.co/image/ab67616d00001e0284e9e803499a83ff405f8034
0.427,0.7179,Milky Chance,Living In A Haze,Living In A Haze,https://i.scdn.co/image/ab67616d00001e0284e9e803499a83ff405f8034
0.819,0.8061,Milky Chance,Purple Tiger,Living In A Haze,https://i.scdn.co/image/ab67616d00001e0284e9e803499a83ff405f8034
0.652,0.8211,Milky Chance,Synchronize,Living In A Haze,https://i.scdn.co/image/ab67616d00001e0284e9e803499a83ff405f8034
0.662,0.771,Milky Chance,Daydreaming,Mind The Moon,https://i.scdn.co/image/ab67616d00001e02b42465692b687e4ee4efecb5
0.273,0.3309,Milky Chance,Eden's House,Mind The Moon,https://i.scdn.co/image/ab67616d00001e02b42465692b687e4ee4efecb5
0.587,0.54,Milky Chance,Fado,Mind The Moon,https://i.scdn.co/image/ab67616d00001e02b42465692b687e4ee4efecb5
0.367,0.724,Milky Chance,Fallen,Mind The Moon,https://i.scdn.co/image/ab67616d00001e02b42465692b687e4ee4efecb5
0.896,0.6461,Milky Chance,Long Run,Mind The Moon,https://i.scdn.co/image/ab67616d00001e02b42465692b687e4ee4efecb5
0.868,0.637,Milky Chance,Oh Mama,Mind The Moon,https://i.scdn.co/image/ab67616d00001e02b42465692b687e4ee4efecb5
0.691,0.6761,Milky Chance,Right From Here,Mind The Moon,https://i.scdn.co/image/ab67616d00001e02b42465692b687e4ee4efecb5
0.823,0.6419,Milky Chance,Rush,Mind The Moon,https://i.scdn.co/image/ab67616d00001e02b42465692b687e4ee4efecb5
0.756,0.6401,Milky Chance,Scarlet Paintings,Mind The Moon,https://i.scdn.co/image/ab67616d00001e02b42465692b687e4ee4efecb5
0.947,0.768,Milky Chance,The Game,Mind The Moon,https://i.scdn.co/image/ab67616d00001e02b42465692b687e4ee4efecb5
0.707,0.5471,Milky Chance,We Didn't Make It To The Moon,Mind The Moon,https://i.scdn.co/image/ab67616d00001e02b42465692b687e4ee4efecb5
0.184,0.6529,Milky Chance,Window,Mind The Moon,https://i.scdn.co/image/ab67616d00001e02b42465692b687e4ee4efecb5
0.813,0.5599,Milky Chance,Becoming,Sadnecessary,https://i.scdn.co/image/ab67616d00001e022001bc1b4dd82d06631fcb9e
0.453,0.695,Milky Chance,Down By The River,Sadnecessary,https://i.scdn.co/image/ab67616d00001e022001bc1b4dd82d06631fcb9e
0.938,0.8059,Milky Chance,Fairytale,Sadnecessary,https://i.scdn.co/image/ab67616d00001e022001bc1b4dd82d06631fcb9e
0.325,0.5669,Milky Chance,Feathery - Bonus Track,Sadnecessary,https://i.scdn.co/image/ab67616d00001e022001bc1b4dd82d06631fcb9e
0.549,0.631,Milky Chance,Feathery - Slow Version,Sadnecessary,https://i.scdn.co/image/ab67616d00001e022001bc1b4dd82d06631fcb9e
0.904,0.84,Milky Chance,Flashed Junk Mind,Sadnecessary,https://i.scdn.co/image/ab67616d00001e022001bc1b4dd82d06631fcb9e
0.27,0.342,Milky Chance,Indigo,Sadnecessary,https://i.scdn.co/image/ab67616d00001e022001bc1b4dd82d06631fcb9e
0.346,0.452,Milky Chance,Loveland,Sadnecessary,https://i.scdn.co/image/ab67616d00001e022001bc1b4dd82d06631fcb9e
0.356,0.599,Milky Chance,Loveland - Bonus Track,Sadnecessary,https://i.scdn.co/image/ab67616d00001e022001bc1b4dd82d06631fcb9e
0.201,0.5201,Milky Chance,Running,Sadnecessary,https://i.scdn.co/image/ab67616d00001e022001bc1b4dd82d06631fcb9e
0.467,0.542,Milky Chance,Sadnecessary,Sadnecessary,https://i.scdn.co/image/ab67616d00001e022001bc1b4dd82d06631fcb9e
0.728,0.5809,Milky Chance,Stolen Dance,Sadnecessary,https://i.scdn.co/image/ab67616d00001e022001bc1b4dd82d06631fcb9e
0.894,0.811,Milky Chance,Stunner,Sadnecessary,https://i.scdn.co/image/ab67616d00001e022001bc1b4dd82d06631fcb9e
0.926,0.9191,Milky Chance,Sweet Sun,Sadnecessary,https://i.scdn.co/image/ab67616d00001e022001bc1b4dd82d06631fcb9e
0.453,0.3599,Milky Chance,Becoming - Acoustic Version,Sadnecessary (Acoustic Version),https://i.scdn.co/image/ab67616d00001e0222495d0376b52b9a90f694b6
0.167,0.2189,Milky Chance,Down By The River - Acoustic Version,Sadnecessary (Acoustic Version),https://i.scdn.co/image/ab67616d00001e0222495d0376b52b9a90f694b6
0.305,0.2539,Milky Chance,Fairytale - Acoustic Version,Sadnecessary (Acoustic Version),https://i.scdn.co/image/ab67616d00001e0222495d0376b52b9a90f694b6
0.19,0.3261,Milky Chance,Feathery - Acoustic Version,Sadnecessary (Acoustic Version),https://i.scdn.co/image/ab67616d00001e0222495d0376b52b9a90f694b6
0.41,0.371,Milky Chance,Flashed Junk Mind - Acoustic Version,Sadnecessary (Acoustic Version),https://i.scdn.co/image/ab67616d00001e0222495d0376b52b9a90f694b6
0.315,0.254,Milky Chance,Loveland - Acoustic Version,Sadnecessary (Acoustic Version),https://i.scdn.co/image/ab67616d00001e0222495d0376b52b9a90f694b6
0.371,0.133,Milky Chance,Running - Acoustic Version,Sadnecessary (Acoustic Version),https://i.scdn.co/image/ab67616d00001e0222495d0376b52b9a90f694b6
0.59,0.415,Milky Chance,Sadnecessary - Acoustic Version,Sadnecessary (Acoustic Version),https://i.scdn.co/image/ab67616d00001e0222495d0376b52b9a90f694b6
0.397,0.298,Milky Chance,Stolen Dance - Acoustic Version,Sadnecessary (Acoustic Version),https://i.scdn.co/image/ab67616d00001e0222495d0376b52b9a90f694b6
0.508,0.4289,Milky Chance,Stunner - Acoustic Version,Sadnecessary (Acoustic Version),https://i.scdn.co/image/ab67616d00001e0222495d0376b52b9a90f694b6
0.627,0.3059,Milky Chance,Sweet Sun - Acoustic Version,Sadnecessary (Acoustic Version),https://i.scdn.co/image/ab67616d00001e0222495d0376b52b9a90f694b6
0.835,0.6309,Milky Chance,Addicted_Demo,Trip Tape,https://i.scdn.co/image/ab67616d00001e02cb3aad7083b27bd6c77d9ade
0.741,0.8739,Milky Chance,Butterfly_Demo,Trip Tape,https://i.scdn.co/image/ab67616d00001e02cb3aad7083b27bd6c77d9ade
0.684,0.675,Milky Chance,Cold Summer Breeze,Trip Tape,https://i.scdn.co/image/ab67616d00001e02cb3aad7083b27bd6c77d9ade
0.798,0.7441,Milky Chance,Colorado,Trip Tape,https://i.scdn.co/image/ab67616d00001e02cb3aad7083b27bd6c77d9ade
0.0584,0.6211,Milky Chance,Colorado - Icarus Remix,Trip Tape,https://i.scdn.co/image/ab67616d00001e02cb3aad7083b27bd6c77d9ade
0.694,0.503,Milky Chance,La Noche De Anoche,Trip Tape,https://i.scdn.co/image/ab67616d00001e02cb3aad7083b27bd6c77d9ade
0.881,0.6051,Milky Chance,Lately_Demo,Trip Tape,https://i.scdn.co/image/ab67616d00001e02cb3aad7083b27bd6c77d9ade
0.292,0.286,Milky Chance,Levitating - Acoustic,Trip Tape,https://i.scdn.co/image/ab67616d00001e02cb3aad7083b27bd6c77d9ade
0.784,0.566,Milky Chance,Lights Out_Demo,Trip Tape,https://i.scdn.co/image/ab67616d00001e02cb3aad7083b27bd6c77d9ade
0.468,0.52,Milky Chance,Love Again,Trip Tape,https://i.scdn.co/image/ab67616d00001e02cb3aad7083b27bd6c77d9ade
0.691,0.5231,Milky Chance,Save Your Tears (Acoustic),Trip Tape,https://i.scdn.co/image/ab67616d00001e02cb3aad7083b27bd6c77d9ade
0.408,0.335,Milky Chance,Tainted Love,Trip Tape,https://i.scdn.co/image/ab67616d00001e02cb3aad7083b27bd6c77d9ade
0.648,0.7661,Milky Chance,As It Was,Trip Tape II,https://i.scdn.co/image/ab67616d00001e029e8a543b2c7aa388a088c2ca
0.726,0.701,Milky Chance,Beautiful World,Trip Tape II,https://i.scdn.co/image/ab67616d00001e029e8a543b2c7aa388a088c2ca
0.132,0.547,Milky Chance,Do You Really Want To Hurt Me?,Trip Tape II,https://i.scdn.co/image/ab67616d00001e029e8a543b2c7aa388a088c2ca
0.212,0.433,Milky Chance,Fabulous_Demo,Trip Tape II,https://i.scdn.co/image/ab67616d00001e029e8a543b2c7aa388a088c2ca
0.537,0.2431,Milky Chance,Glass Of Wine,Trip Tape II,https://i.scdn.co/image/ab67616d00001e029e8a543b2c7aa388a088c2ca
0.666,0.8491,Milky Chance,I Am Lost_Demo,Trip Tape II,https://i.scdn.co/image/ab67616d00001e029e8a543b2c7aa388a088c2ca
0.351,0.3901,Milky Chance,It Is What It Is,Trip Tape II,https://i.scdn.co/image/ab67616d00001e029e8a543b2c7aa388a088c2ca
0.182,0.5221,Milky Chance,Lost In Yesterday,Trip Tape II,https://i.scdn.co/image/ab67616d00001e029e8a543b2c7aa388a088c2ca
0.652,0.82,Milky Chance,Synchronize,Trip Tape II,https://i.scdn.co/image/ab67616d00001e029e8a543b2c7aa388a088c2ca
0.612,0.8499,Milky Chance,Synchronize - RAC Mix,Trip Tape II,https://i.scdn.co/image/ab67616d00001e029e8a543b2c7aa388a088c2ca
0.902,0.7259,Milky Chance,Table For Two,Trip Tape II,https://i.scdn.co/image/ab67616d00001e029e8a543b2c7aa388a088c2ca
0.887,0.652,Milky Chance,Troubled Man,Trip Tape II,https://i.scdn.co/image/ab67616d00001e029e8a543b2c7aa388a088c2ca
0.349,0.8539,Oasis,Acquiesce - Live at Earls Court,(What's The Story) Morning Glory? (Deluxe Remastered Edition),NA
0.184,0.931,Oasis,Acquiesce - Remastered,(What's The Story) Morning Glory? (Deluxe Remastered Edition),NA
0.581,0.671,Oasis,Bonehead's Bank Holiday - Demo,(What's The Story) Morning Glory? (Deluxe Remastered Edition),NA
0.526,0.813,Oasis,Bonehead's Bank Holiday - Remastered,(What's The Story) Morning Glory? (Deluxe Remastered Edition),NA
0.307,0.85,Oasis,Cast No Shadow - Live at Maine Road,(What's The Story) Morning Glory? (Deluxe Remastered Edition),NA
0.613,0.8461,Oasis,Cast No Shadow - Remastered,(What's The Story) Morning Glory? (Deluxe Remastered Edition),NA
0.43,0.781,Oasis,Champagne Supernova (Brendan Lynch Mix) - Remastered,(What's The Story) Morning Glory? (Deluxe Remastered Edition),NA
0.138,0.817,Oasis,Champagne Supernova - Remastered,(What's The Story) Morning Glory? (Deluxe Remastered Edition),NA
0.539,0.8909,Oasis,Cum On Feel The Noize - Remastered,(What's The Story) Morning Glory? (Deluxe Remastered Edition),NA
0.31,0.9361,Oasis,Don't Look Back In Anger - Remastered,(What's The Story) Morning Glory? (Deluxe Remastered Edition),NA
0.246,0.839,Oasis,Headshrinker - Remastered,(What's The Story) Morning Glory? (Deluxe Remastered Edition),NA
0.13,0.9009,Oasis,Hello - Live at Roskilde,(What's The Story) Morning Glory? (Deluxe Remastered Edition),NA
0.059,0.9539,Oasis,Hello - Remastered,(What's The Story) Morning Glory? (Deluxe Remastered Edition),NA
0.375,0.6049,Oasis,Hey Now - Demo,(What's The Story) Morning Glory? (Deluxe Remastered Edition),NA
0.202,0.935,Oasis,Hey Now! - Remastered,(What's The Story) Morning Glory? (Deluxe Remastered Edition),NA
0.872,0.797,Oasis,It's Better People - Remastered,(What's The Story) Morning Glory? (Deluxe Remastered Edition),NA
0.215,0.832,Oasis,Morning Glory - Live at Roskilde,(What's The Story) Morning Glory? (Deluxe Remastered Edition),NA
0.104,0.982,Oasis,Morning Glory - Remastered,(What's The Story) Morning Glory? (Deluxe Remastered Edition),NA
0.182,0.414,Oasis,Rockin' Chair - Demo,(What's The Story) Morning Glory? (Deluxe Remastered Edition),NA
0.315,0.896,Oasis,Rockin' Chair - Remastered,(What's The Story) Morning Glory? (Deluxe Remastered Edition),NA
0.341,0.7771,Oasis,Roll With It - Live at Roskilde,(What's The Story) Morning Glory? (Deluxe Remastered Edition),NA
0.139,0.9849,Oasis,Roll With It - Remastered,(What's The Story) Morning Glory? (Deluxe Remastered Edition),NA
0.38,0.8829,Oasis,Round Are Way - MTV Unplugged,(What's The Story) Morning Glory? (Deluxe Remastered Edition),NA
0.381,0.9089,Oasis,Round Are Way - Remastered,(What's The Story) Morning Glory? (Deluxe Remastered Edition),NA
0.212,0.5519,Oasis,She's Electric - Demo,(What's The Story) Morning Glory? (Deluxe Remastered Edition),NA
0.486,0.9049,Oasis,She's Electric - Remastered,(What's The Story) Morning Glory? (Deluxe Remastered Edition),NA
0.594,0.694,Oasis,Some Might Say - Demo,(What's The Story) Morning Glory? (Deluxe Remastered Edition),NA
0.336,0.743,Oasis,Some Might Say - Live at Roskilde,(What's The Story) Morning Glory? (Deluxe Remastered Edition),NA
0.0734,0.927,Oasis,Some Might Say - Remastered,(What's The Story) Morning Glory? (Deluxe Remastered Edition),NA
0.169,0.9831,Oasis,Step Out - Remastered,(What's The Story) Morning Glory? (Deluxe Remastered Edition),NA
0.463,0.6079,Oasis,Talk Tonight - Live at Bath Pavillion,(What's The Story) Morning Glory? (Deluxe Remastered Edition),NA
0.299,0.423,Oasis,Talk Tonight - Remastered,(What's The Story) Morning Glory? (Deluxe Remastered Edition),NA
0.314,0.7129,Oasis,The Masterplan - Live at Knebworth Park,(What's The Story) Morning Glory? (Deluxe Remastered Edition),NA
0.156,0.596,Oasis,The Masterplan - Remastered,(What's The Story) Morning Glory? (Deluxe Remastered Edition),NA
0.166,0.702,Oasis,The Swamp Song (Excerpt 1) - Remastered,(What's The Story) Morning Glory? (Deluxe Remastered Edition),NA
0.0192,0.9889,Oasis,The Swamp Song (Excerpt 2) - Remastered,(What's The Story) Morning Glory? (Deluxe Remastered Edition),NA
0.189,0.933,Oasis,The Swamp Song - Remastered,(What's The Story) Morning Glory? (Deluxe Remastered Edition),NA
0.72,0.951,Oasis,Underneath The Sky - Remastered,(What's The Story) Morning Glory? (Deluxe Remastered Edition),NA
0.434,0.8931,Oasis,Wonderwall - Remastered,(What's The Story) Morning Glory? (Deluxe Remastered Edition),NA
0.726,0.609,Oasis,You've Got To Hide Your Love Away - Remastered,(What's The Story) Morning Glory? (Deluxe Remastered Edition),NA
0.403,0.858,Oasis,(I Got) The Fever - Remastered,Be Here Now (Deluxe Remastered Edition),https://i.scdn.co/image/ab67616d00001e02aeda362a434f01d0eff70b4e
0.214,0.835,Oasis,All Around The World (Reprise) - Remastered,Be Here Now (Deluxe Remastered Edition),https://i.scdn.co/image/ab67616d00001e02aeda362a434f01d0eff70b4e
0.46,0.743,Oasis,All Around The World - Mustique Demo,Be Here Now (Deluxe Remastered Edition),https://i.scdn.co/image/ab67616d00001e02aeda362a434f01d0eff70b4e
0.297,0.814,Oasis,All Around The World - Remastered,Be Here Now (Deluxe Remastered Edition),https://i.scdn.co/image/ab67616d00001e02aeda362a434f01d0eff70b4e
0.181,0.3971,Oasis,Angel Child - Mustique Demo,Be Here Now (Deluxe Remastered Edition),https://i.scdn.co/image/ab67616d00001e02aeda362a434f01d0eff70b4e
0.322,0.942,Oasis,Be Here Now - Remastered,Be Here Now (Deluxe Remastered Edition),https://i.scdn.co/image/ab67616d00001e02aeda362a434f01d0eff70b4e
0.156,0.632,Oasis,D'You Know What I Mean? - Mustique Demo,Be Here Now (Deluxe Remastered Edition),https://i.scdn.co/image/ab67616d00001e02aeda362a434f01d0eff70b4e
0.311,0.8319,Oasis,D'You Know What I Mean? - NG's 2016 Rethink,Be Here Now (Deluxe Remastered Edition),https://i.scdn.co/image/ab67616d00001e02aeda362a434f01d0eff70b4e
0.229,0.861,Oasis,D'You Know What I Mean? - Remastered,Be Here Now (Deluxe Remastered Edition),https://i.scdn.co/image/ab67616d00001e02aeda362a434f01d0eff70b4e
0.513,0.5259,Oasis,Don't Go Away - Demo,Be Here Now (Deluxe Remastered Edition),https://i.scdn.co/image/ab67616d00001e02aeda362a434f01d0eff70b4e
0.536,0.783,Oasis,Don't Go Away - Mustique Demo,Be Here Now (Deluxe Remastered Edition),https://i.scdn.co/image/ab67616d00001e02aeda362a434f01d0eff70b4e
0.18,0.8311,Oasis,Don't Go Away - Remastered,Be Here Now (Deluxe Remastered Edition),https://i.scdn.co/image/ab67616d00001e02aeda362a434f01d0eff70b4e
0.279,0.5661,Oasis,Fade In-Out - Mustique Demo,Be Here Now (Deluxe Remastered Edition),https://i.scdn.co/image/ab67616d00001e02aeda362a434f01d0eff70b4e
0.188,0.784,Oasis,Fade In-Out - Remastered,Be Here Now (Deluxe Remastered Edition),https://i.scdn.co/image/ab67616d00001e02aeda362a434f01d0eff70b4e
0.234,0.809,Oasis,Flashbax - Remastered,Be Here Now (Deluxe Remastered Edition),https://i.scdn.co/image/ab67616d00001e02aeda362a434f01d0eff70b4e
0.117,0.735,Oasis,Going Nowhere - Remastered,Be Here Now (Deluxe Remastered Edition),https://i.scdn.co/image/ab67616d00001e02aeda362a434f01d0eff70b4e
0.19,0.307,Oasis,Help! - Live in LA,Be Here Now (Deluxe Remastered Edition),https://i.scdn.co/image/ab67616d00001e02aeda362a434f01d0eff70b4e
0.564,0.922,Oasis,"I Hope, I Think, I Know - Mustique Demo",Be Here Now (Deluxe Remastered Edition),https://i.scdn.co/image/ab67616d00001e02aeda362a434f01d0eff70b4e
0.187,0.9761,Oasis,"I Hope, I Think, I Know - Remastered",Be Here Now (Deluxe Remastered Edition),https://i.scdn.co/image/ab67616d00001e02aeda362a434f01d0eff70b4e
0.271,0.2579,Oasis,If We Shadows - Demo,Be Here Now (Deluxe Remastered Edition),https://i.scdn.co/image/ab67616d00001e02aeda362a434f01d0eff70b4e
0.378,0.926,Oasis,It's Gettin' Better (Man!!) - Mustique Demo,Be Here Now (Deluxe Remastered Edition),https://i.scdn.co/image/ab67616d00001e02aeda362a434f01d0eff70b4e
0.24,0.74,Oasis,It's Gettin' Better (Man!!) - Remastered,Be Here Now (Deluxe Remastered Edition),https://i.scdn.co/image/ab67616d00001e02aeda362a434f01d0eff70b4e
0.263,0.8841,Oasis,Magic Pie - Remastered,Be Here Now (Deluxe Remastered Edition),https://i.scdn.co/image/ab67616d00001e02aeda362a434f01d0eff70b4e
0.361,0.9361,Oasis,My Big Mouth - Live at Knebworth Park,Be Here Now (Deluxe Remastered Edition),https://i.scdn.co/image/ab67616d00001e02aeda362a434f01d0eff70b4e
0.696,0.8671,Oasis,My Big Mouth - Mustique Demo,Be Here Now (Deluxe Remastered Edition),https://i.scdn.co/image/ab67616d00001e02aeda362a434f01d0eff70b4e
0.219,0.9791,Oasis,My Big Mouth - Remastered,Be Here Now (Deluxe Remastered Edition),https://i.scdn.co/image/ab67616d00001e02aeda362a434f01d0eff70b4e
0.552,0.8879,Oasis,My Sister Lover - Mustique Demo,Be Here Now (Deluxe Remastered Edition),https://i.scdn.co/image/ab67616d00001e02aeda362a434f01d0eff70b4e
0.222,0.976,Oasis,My Sister Lover - Remastered,Be Here Now (Deluxe Remastered Edition),https://i.scdn.co/image/ab67616d00001e02aeda362a434f01d0eff70b4e
0.29,0.373,Oasis,Setting Sun - Live Radio Broadcast,Be Here Now (Deluxe Remastered Edition),https://i.scdn.co/image/ab67616d00001e02aeda362a434f01d0eff70b4e
0.644,0.5429,Oasis,Stand By Me - Live at Bonehead's Outtake,Be Here Now (Deluxe Remastered Edition),https://i.scdn.co/image/ab67616d00001e02aeda362a434f01d0eff70b4e
0.454,0.801,Oasis,Stand By Me - Mustique Demo,Be Here Now (Deluxe Remastered Edition),https://i.scdn.co/image/ab67616d00001e02aeda362a434f01d0eff70b4e
0.35,0.825,Oasis,Stand By Me - Remastered,Be Here Now (Deluxe Remastered Edition),https://i.scdn.co/image/ab67616d00001e02aeda362a434f01d0eff70b4e
0.383,0.832,Oasis,Stay Young - Mustique Demo,Be Here Now (Deluxe Remastered Edition),https://i.scdn.co/image/ab67616d00001e02aeda362a434f01d0eff70b4e
0.216,0.98,Oasis,Stay Young - Remastered,Be Here Now (Deluxe Remastered Edition),https://i.scdn.co/image/ab67616d00001e02aeda362a434f01d0eff70b4e
0.666,0.919,Oasis,The Fame - Mustique Demo,Be Here Now (Deluxe Remastered Edition),https://i.scdn.co/image/ab67616d00001e02aeda362a434f01d0eff70b4e
0.464,0.9381,Oasis,The Fame - Remastered,Be Here Now (Deluxe Remastered Edition),https://i.scdn.co/image/ab67616d00001e02aeda362a434f01d0eff70b4e
0.547,0.781,Oasis,The Girl In The Dirty Shirt - Mustique Demo,Be Here Now (Deluxe Remastered Edition),https://i.scdn.co/image/ab67616d00001e02aeda362a434f01d0eff70b4e
0.354,0.9189,Oasis,The Girl In The Dirty Shirt - Remastered,Be Here Now (Deluxe Remastered Edition),https://i.scdn.co/image/ab67616d00001e02aeda362a434f01d0eff70b4e
0.102,0.272,Oasis,Trip Inside (Be Here Now) - Mustique Demo,Be Here Now (Deluxe Remastered Edition),https://i.scdn.co/image/ab67616d00001e02aeda362a434f01d0eff70b4e
0.41,0.3679,Oasis,Untitled - Demo,Be Here Now (Deluxe Remastered Edition),https://i.scdn.co/image/ab67616d00001e02aeda362a434f01d0eff70b4e
0.35,0.947,Oasis,Bring It On Down - Monnow Valley Version,Definitely Maybe (30th Anniversary Deluxe Edition),https://i.scdn.co/image/ab67616d00001e0275fb0f5ebfd169019323bd66
0.195,0.9451,Oasis,Bring It On Down - Remastered,Definitely Maybe (30th Anniversary Deluxe Edition),https://i.scdn.co/image/ab67616d00001e0275fb0f5ebfd169019323bd66
0.232,0.901,Oasis,Bring It On Down - Sawmills Outtake,Definitely Maybe (30th Anniversary Deluxe Edition),https://i.scdn.co/image/ab67616d00001e0275fb0f5ebfd169019323bd66
0.476,0.8989,Oasis,Cigarettes & Alcohol - Monnow Valley Version,Definitely Maybe (30th Anniversary Deluxe Edition),https://i.scdn.co/image/ab67616d00001e0275fb0f5ebfd169019323bd66
0.44,0.7419,Oasis,Cigarettes & Alcohol - Remastered,Definitely Maybe (30th Anniversary Deluxe Edition),https://i.scdn.co/image/ab67616d00001e0275fb0f5ebfd169019323bd66
0.416,0.856,Oasis,Cigarettes & Alcohol - Sawmills Outtake,Definitely Maybe (30th Anniversary Deluxe Edition),https://i.scdn.co/image/ab67616d00001e0275fb0f5ebfd169019323bd66
0.266,0.768,Oasis,Columbia - Monnow Valley Version,Definitely Maybe (30th Anniversary Deluxe Edition),https://i.scdn.co/image/ab67616d00001e0275fb0f5ebfd169019323bd66
0.0546,0.8241,Oasis,Columbia - Remastered,Definitely Maybe (30th Anniversary Deluxe Edition),https://i.scdn.co/image/ab67616d00001e0275fb0f5ebfd169019323bd66
0.274,0.7119,Oasis,Columbia - Sawmills Outtake,Definitely Maybe (30th Anniversary Deluxe Edition),https://i.scdn.co/image/ab67616d00001e0275fb0f5ebfd169019323bd66
0.732,0.8309,Oasis,Digsy's Dinner - Monnow Valley Version,Definitely Maybe (30th Anniversary Deluxe Edition),https://i.scdn.co/image/ab67616d00001e0275fb0f5ebfd169019323bd66
0.0513,0.9879,Oasis,Digsy's Dinner - Remastered,Definitely Maybe (30th Anniversary Deluxe Edition),https://i.scdn.co/image/ab67616d00001e0275fb0f5ebfd169019323bd66
0.352,0.928,Oasis,Digsy's Dinner - Sawmills Outtake,Definitely Maybe (30th Anniversary Deluxe Edition),https://i.scdn.co/image/ab67616d00001e0275fb0f5ebfd169019323bd66
0.173,0.7569,Oasis,Live Forever - Monnow Valley Version,Definitely Maybe (30th Anniversary Deluxe Edition),https://i.scdn.co/image/ab67616d00001e0275fb0f5ebfd169019323bd66
0.19,0.822,Oasis,Live Forever - Remastered,Definitely Maybe (30th Anniversary Deluxe Edition),https://i.scdn.co/image/ab67616d00001e0275fb0f5ebfd169019323bd66
0.305,0.4349,Oasis,Married With Children - Remastered,Definitely Maybe (30th Anniversary Deluxe Edition),https://i.scdn.co/image/ab67616d00001e0275fb0f5ebfd169019323bd66
0.385,0.978,Oasis,Rock 'n' Roll Star - Monnow Valley Version,Definitely Maybe (30th Anniversary Deluxe Edition),https://i.scdn.co/image/ab67616d00001e0275fb0f5ebfd169019323bd66
0.481,0.97,Oasis,Rock 'n' Roll Star - Remastered,Definitely Maybe (30th Anniversary Deluxe Edition),https://i.scdn.co/image/ab67616d00001e0275fb0f5ebfd169019323bd66
0.414,0.922,Oasis,Rock 'n' Roll Star - Sawmills Outtake,Definitely Maybe (30th Anniversary Deluxe Edition),https://i.scdn.co/image/ab67616d00001e0275fb0f5ebfd169019323bd66
0.073,0.4649,Oasis,"Sad Song - Mauldeth Road West Demo, Nov '92",Definitely Maybe (30th Anniversary Deluxe Edition),https://i.scdn.co/image/ab67616d00001e0275fb0f5ebfd169019323bd66
0.404,0.8999,Oasis,Shakermaker - Monnow Valley Version,Definitely Maybe (30th Anniversary Deluxe Edition),https://i.scdn.co/image/ab67616d00001e0275fb0f5ebfd169019323bd66
0.16,0.929,Oasis,Shakermaker - Remastered,Definitely Maybe (30th Anniversary Deluxe Edition),https://i.scdn.co/image/ab67616d00001e0275fb0f5ebfd169019323bd66
0.264,0.9431,Oasis,Slide Away - Remastered,Definitely Maybe (30th Anniversary Deluxe Edition),https://i.scdn.co/image/ab67616d00001e0275fb0f5ebfd169019323bd66
0.18,0.859,Oasis,Slide Away - Sawmills Outtake,Definitely Maybe (30th Anniversary Deluxe Edition),https://i.scdn.co/image/ab67616d00001e0275fb0f5ebfd169019323bd66
0.589,0.9129,Oasis,Supersonic - Remastered,Definitely Maybe (30th Anniversary Deluxe Edition),https://i.scdn.co/image/ab67616d00001e0275fb0f5ebfd169019323bd66
0.259,0.9601,Oasis,Up In The Sky - Monnow Valley Version,Definitely Maybe (30th Anniversary Deluxe Edition),https://i.scdn.co/image/ab67616d00001e0275fb0f5ebfd169019323bd66
0.341,0.908,Oasis,Up In The Sky - Remastered,Definitely Maybe (30th Anniversary Deluxe Edition),https://i.scdn.co/image/ab67616d00001e0275fb0f5ebfd169019323bd66
0.33,0.92490000000000006,Oasis,Up In The Sky - Sawmills Outtake,Definitely Maybe (30th Anniversary Deluxe Edition),https://i.scdn.co/image/ab67616d00001e0275fb0f5ebfd169019323bd66
0.303,0.902,Oasis,(It's Good) To Be Free - Remastered,Definitely Maybe (Deluxe Edition Remastered),https://i.scdn.co/image/ab67616d00001e02d86a1e021e7acc7c07c7d668
0.252,0.9051,Oasis,Alive (Demo) - Remastered,Definitely Maybe (Deluxe Edition Remastered),https://i.scdn.co/image/ab67616d00001e02d86a1e021e7acc7c07c7d668
0.195,0.945,Oasis,Bring It On Down - Remastered,Definitely Maybe (Deluxe Edition Remastered),https://i.scdn.co/image/ab67616d00001e02d86a1e021e7acc7c07c7d668
0.338,0.9301,Oasis,Cigarettes & Alcohol (Demo) - Remastered,Definitely Maybe (Deluxe Edition Remastered),https://i.scdn.co/image/ab67616d00001e02d86a1e021e7acc7c07c7d668
0.05,0.998,Oasis,Cigarettes & Alcohol - Live at Manchester Academy,Definitely Maybe (Deluxe Edition Remastered),https://i.scdn.co/image/ab67616d00001e02d86a1e021e7acc7c07c7d668
0.44,0.7421,Oasis,Cigarettes & Alcohol - Remastered,Definitely Maybe (Deluxe Edition Remastered),https://i.scdn.co/image/ab67616d00001e02d86a1e021e7acc7c07c7d668
0.602,0.9551,Oasis,Cloudburst - Demo,Definitely Maybe (Deluxe Edition Remastered),https://i.scdn.co/image/ab67616d00001e02d86a1e021e7acc7c07c7d668
0.289,0.8829,Oasis,Cloudburst - Remastered,Definitely Maybe (Deluxe Edition Remastered),https://i.scdn.co/image/ab67616d00001e02d86a1e021e7acc7c07c7d668
0.295,0.891,Oasis,Columbia (White Label Demo) - Remastered,Definitely Maybe (Deluxe Edition Remastered),https://i.scdn.co/image/ab67616d00001e02d86a1e021e7acc7c07c7d668
0.523,0.9281,Oasis,Columbia - Eden Studios Mix,Definitely Maybe (Deluxe Edition Remastered),https://i.scdn.co/image/ab67616d00001e02d86a1e021e7acc7c07c7d668
0.0546,0.8241,Oasis,Columbia - Remastered,Definitely Maybe (Deluxe Edition Remastered),https://i.scdn.co/image/ab67616d00001e02d86a1e021e7acc7c07c7d668
0.524,0.6329,Oasis,D'Yer Wanna Be A Spaceman? - Live at Manchester Academy,Definitely Maybe (Deluxe Edition Remastered),https://i.scdn.co/image/ab67616d00001e02d86a1e021e7acc7c07c7d668
0.622,0.5011,Oasis,D'Yer Wanna Be A Spaceman? - Remastered,Definitely Maybe (Deluxe Edition Remastered),https://i.scdn.co/image/ab67616d00001e02d86a1e021e7acc7c07c7d668
0.529,0.5001,Oasis,Digsy's Dinner - Live Paris In-Store,Definitely Maybe (Deluxe Edition Remastered),https://i.scdn.co/image/ab67616d00001e02d86a1e021e7acc7c07c7d668
0.0513,0.988,Oasis,Digsy's Dinner - Remastered,Definitely Maybe (Deluxe Edition Remastered),https://i.scdn.co/image/ab67616d00001e02d86a1e021e7acc7c07c7d668
0.37,0.9011,Oasis,Fade Away - Demo,Definitely Maybe (Deluxe Edition Remastered),https://i.scdn.co/image/ab67616d00001e02d86a1e021e7acc7c07c7d668
0.351,0.5641,Oasis,Fade Away - Remastered,Definitely Maybe (Deluxe Edition Remastered),https://i.scdn.co/image/ab67616d00001e02d86a1e021e7acc7c07c7d668
0.157,0.415,Oasis,"Half The World Away - Live, Tokyo Hotel Room",Definitely Maybe (Deluxe Edition Remastered),https://i.scdn.co/image/ab67616d00001e02d86a1e021e7acc7c07c7d668
0.23,0.458,Oasis,Half The World Away - Remastered,Definitely Maybe (Deluxe Edition Remastered),https://i.scdn.co/image/ab67616d00001e02d86a1e021e7acc7c07c7d668
0.04,0.9769,Oasis,I Am The Walrus (Live Glasgow Cathouse June '94) - Remastered,Definitely Maybe (Deluxe Edition Remastered),https://i.scdn.co/image/ab67616d00001e02d86a1e021e7acc7c07c7d668
0.555,0.9799,Oasis,I Will Believe (Live) - Remastered,Definitely Maybe (Deluxe Edition Remastered),https://i.scdn.co/image/ab67616d00001e02d86a1e021e7acc7c07c7d668
0.335,0.861,Oasis,Listen Up - Remastered,Definitely Maybe (Deluxe Edition Remastered),https://i.scdn.co/image/ab67616d00001e02d86a1e021e7acc7c07c7d668
0.257,0.6329,Oasis,Live Forever - Live Paris In-Store,Definitely Maybe (Deluxe Edition Remastered),https://i.scdn.co/image/ab67616d00001e02d86a1e021e7acc7c07c7d668
0.19,0.822,Oasis,Live Forever - Remastered,Definitely Maybe (Deluxe Edition Remastered),https://i.scdn.co/image/ab67616d00001e02d86a1e021e7acc7c07c7d668
0.505,0.4659,Oasis,Married With Children - Demo,Definitely Maybe (Deluxe Edition Remastered),https://i.scdn.co/image/ab67616d00001e02d86a1e021e7acc7c07c7d668
0.305,0.4349,Oasis,Married With Children - Remastered,Definitely Maybe (Deluxe Edition Remastered),https://i.scdn.co/image/ab67616d00001e02d86a1e021e7acc7c07c7d668
0.43,0.9081,Oasis,Rock 'n' Roll Star - Demo,Definitely Maybe (Deluxe Edition Remastered),https://i.scdn.co/image/ab67616d00001e02d86a1e021e7acc7c07c7d668
0.481,0.97,Oasis,Rock 'n' Roll Star - Remastered,Definitely Maybe (Deluxe Edition Remastered),https://i.scdn.co/image/ab67616d00001e02d86a1e021e7acc7c07c7d668
0.262,0.4189,Oasis,Sad Song - Live at Manchester Academy,Definitely Maybe (Deluxe Edition Remastered),https://i.scdn.co/image/ab67616d00001e02d86a1e021e7acc7c07c7d668
0.161,0.5779,Oasis,Sad Song - Remastered,Definitely Maybe (Deluxe Edition Remastered),https://i.scdn.co/image/ab67616d00001e02d86a1e021e7acc7c07c7d668
0.233,0.733,Oasis,Shakermaker - Live Paris In-Store,Definitely Maybe (Deluxe Edition Remastered),https://i.scdn.co/image/ab67616d00001e02d86a1e021e7acc7c07c7d668
0.16,0.9289,Oasis,Shakermaker - Remastered,Definitely Maybe (Deluxe Edition Remastered),https://i.scdn.co/image/ab67616d00001e02d86a1e021e7acc7c07c7d668
0.264,0.943,Oasis,Slide Away - Remastered,Definitely Maybe (Deluxe Edition Remastered),https://i.scdn.co/image/ab67616d00001e02d86a1e021e7acc7c07c7d668
0.406,0.9811,Oasis,Strange Thing - Demo,Definitely Maybe (Deluxe Edition Remastered),https://i.scdn.co/image/ab67616d00001e02d86a1e021e7acc7c07c7d668
0.112,0.9689,Oasis,Supersonic (Live) - Remastered,Definitely Maybe (Deluxe Edition Remastered),https://i.scdn.co/image/ab67616d00001e02d86a1e021e7acc7c07c7d668
0.278,0.92,Oasis,Supersonic - Live at Glasgow Tramshed,Definitely Maybe (Deluxe Edition Remastered),https://i.scdn.co/image/ab67616d00001e02d86a1e021e7acc7c07c7d668
0.589,0.9131,Oasis,Supersonic - Remastered,Definitely Maybe (Deluxe Edition Remastered),https://i.scdn.co/image/ab67616d00001e02d86a1e021e7acc7c07c7d668
0.158,0.3709,Oasis,Take Me Away - Live at Manchester Academy,Definitely Maybe (Deluxe Edition Remastered),https://i.scdn.co/image/ab67616d00001e02d86a1e021e7acc7c07c7d668
0.123,0.33,Oasis,Take Me Away - Remastered,Definitely Maybe (Deluxe Edition Remastered),https://i.scdn.co/image/ab67616d00001e02d86a1e021e7acc7c07c7d668
0.341,0.7821,Oasis,Up In The Sky (Acoustic) - Remastered,Definitely Maybe (Deluxe Edition Remastered),https://i.scdn.co/image/ab67616d00001e02d86a1e021e7acc7c07c7d668
0.548,0.6871,Oasis,Up In The Sky - Live Paris In-Store,Definitely Maybe (Deluxe Edition Remastered),https://i.scdn.co/image/ab67616d00001e02d86a1e021e7acc7c07c7d668
0.341,0.9079,Oasis,Up In The Sky - Remastered,Definitely Maybe (Deluxe Edition Remastered),https://i.scdn.co/image/ab67616d00001e02d86a1e021e7acc7c07c7d668
0.306,0.902,Oasis,Whatever - Remastered,Definitely Maybe (Deluxe Edition Remastered),https://i.scdn.co/image/ab67616d00001e02d86a1e021e7acc7c07c7d668
0.713,0.321,Oasis,Whatever - Strings,Definitely Maybe (Deluxe Edition Remastered),https://i.scdn.co/image/ab67616d00001e02d86a1e021e7acc7c07c7d668
0.476,0.836,Oasis,(Get Off Your) High Horse Lady,Dig Out Your Soul,https://i.scdn.co/image/ab67616d00001e026ec43a073010b82164692d91
0.0893,0.9769,Oasis,Ain't Got Nothin',Dig Out Your Soul,https://i.scdn.co/image/ab67616d00001e026ec43a073010b82164692d91
0.345,0.8931,Oasis,Bag It Up,Dig Out Your Soul,https://i.scdn.co/image/ab67616d00001e026ec43a073010b82164692d91
0.236,0.964,Oasis,Falling Down,Dig Out Your Soul,https://i.scdn.co/image/ab67616d00001e026ec43a073010b82164692d91
0.0839,0.618,Oasis,I'm Outta Time,Dig Out Your Soul,https://i.scdn.co/image/ab67616d00001e026ec43a073010b82164692d91
0.633,0.7519,Oasis,Soldier On,Dig Out Your Soul,https://i.scdn.co/image/ab67616d00001e026ec43a073010b82164692d91
0.0529,0.8359,Oasis,The Nature Of Reality,Dig Out Your Soul,https://i.scdn.co/image/ab67616d00001e026ec43a073010b82164692d91
0.0374,0.953,Oasis,The Shock Of The Lightning,Dig Out Your Soul,https://i.scdn.co/image/ab67616d00001e026ec43a073010b82164692d91
0.191,0.9371,Oasis,The Turning,Dig Out Your Soul,https://i.scdn.co/image/ab67616d00001e026ec43a073010b82164692d91
0.623,0.848,Oasis,To Be Where There's Life,Dig Out Your Soul,https://i.scdn.co/image/ab67616d00001e026ec43a073010b82164692d91
0.338,0.849,Oasis,Waiting For The Rapture,Dig Out Your Soul,https://i.scdn.co/image/ab67616d00001e026ec43a073010b82164692d91
0.291,0.706,Oasis,A Bell Will Ring,Don't Believe The Truth,NA
0.28,0.684,Oasis,Guess God Thinks I'm Abel,Don't Believe The Truth,NA
0.107,0.8459,Oasis,Keep The Dream Alive,Don't Believe The Truth,NA
0.13,0.4681,Oasis,Let There Be Love,Don't Believe The Truth,NA
0.632,0.929,Oasis,Love Like A Bomb,Don't Believe The Truth,NA
0.332,0.9509,Oasis,Lyla,Don't Believe The Truth,NA
0.234,0.974,Oasis,Mucky Fingers,Don't Believe The Truth,NA
0.599,0.9869,Oasis,Part Of The Queue,Don't Believe The Truth,NA
0.585,0.8699,Oasis,The Importance Of Being Idle,Don't Believe The Truth,NA
0.366,0.999,Oasis,The Meaning Of Soul,Don't Believe The Truth,NA
0.123,0.8571,Oasis,Turn Up The Sun,Don't Believe The Truth,NA
0.12,0.9911,Oasis,"Acquiesce - Live at Wembley Stadium, July 2000",Familiar To Millions (Live),https://i.scdn.co/image/ab67616d00001e02491a56befae964e3599ad30e
0.112,0.8879,Oasis,"Champagne Supernova - Live at Wembley Stadium, July 2000",Familiar To Millions (Live),https://i.scdn.co/image/ab67616d00001e02491a56befae964e3599ad30e
0.175,0.9519,Oasis,"Cigarettes & Alcohol - Live at Wembley Stadium, July 2000",Familiar To Millions (Live),https://i.scdn.co/image/ab67616d00001e02491a56befae964e3599ad30e
0.232,0.94,Oasis,"Don't Look Back In Anger - Live at Wembley Stadium, July 2000",Familiar To Millions (Live),https://i.scdn.co/image/ab67616d00001e02491a56befae964e3599ad30e
0.131,0.9591,Oasis,"Fuckin' In The Bushes - Live at Wembley Stadium, July 2000",Familiar To Millions (Live),https://i.scdn.co/image/ab67616d00001e02491a56befae964e3599ad30e
0.354,0.9519,Oasis,"Gas Panic! - Live at Wembley Stadium, July 2000",Familiar To Millions (Live),https://i.scdn.co/image/ab67616d00001e02491a56befae964e3599ad30e
0.516,0.9379,Oasis,"Go Let It Out - Live at Wembley Stadium, July 2000",Familiar To Millions (Live),https://i.scdn.co/image/ab67616d00001e02491a56befae964e3599ad30e
0.159,0.9729,Oasis,"Helter Skelter - Live at Wembley Stadium, July 2000",Familiar To Millions (Live),https://i.scdn.co/image/ab67616d00001e02491a56befae964e3599ad30e
0.192,0.949,Oasis,"Hey Hey, My My (Into The Black) - Live at Wembley Stadium, July 2000",Familiar To Millions (Live),https://i.scdn.co/image/ab67616d00001e02491a56befae964e3599ad30e
0.22,0.947,Oasis,"Live Forever - Live at Wembley Stadium, July 2000",Familiar To Millions (Live),https://i.scdn.co/image/ab67616d00001e02491a56befae964e3599ad30e
0.0643,0.9961,Oasis,"Rock 'n' Roll Star - Live at Wembley Stadium, July 2000",Familiar To Millions (Live),https://i.scdn.co/image/ab67616d00001e02491a56befae964e3599ad30e
0.28,0.9871,Oasis,"Roll With It - Live at Wembley Stadium, July 2000",Familiar To Millions (Live),https://i.scdn.co/image/ab67616d00001e02491a56befae964e3599ad30e
0.146,0.951,Oasis,"Shakermaker - Live at Wembley Stadium, July 2000",Familiar To Millions (Live),https://i.scdn.co/image/ab67616d00001e02491a56befae964e3599ad30e
0.265,0.903,Oasis,"Stand By Me - Live at Wembley Stadium, July 2000",Familiar To Millions (Live),https://i.scdn.co/image/ab67616d00001e02491a56befae964e3599ad30e
0.286,0.9779,Oasis,"Step Out - Live at Wembley Stadium, July 2000",Familiar To Millions (Live),https://i.scdn.co/image/ab67616d00001e02491a56befae964e3599ad30e
0.192,0.9901,Oasis,"Supersonic - Live at Wembley Stadium, July 2000",Familiar To Millions (Live),https://i.scdn.co/image/ab67616d00001e02491a56befae964e3599ad30e
0.171,0.8779,Oasis,"Who Feels Love? - Live at Wembley Stadium, July 2000",Familiar To Millions (Live),https://i.scdn.co/image/ab67616d00001e02491a56befae964e3599ad30e
0.415,0.91,Oasis,"Wonderwall - Live at Wembley Stadium, July 2000",Familiar To Millions (Live),https://i.scdn.co/image/ab67616d00001e02491a56befae964e3599ad30e
0.214,0.7371,Oasis,(Probably) All In My Mind,Heathen Chemistry,https://i.scdn.co/image/ab67616d00001e02bd14866d69108524bc32fb37
0.358,0.7379,Oasis,A Quick Peep,Heathen Chemistry,https://i.scdn.co/image/ab67616d00001e02bd14866d69108524bc32fb37
0.224,1e-4,Oasis,Better Man,Heathen Chemistry,https://i.scdn.co/image/ab67616d00001e02bd14866d69108524bc32fb37
0.173,0.6901,Oasis,Born On A Different Cloud,Heathen Chemistry,https://i.scdn.co/image/ab67616d00001e02bd14866d69108524bc32fb37
0.626,0.7909,Oasis,Force Of Nature,Heathen Chemistry,https://i.scdn.co/image/ab67616d00001e02bd14866d69108524bc32fb37
0.274,0.967,Oasis,Hung In A Bad Place,Heathen Chemistry,https://i.scdn.co/image/ab67616d00001e02bd14866d69108524bc32fb37
0.141,0.6319,Oasis,Little By Little,Heathen Chemistry,https://i.scdn.co/image/ab67616d00001e02bd14866d69108524bc32fb37
0.506,0.642,Oasis,She Is Love,Heathen Chemistry,https://i.scdn.co/image/ab67616d00001e02bd14866d69108524bc32fb37
0.543,0.5611,Oasis,Songbird,Heathen Chemistry,https://i.scdn.co/image/ab67616d00001e02bd14866d69108524bc32fb37
0.0985,0.558,Oasis,Stop Crying Your Heart Out,Heathen Chemistry,https://i.scdn.co/image/ab67616d00001e02bd14866d69108524bc32fb37
0.36,0.939,Oasis,The Hindu Times,Heathen Chemistry,https://i.scdn.co/image/ab67616d00001e02bd14866d69108524bc32fb37
0.253,0.926,Oasis,"Acquiesce (Live at Knebworth, 10 August '96)",Knebworth 1996 (Live),https://i.scdn.co/image/ab67616d00001e02ca147e0b4e7823a9d2416562
0.321,0.8121,Oasis,"Cast No Shadow (Live at Knebworth, 10 August '96)",Knebworth 1996 (Live),https://i.scdn.co/image/ab67616d00001e02ca147e0b4e7823a9d2416562
0.206,0.8581,Oasis,"Champagne Supernova (Live at Knebworth, 11 August '96)",Knebworth 1996 (Live),https://i.scdn.co/image/ab67616d00001e02ca147e0b4e7823a9d2416562
0.25,0.9771,Oasis,"Cigarettes & Alcohol (Live at Knebworth, 10 August '96)",Knebworth 1996 (Live),https://i.scdn.co/image/ab67616d00001e02ca147e0b4e7823a9d2416562
0.196,0.8059,Oasis,"Columbia (Live at Knebworth, 10 August '96)",Knebworth 1996 (Live),https://i.scdn.co/image/ab67616d00001e02ca147e0b4e7823a9d2416562
0.223,0.9261,Oasis,"Don't Look Back In Anger (Live at Knebworth, 11 August '96)",Knebworth 1996 (Live),https://i.scdn.co/image/ab67616d00001e02ca147e0b4e7823a9d2416562
0.15,0.9619,Oasis,"Hello (Live at Knebworth, 11 August '96)",Knebworth 1996 (Live),https://i.scdn.co/image/ab67616d00001e02ca147e0b4e7823a9d2416562
0.0447,0.961,Oasis,"I Am The Walrus (Live at Knebworth, 11 August '96)",Knebworth 1996 (Live),https://i.scdn.co/image/ab67616d00001e02ca147e0b4e7823a9d2416562
0.198,0.9491,Oasis,"It's Gettin' Better (Man!!) (Live at Knebworth, 11 August '96)",Knebworth 1996 (Live),https://i.scdn.co/image/ab67616d00001e02ca147e0b4e7823a9d2416562
0.217,0.9461,Oasis,"Live Forever (Live at Knebworth, 10 August '96)",Knebworth 1996 (Live),https://i.scdn.co/image/ab67616d00001e02ca147e0b4e7823a9d2416562
0.194,0.9089,Oasis,"Morning Glory (Live at Knebworth, 11 August '96)",Knebworth 1996 (Live),https://i.scdn.co/image/ab67616d00001e02ca147e0b4e7823a9d2416562
0.329,0.9531,Oasis,"My Big Mouth (Live at Knebworth, 10 August '96)",Knebworth 1996 (Live),https://i.scdn.co/image/ab67616d00001e02ca147e0b4e7823a9d2416562
0.113,0.9429,Oasis,"Roll With It (Live at Knebworth, 11 August '96)",Knebworth 1996 (Live),https://i.scdn.co/image/ab67616d00001e02ca147e0b4e7823a9d2416562
0.132,0.933,Oasis,"Round Are Way (Live at Knebworth, 10 August '96)",Knebworth 1996 (Live),https://i.scdn.co/image/ab67616d00001e02ca147e0b4e7823a9d2416562
0.391,0.897,Oasis,"Slide Away (Live at Knebworth, 11 August '96)",Knebworth 1996 (Live),https://i.scdn.co/image/ab67616d00001e02ca147e0b4e7823a9d2416562
0.177,0.8691,Oasis,"Some Might Say (Live at Knebworth, 11 August '96)",Knebworth 1996 (Live),https://i.scdn.co/image/ab67616d00001e02ca147e0b4e7823a9d2416562
0.422,0.928,Oasis,"Supersonic (Live at Knebworth, 10 August '96)",Knebworth 1996 (Live),https://i.scdn.co/image/ab67616d00001e02ca147e0b4e7823a9d2416562
0.205,0.6341,Oasis,"The Masterplan (Live at Knebworth, 10 August '96)",Knebworth 1996 (Live),https://i.scdn.co/image/ab67616d00001e02ca147e0b4e7823a9d2416562
0.434,0.737,Oasis,"Whatever (Live at Knebworth, 10 August '96)",Knebworth 1996 (Live),https://i.scdn.co/image/ab67616d00001e02ca147e0b4e7823a9d2416562
0.502,0.852,Oasis,"Wonderwall (Live at Knebworth, 10 August '96)",Knebworth 1996 (Live),https://i.scdn.co/image/ab67616d00001e02ca147e0b4e7823a9d2416562
0.338,0.825,Oasis,Fuckin' in the Bushes,Standing On The Shoulder Of Giants,https://i.scdn.co/image/ab67616d00001e02946fa26d067b95468b686495
0.287,0.6641,Oasis,Gas Panic!,Standing On The Shoulder Of Giants,https://i.scdn.co/image/ab67616d00001e02946fa26d067b95468b686495
0.622,0.8571,Oasis,Go Let It Out,Standing On The Shoulder Of Giants,https://i.scdn.co/image/ab67616d00001e02946fa26d067b95468b686495
0.342,0.7601,Oasis,I Can See A Liar,Standing On The Shoulder Of Giants,https://i.scdn.co/image/ab67616d00001e02946fa26d067b95468b686495
0.113,0.59,Oasis,Little James,Standing On The Shoulder Of Giants,https://i.scdn.co/image/ab67616d00001e02946fa26d067b95468b686495
0.154,0.9309,Oasis,Put Yer Money Where Yer Mouth Is,Standing On The Shoulder Of Giants,https://i.scdn.co/image/ab67616d00001e02946fa26d067b95468b686495
0.219,0.6111,Oasis,Roll It Over,Standing On The Shoulder Of Giants,https://i.scdn.co/image/ab67616d00001e02946fa26d067b95468b686495
0.212,0.584,Oasis,Sunday Morning Call,Standing On The Shoulder Of Giants,https://i.scdn.co/image/ab67616d00001e02946fa26d067b95468b686495
0.39,0.7079,Oasis,Where Did It All Go Wrong?,Standing On The Shoulder Of Giants,https://i.scdn.co/image/ab67616d00001e02946fa26d067b95468b686495
0.312,0.801,Oasis,Who Feels Love?,Standing On The Shoulder Of Giants,https://i.scdn.co/image/ab67616d00001e02946fa26d067b95468b686495
0.377,0.8421,Oasis,All Around the World,Time Flies… (1994 - 2009),https://i.scdn.co/image/ab67616d00001e02a7a6c0d5395257365d27e214
0.466,0.865,Oasis,Cigarettes & Alcohol,Time Flies… (1994 - 2009),https://i.scdn.co/image/ab67616d00001e02a7a6c0d5395257365d27e214
0.216,0.885,Oasis,D'You Know What I Mean?,Time Flies… (1994 - 2009),https://i.scdn.co/image/ab67616d00001e02a7a6c0d5395257365d27e214
0.206,0.917,Oasis,Don't Look Back In Anger,Time Flies… (1994 - 2009),https://i.scdn.co/image/ab67616d00001e02a7a6c0d5395257365d27e214
0.236,0.9639,Oasis,Falling Down,Time Flies… (1994 - 2009),https://i.scdn.co/image/ab67616d00001e02a7a6c0d5395257365d27e214
0.622,0.8571,Oasis,Go Let It Out,Time Flies… (1994 - 2009),https://i.scdn.co/image/ab67616d00001e02a7a6c0d5395257365d27e214
0.0839,0.618,Oasis,I'm Outta Time,Time Flies… (1994 - 2009),https://i.scdn.co/image/ab67616d00001e02a7a6c0d5395257365d27e214
0.13,0.468,Oasis,Let There Be Love,Time Flies… (1994 - 2009),https://i.scdn.co/image/ab67616d00001e02a7a6c0d5395257365d27e214
0.141,0.6321,Oasis,Little By Little,Time Flies… (1994 - 2009),https://i.scdn.co/image/ab67616d00001e02a7a6c0d5395257365d27e214
0.198,0.7689,Oasis,Live Forever,Time Flies… (1994 - 2009),https://i.scdn.co/image/ab67616d00001e02a7a6c0d5395257365d27e214
0.48,0.8701,Oasis,Lord Don't Slow Me Down,Time Flies… (1994 - 2009),https://i.scdn.co/image/ab67616d00001e02a7a6c0d5395257365d27e214
0.332,0.9511,Oasis,Lyla,Time Flies… (1994 - 2009),https://i.scdn.co/image/ab67616d00001e02a7a6c0d5395257365d27e214
0.228,0.985,Oasis,Roll With It,Time Flies… (1994 - 2009),https://i.scdn.co/image/ab67616d00001e02a7a6c0d5395257365d27e214
0.197,0.911,Oasis,Shakermaker,Time Flies… (1994 - 2009),https://i.scdn.co/image/ab67616d00001e02a7a6c0d5395257365d27e214
0.506,0.642,Oasis,She Is Love,Time Flies… (1994 - 2009),https://i.scdn.co/image/ab67616d00001e02a7a6c0d5395257365d27e214
0.0688,0.935,Oasis,Some Might Say,Time Flies… (1994 - 2009),https://i.scdn.co/image/ab67616d00001e02a7a6c0d5395257365d27e214
0.543,0.5609,Oasis,Songbird,Time Flies… (1994 - 2009),https://i.scdn.co/image/ab67616d00001e02a7a6c0d5395257365d27e214
0.362,0.848,Oasis,Stand By Me,Time Flies… (1994 - 2009),https://i.scdn.co/image/ab67616d00001e02a7a6c0d5395257365d27e214
0.0985,0.558,Oasis,Stop Crying Your Heart Out,Time Flies… (1994 - 2009),https://i.scdn.co/image/ab67616d00001e02a7a6c0d5395257365d27e214
0.689,0.8771,Oasis,Supersonic,Time Flies… (1994 - 2009),https://i.scdn.co/image/ab67616d00001e02a7a6c0d5395257365d27e214
0.36,0.939,Oasis,The Hindu Times,Time Flies… (1994 - 2009),https://i.scdn.co/image/ab67616d00001e02a7a6c0d5395257365d27e214
0.585,0.87,Oasis,The Importance Of Being Idle,Time Flies… (1994 - 2009),https://i.scdn.co/image/ab67616d00001e02a7a6c0d5395257365d27e214
0.0374,0.953,Oasis,The Shock Of The Lightning,Time Flies… (1994 - 2009),https://i.scdn.co/image/ab67616d00001e02a7a6c0d5395257365d27e214
0.344,0.887,Oasis,Whatever,Time Flies… (1994 - 2009),https://i.scdn.co/image/ab67616d00001e02a7a6c0d5395257365d27e214
0.312,0.8011,Oasis,Who Feels Love?,Time Flies… (1994 - 2009),https://i.scdn.co/image/ab67616d00001e02a7a6c0d5395257365d27e214
0.456,0.854,Oasis,Wonderwall,Time Flies… (1994 - 2009),https://i.scdn.co/image/ab67616d00001e02a7a6c0d5395257365d27e214
